Date,DayOfWeek,DayType,TotalOrders,Beef Bulalo,Pancit Bihon Guisado,Crispy Chicharon Bulaklak,Crispy Dinakdakan,Crispy Sisig Barkada,Calamares,Pancit Canton Guisado,Shanghai,Garlic Butter Bangus,Crispy Bagnet,CM1 Egg + Rice + Hungarian + Sisig,CM2 Egg + Rice + Nuggets + Sisig,CM3 Egg + Rice + Shanghai + Sisig,CM4 Egg + Rice + Bagnet + Nuggets,CM5 Egg + Rice + Bagnet + Sisig,CM6 Egg + Rice + Hotdog + Sisig,CM7 Egg + Rice + Bagnet + Hotdog,CM8 Egg + Rice + Bagnet + Hungarian,Sisilog,Bagnetsilog,Hungarian Silog,Shanghaisilog,Nuggets Silog,Hotsilog,Siomaisilog,Siomairice,Dinakdakansilog,Chicksilog,Bangsilog,Porksilog,4 in 1,Double Cheese,Shawarma,Hawaiian,Beefy Mushroom,Ham and Cheese,Bacon,Pepperoni,Sarap,exported_at
2022-01-01,Saturday,Weekend,436.0,5.0,32.0,17.0,11.0,4.0,2.0,1.0,25,11.0,21.0,0,45.0,26.0,4.0,2.0,2,5.0,9,6,5.0,14.0,2,5.0,6,6,20,4.0,9.0,12.0,1,11,2.0,1.0,33,34,26,5,1,11.0,2026-07-17 21:15:14
2022-01-02,Sunday,Weekend,259.0,4.0,1.0,6.0,0.0,24.0,1.0,7.0,3,4.0,7.0,1,22.0,9.0,15.0,15.0,6,14.0,1,1,0.0,3.0,3,2.0,13,3,2,5.0,1.0,9.0,1,25,8.0,1.0,0,12,10,9,10,1.0,2026-07-17 21:15:14
2022-01-03,Monday,Weekday,150.0,2.0,1.0,8.0,5.0,3.0,0.0,2.0,2,6.0,7.0,10,3.0,1.0,6.0,6.0,3,6.0,3,4,3.0,0.0,1,0.0,5,2,3,10.0,1.0,2.0,5,1,0.0,1.0,1,10,9,4,8,6.0,2026-07-17 21:15:14
2022-01-04,Tuesday,Weekday,191.0,2.0,9.0,3.0,8.0,17.0,2.0,1.0,1,2.0,12.0,12,0.0,3.0,2.0,1.0,1,3.0,15,3,4.0,5.0,3,17.0,16,1,3,3.0,1.0,0.0,4,3,0.0,1.0,9,1,2,4,16,1.0,2026-07-17 21:15:14
2022-01-05,Wednesday,Weekday,201.0,7.0,8.0,1.0,7.0,4.0,5.0,5.0,5,0.0,15.0,2,1.0,0.0,5.0,7.0,0,5.0,1,5,1.0,6.0,3,16.0,1,2,1,15.0,12.0,1.0,6,7,4.0,4.0,1,0,18,13,5,2.0,2026-07-17 21:15:14
2022-01-06,Thursday,Weekday,219.0,3.0,7.0,15.0,11.0,13.0,6.0,0.0,1,14.0,6.0,0,0.0,8.0,0.0,1.0,6,7.0,7,1,7.0,1.0,2,8.0,7,11,5,6.0,0.0,2.0,1,1,18.0,2.0,10,7,13,4,4,4.0,2026-07-17 21:15:14
2022-01-07,Friday,Weekday,236.0,2.0,5.0,2.0,0.0,7.0,1.0,11.0,17,11.0,2.0,0,14.0,3.0,17.0,17.0,8,1.0,3,7,2.0,1.0,4,12.0,7,5,0,3.0,22.0,0.0,3,8,6.0,5.0,6,1,2,7,5,9.0,2026-07-17 21:15:14
2022-01-08,Saturday,Weekend,349.0,20.0,7.0,8.0,17.0,14.0,9.0,17.0,23,5.0,8.0,1,10.0,0.0,6.0,9.0,3,10.0,0,0,20.0,5.0,2,9.0,16,2,11,1.0,1.0,8.0,10,9,10.0,30.0,6,4,27,4,6,1.0,2026-07-17 21:15:14
2022-01-09,Sunday,Weekend,340.0,0.0,25.0,19.0,14.0,10.0,2.0,2.0,3,11.0,20.0,11,3.0,38.0,14.0,9.0,13,5.0,3,6,17.0,0.0,2,1.0,1,21,12,8.0,1.0,7.0,9,2,6.0,5.0,8,10,1,5,9,7.0,2026-07-17 21:15:14
2022-01-10,Monday,Weekday,166.0,8.0,4.0,1.0,0.0,9.0,0.0,5.0,12,3.0,3.0,5,3.0,5.0,12.0,2.0,15,10.0,1,0,0.0,0.0,0,4.0,0,2,8,0.0,9.0,1.0,1,5,3.0,8.0,5,7,2,1,5,7.0,2026-07-17 21:15:14
2022-01-11,Tuesday,Weekday,219.0,21.0,2.0,3.0,8.0,4.0,11.0,8.0,3,5.0,10.0,0,12.0,4.0,8.0,1.0,10,3.0,0,10,0.0,1.0,16,14.0,4,6,3,1.0,1.0,5.0,7,7,6.0,0.0,3,0,6,3,10,3.0,2026-07-17 21:15:14
2022-01-12,Wednesday,Weekday,218.0,2.0,2.0,8.0,7.0,0.0,0.0,7.0,0,9.0,10.0,0,0.0,21.0,3.0,3.0,8,16.0,23,9,3.0,0.0,7,3.0,3,10,1,4.0,0.0,4.0,0,1,1.0,4.0,7,5,24,3,1,9.0,2026-07-17 21:15:14
2022-01-13,Thursday,Weekday,217.0,2.0,12.0,0.0,16.0,0.0,8.0,3.0,19,0.0,6.0,15,3.0,4.0,5.0,3.0,5,4.0,10,0,2.0,13.0,9,3.0,4,1,1,3.0,1.0,4.0,0,11,16.0,5.0,3,1,10,5,1,9.0,2026-07-17 21:15:14
2022-01-14,Friday,Weekday,241.0,6.0,10.0,6.0,5.0,3.0,8.0,7.0,0,0.0,2.0,9,17.0,0.0,4.0,1.0,13,9.0,8,3,1.0,1.0,0,8.0,7,32,23,3.0,5.0,11.0,7,1,3.0,0.0,11,5,3,5,3,1.0,2026-07-17 21:15:14
2022-01-15,Saturday,Weekend,354.0,1.0,9.0,8.0,16.0,11.0,16.0,6.0,8,18.0,6.0,1,0.0,13.0,9.0,9.0,2,2.0,0,3,8.0,4.0,5,20.0,3,6,12,5.0,8.0,16.0,26,2,23.0,5.0,3,6,48,7,3,6.0,2026-07-17 21:15:14
2022-01-16,Sunday,Weekend,201.0,2.0,1.0,1.0,1.0,3.0,1.0,10.0,1,3.0,28.0,5,8.0,2.0,2.0,1.0,2,3.0,2,1,1.0,5.0,2,4.0,6,11,1,12.0,8.0,1.0,18,16,1.0,3.0,12,12,2,2,3,4.0,2026-07-17 21:15:14
2022-01-17,Monday,Weekday,151.0,5.0,2.0,3.0,6.0,0.0,2.0,6.0,10,3.0,5.0,1,3.0,4.0,1.0,2.0,3,0.0,1,1,2.0,1.0,11,5.0,5,8,4,0.0,3.0,4.0,8,2,1.0,2.0,2,6,6,2,17,4.0,2026-07-17 21:15:14
2022-01-18,Tuesday,Weekday,319.0,2.0,0.0,1.0,4.0,3.0,2.0,5.0,2,25.0,0.0,7,6.0,42.0,2.0,6.0,42,21.0,15,4,2.0,11.0,23,9.0,9,3,14,2.0,3.0,6.0,6,3,2.0,9.0,3,9,3,7,6,0.0,2026-07-17 21:15:14
2022-01-19,Wednesday,Weekday,278.0,1.0,0.0,0.0,28.0,6.0,10.0,2.0,9,11.0,10.0,5,4.0,3.0,18.0,11.0,23,2.0,7,18,1.0,0.0,9,6.0,13,2,10,2.0,1.0,2.0,12,5,5.0,3.0,11,3,16,3,2,4.0,2026-07-17 21:15:14
2022-01-20,Thursday,Weekday,304.0,1.0,6.0,4.0,1.0,30.0,3.0,6.0,20,9.0,2.0,21,8.0,3.0,1.0,12.0,9,6.0,18,11,2.0,3.0,2,12.0,0,7,11,19.0,3.0,14.0,2,12,1.0,3.0,11,2,2,12,9,6.0,2026-07-17 21:15:14
2022-01-21,Friday,Weekday,365.0,5.0,4.0,2.0,5.0,3.0,18.0,6.0,4,4.0,31.0,1,7.0,6.0,7.0,0.0,17,21.0,6,9,24.0,11.0,3,7.0,9,4,12,20.0,19.0,5.0,0,24,12.0,1.0,20,16,11,7,4,0.0,2026-07-17 21:15:14
2022-01-22,Saturday,Weekend,601.0,6.0,26.0,0.0,8.0,11.0,13.0,48.0,7,7.0,34.0,9,5.0,10.0,2.0,3.0,12,9.0,48,8,14.0,17.0,0,18.0,2,56,3,9.0,1.0,105.0,11,12,1.0,23.0,3,40,7,3,0,10.0,2026-07-17 21:15:14
2022-01-23,Sunday,Weekend,203.0,5.0,1.0,10.0,5.0,7.0,3.0,4.0,5,1.0,2.0,13,20.0,4.0,2.0,6.0,4,0.0,1,11,8.0,0.0,2,2.0,9,0,1,12.0,2.0,8.0,2,1,2.0,7.0,12,15,5,8,1,2.0,2026-07-17 21:15:14
2022-01-24,Monday,Weekday,247.0,12.0,0.0,0.0,1.0,0.0,1.0,5.0,4,16.0,15.0,3,1.0,2.0,5.0,2.0,8,4.0,5,5,3.0,19.0,9,1.0,13,4,14,12.0,4.0,0.0,3,3,6.0,1.0,1,12,45,5,1,2.0,2026-07-17 21:15:14
2022-01-25,Tuesday,Weekday,183.0,0.0,11.0,1.0,5.0,3.0,3.0,5.0,10,1.0,0.0,1,13.0,12.0,6.0,5.0,8,1.0,15,3,2.0,5.0,0,1.0,6,0,5,1.0,3.0,3.0,3,6,2.0,3.0,3,6,20,10,1,0.0,2026-07-17 21:15:14
2022-01-26,Wednesday,Weekday,142.0,0.0,3.0,0.0,3.0,6.0,1.0,4.0,0,0.0,6.0,3,5.0,2.0,1.0,5.0,7,4.0,1,3,2.0,0.0,9,1.0,9,2,1,3.0,8.0,5.0,6,3,4.0,6.0,1,2,1,17,8,0.0,2026-07-17 21:15:14
2022-01-27,Thursday,Weekday,144.0,2.0,6.0,1.0,2.0,13.0,0.0,4.0,1,9.0,16.0,9,2.0,6.0,6.0,1.0,5,0.0,3,1,1.0,0.0,4,2.0,4,0,1,3.0,5.0,1.0,3,6,3.0,1.0,0,7,0,7,2,7.0,2026-07-17 21:15:14
2022-01-28,Friday,Weekday,253.0,5.0,23.0,2.0,8.0,4.0,2.0,5.0,11,22.0,9.0,3,3.0,6.0,2.0,0.0,2,1.0,2,2,0.0,0.0,20,3.0,3,6,1,16.0,7.0,0.0,3,9,15.0,3.0,4,1,31,2,13,4.0,2026-07-17 21:15:14
2022-01-29,Saturday,Weekend,420.0,7.0,5.0,1.0,2.0,3.0,2.0,18.0,5,1.0,44.0,24,27.0,46.0,2.0,5.0,13,13.0,2,20,2.0,2.0,6,8.0,9,1,23,4.0,1.0,25.0,31,13,14.0,8.0,6,1,8,5,2,11.0,2026-07-17 21:15:14
2022-01-30,Sunday,Weekend,406.0,6.0,1.0,2.0,11.0,2.0,14.0,8.0,8,10.0,24.0,3,13.0,8.0,3.0,24.0,15,11.0,19,19,11.0,16.0,11,10.0,9,15,2,17.0,20.0,0.0,19,1,4.0,11.0,2,18,28,9,0,2.0,2026-07-17 21:15:14
2022-01-31,Monday,Weekday,148.0,3.0,11.0,3.0,1.0,6.0,2.0,6.0,0,5.0,4.0,11,2.0,3.0,9.0,0.0,10,4.0,0,1,4.0,0.0,3,2.0,4,0,6,13.0,10.0,4.0,1,5,0.0,0.0,1,2,7,3,1,1.0,2026-07-17 21:15:14
2022-02-01,Tuesday,Weekday,174.0,17.0,1.0,2.0,1.0,9.0,4.0,1.0,0,4.0,6.0,1,12.0,1.0,2.0,11.0,1,5.0,2,1,17.0,2.0,8,1.0,1,0,4,2.0,7.0,2.0,13,1,7.0,5.0,5,7,6,4,1,0.0,2026-07-17 21:15:14
2022-02-02,Wednesday,Weekday,187.0,13.0,5.0,10.0,5.0,2.0,1.0,7.0,4,1.0,6.0,0,5.0,2.0,9.0,2.0,5,0.0,0,2,4.0,6.0,2,8.0,13,8,0,4.0,1.0,3.0,29,1,4.0,5.0,7,5,0,3,4,1.0,2026-07-17 21:15:14
2022-02-03,Thursday,Weekday,158.0,2.0,1.0,1.0,2.0,1.0,3.0,5.0,7,1.0,1.0,1,5.0,5.0,0.0,13.0,0,4.0,5,10,5.0,7.0,2,8.0,0,10,3,9.0,2.0,4.0,3,5,0.0,0.0,1,1,15,1,14,1.0,2026-07-17 21:15:14
2022-02-04,Friday,Weekday,148.0,1.0,4.0,3.0,2.0,4.0,3.0,1.0,18,12.0,5.0,1,3.0,0.0,0.0,1.0,2,6.0,5,6,2.0,1.0,2,13.0,0,7,3,2.0,4.0,2.0,5,5,2.0,1.0,2,8,2,3,3,4.0,2026-07-17 21:15:14
2022-02-05,Saturday,Weekend,284.0,2.0,8.0,20.0,1.0,3.0,25.0,2.0,17,5.0,4.0,14,5.0,6.0,3.0,8.0,1,5.0,33,2,11.0,3.0,13,1.0,27,4,2,1.0,1.0,6.0,4,12,3.0,2.0,8,11,2,1,0,8.0,2026-07-17 21:15:14
2022-02-06,Sunday,Weekend,397.0,8.0,4.0,19.0,16.0,14.0,17.0,2.0,1,4.0,2.0,8,27.0,0.0,1.0,6.0,22,5.0,7,0,2.0,42.0,26,0.0,29,10,23,6.0,6.0,7.0,12,1,0.0,3.0,11,2,13,33,1,7.0,2026-07-17 21:15:14
2022-02-07,Monday,Weekday,159.0,2.0,5.0,1.0,4.0,9.0,7.0,3.0,2,3.0,8.0,3,0.0,8.0,3.0,4.0,1,3.0,2,3,0.0,3.0,23,0.0,12,2,5,4.0,3.0,4.0,6,2,1.0,2.0,4,5,7,2,3,0.0,2026-07-17 21:15:14
2022-02-08,Tuesday,Weekday,178.0,5.0,1.0,2.0,3.0,5.0,6.0,2.0,3,2.0,5.0,1,0.0,4.0,7.0,6.0,3,3.0,11,4,4.0,0.0,2,3.0,3,6,4,4.0,9.0,11.0,7,12,0.0,1.0,0,6,19,2,12,0.0,2026-07-17 21:15:14
2022-02-09,Wednesday,Weekday,192.0,11.0,2.0,0.0,4.0,2.0,2.0,3.0,9,5.0,3.0,5,7.0,1.0,2.0,1.0,1,6.0,1,3,9.0,1.0,5,1.0,21,3,8,5.0,0.0,6.0,16,4,8.0,11.0,1,1,6,2,7,9.0,2026-07-17 21:15:14
2022-02-10,Thursday,Weekday,264.0,1.0,1.0,11.0,3.0,18.0,4.0,9.0,2,7.0,6.0,7,2.0,12.0,16.0,2.0,2,0.0,8,7,6.0,1.0,5,8.0,5,31,2,9.0,5.0,4.0,10,7,26.0,1.0,1,10,12,3,0,0.0,2026-07-17 21:15:14
2022-02-11,Friday,Weekday,376.0,19.0,2.0,6.0,3.0,7.0,0.0,7.0,0,17.0,2.0,9,25.0,11.0,6.0,4.0,4,13.0,58,11,7.0,11.0,7,0.0,7,28,3,13.0,3.0,9.0,0,5,11.0,4.0,10,15,33,1,4,1.0,2026-07-17 21:15:14
2022-02-12,Saturday,Weekend,412.0,27.0,18.0,5.0,17.0,9.0,6.0,1.0,13,1.0,18.0,13,10.0,0.0,4.0,3.0,4,1.0,21,8,3.0,4.0,5,8.0,6,23,6,46.0,17.0,2.0,25,1,13.0,4.0,14,18,19,15,3,1.0,2026-07-17 21:15:14
2022-02-13,Sunday,Weekend,318.0,3.0,1.0,9.0,3.0,43.0,6.0,15.0,1,15.0,29.0,6,7.0,11.0,2.0,5.0,3,2.0,4,1,0.0,1.0,29,6.0,23,4,3,5.0,4.0,1.0,8,1,7.0,6.0,1,1,14,5,1,32.0,2026-07-17 21:15:14
2022-02-14,Monday,Weekday,165.0,0.0,5.0,21.0,1.0,2.0,1.0,2.0,1,5.0,0.0,2,24.0,7.0,4.0,2.0,4,4.0,3,1,12.0,3.0,1,2.0,3,8,6,8.0,0.0,2.0,2,0,1.0,6.0,1,4,2,0,1,14.0,2026-07-17 21:15:14
2022-02-15,Tuesday,Weekday,232.0,8.0,16.0,3.0,1.0,7.0,3.0,12.0,0,4.0,2.0,2,9.0,3.0,2.0,3.0,3,11.0,15,19,10.0,2.0,6,4.0,1,12,0,14.0,5.0,6.0,7,11,5.0,4.0,0,3,1,9,3,6.0,2026-07-17 21:15:14
2022-02-16,Wednesday,Weekday,175.0,1.0,1.0,5.0,0.0,0.0,0.0,19.0,7,3.0,2.0,2,8.0,5.0,1.0,1.0,1,4.0,7,2,0.0,0.0,11,2.0,6,6,2,1.0,1.0,4.0,8,4,3.0,0.0,16,7,2,25,4,4.0,2026-07-17 21:15:14
2022-02-17,Thursday,Weekday,185.0,4.0,6.0,5.0,1.0,4.0,9.0,1.0,2,2.0,4.0,5,12.0,1.0,0.0,1.0,9,5.0,1,7,8.0,8.0,10,1.0,6,3,8,6.0,7.0,5.0,1,3,14.0,10.0,0,1,2,6,6,1.0,2026-07-17 21:15:14
2022-02-18,Friday,Weekday,199.0,4.0,7.0,6.0,5.0,8.0,3.0,3.0,5,5.0,14.0,6,8.0,1.0,4.0,0.0,1,7.0,29,0,2.0,7.0,1,5.0,8,4,1,2.0,8.0,6.0,0,6,0.0,6.0,1,17,3,3,1,2.0,2026-07-17 21:15:14
2022-02-19,Saturday,Weekend,579.0,27.0,78.0,7.0,9.0,27.0,27.0,16.0,8,10.0,28.0,0,12.0,7.0,24.0,1.0,13,10.0,17,1,14.0,13.0,16,16.0,17,31,5,28.0,11.0,1.0,1,5,18.0,18.0,22,12,13,4,5,7.0,2026-07-17 21:15:14
2022-02-20,Sunday,Weekend,398.0,2.0,3.0,10.0,12.0,91.0,20.0,9.0,6,9.0,23.0,1,4.0,18.0,5.0,7.0,8,2.0,5,4,0.0,0.0,17,2.0,7,4,26,3.0,6.0,24.0,18,2,13.0,5.0,6,1,2,13,5,5.0,2026-07-17 21:15:14
2022-02-21,Monday,Weekday,148.0,5.0,5.0,2.0,4.0,1.0,4.0,5.0,13,0.0,0.0,1,1.0,1.0,10.0,1.0,1,6.0,3,7,0.0,3.0,0,0.0,8,1,3,2.0,2.0,10.0,0,4,10.0,3.0,10,0,2,1,4,15.0,2026-07-17 21:15:14
2022-02-22,Tuesday,Weekday,199.0,4.0,5.0,1.0,4.0,6.0,19.0,6.0,3,1.0,2.0,1,2.0,12.0,4.0,5.0,1,10.0,7,0,8.0,5.0,0,4.0,3,1,20,12.0,7.0,4.0,3,5,5.0,0.0,4,10,5,0,9,1.0,2026-07-17 21:15:14
2022-02-23,Wednesday,Weekday,203.0,2.0,1.0,3.0,7.0,6.0,1.0,11.0,10,10.0,2.0,3,21.0,8.0,0.0,0.0,2,12.0,4,4,0.0,5.0,7,3.0,7,17,1,4.0,1.0,6.0,4,4,6.0,2.0,11,4,2,5,5,2.0,2026-07-17 21:15:14
2022-02-24,Thursday,Weekday,216.0,8.0,9.0,1.0,19.0,2.0,1.0,1.0,10,5.0,2.0,3,6.0,0.0,10.0,7.0,5,16.0,3,17,5.0,6.0,1,8.0,2,1,0,5.0,4.0,6.0,13,0,6.0,1.0,9,9,6,6,1,2.0,2026-07-17 21:15:14
2022-02-25,Friday,Weekday,283.0,13.0,5.0,3.0,5.0,20.0,3.0,1.0,10,16.0,2.0,2,1.0,4.0,4.0,12.0,9,9.0,3,15,4.0,34.0,9,2.0,10,4,12,0.0,2.0,19.0,1,12,4.0,7.0,10,6,5,2,0,3.0,2026-07-17 21:15:14
2022-02-26,Saturday,Weekend,565.0,12.0,30.0,23.0,16.0,28.0,9.0,4.0,29,13.0,15.0,1,8.0,7.0,26.0,10.0,6,44.0,1,7,0.0,17.0,29,3.0,29,4,27,19.0,21.0,0.0,37,15,5.0,16.0,3,26,2,15,7,1.0,2026-07-17 21:15:14
2022-02-27,Sunday,Weekend,652.0,6.0,0.0,11.0,4.0,22.0,5.0,5.0,22,0.0,58.0,34,21.0,16.0,36.0,3.0,1,5.0,25,0,16.0,83.0,34,14.0,2,23,16,1.0,2.0,42.0,17,22,28.0,12.0,10,9,8,11,18,10.0,2026-07-17 21:15:14
2022-02-28,Monday,Weekday,376.0,27.0,8.0,17.0,15.0,17.0,12.0,5.0,10,2.0,8.0,9,11.0,44.0,11.0,16.0,8,13.0,0,5,7.0,8.0,0,2.0,5,49,3,10.0,3.0,12.0,5,2,7.0,0.0,0,3,0,2,3,17.0,2026-07-17 21:15:14
2022-03-01,Tuesday,Weekday,283.0,6.0,3.0,4.0,22.0,4.0,0.0,9.0,1,4.0,7.0,18,5.0,12.0,40.0,1.0,4,3.0,5,5,15.0,10.0,7,3.0,13,25,15,0.0,7.0,0.0,2,0,5.0,8.0,1,3,7,4,1,4.0,2026-07-17 21:15:14
2022-03-02,Wednesday,Weekday,240.0,7.0,0.0,0.0,2.0,35.0,8.0,8.0,2,6.0,0.0,7,17.0,8.0,17.0,11.0,1,16.0,0,6,1.0,0.0,3,2.0,3,6,0,1.0,5.0,2.0,9,6,13.0,7.0,3,8,3,3,10,4.0,2026-07-17 21:15:14
2022-03-03,Thursday,Weekday,195.0,6.0,6.0,11.0,14.0,5.0,2.0,5.0,2,4.0,9.0,7,3.0,1.0,3.0,1.0,13,3.0,1,0,5.0,6.0,3,0.0,4,3,7,6.0,3.0,1.0,25,3,6.0,1.0,3,0,4,17,2,0.0,2026-07-17 21:15:14
2022-03-04,Friday,Weekday,282.0,0.0,2.0,1.0,0.0,17.0,4.0,3.0,16,1.0,32.0,3,17.0,6.0,12.0,35.0,3,21.0,3,3,3.0,6.0,2,6.0,5,9,13,5.0,3.0,1.0,2,0,3.0,1.0,21,7,5,6,1,4.0,2026-07-17 21:15:14
2022-03-05,Saturday,Weekend,280.0,6.0,3.0,3.0,28.0,18.0,5.0,5.0,6,1.0,4.0,0,5.0,5.0,1.0,23.0,13,8.0,5,13,1.0,10.0,1,11.0,2,12,18,1.0,3.0,23.0,5,10,4.0,2.0,2,1,13,3,3,3.0,2026-07-17 21:15:14
2022-03-06,Sunday,Weekend,406.0,8.0,12.0,34.0,4.0,22.0,11.0,5.0,21,2.0,2.0,17,5.0,16.0,19.0,1.0,15,5.0,6,8,23.0,0.0,5,9.0,10,10,1,3.0,3.0,14.0,3,2,21.0,0.0,46,8,23,3,0,9.0,2026-07-17 21:15:14
2022-03-07,Monday,Weekday,247.0,9.0,8.0,1.0,10.0,16.0,5.0,11.0,12,8.0,0.0,3,0.0,5.0,4.0,0.0,2,1.0,10,22,0.0,19.0,5,3.0,0,5,10,9.0,0.0,0.0,4,2,1.0,2.0,11,16,6,20,2,5.0,2026-07-17 21:15:14
2022-03-08,Tuesday,Weekday,246.0,0.0,6.0,29.0,7.0,7.0,6.0,1.0,15,6.0,6.0,8,9.0,0.0,10.0,3.0,9,15.0,11,8,6.0,1.0,13,3.0,6,3,1,9.0,0.0,11.0,3,0,4.0,0.0,3,11,0,14,0,2.0,2026-07-17 21:15:14
2022-03-09,Wednesday,Weekday,181.0,6.0,2.0,0.0,2.0,1.0,7.0,2.0,6,10.0,3.0,11,2.0,15.0,0.0,7.0,3,3.0,3,5,0.0,1.0,6,5.0,15,7,14,6.0,1.0,0.0,7,3,0.0,1.0,14,4,3,3,1,2.0,2026-07-17 21:15:14
2022-03-10,Thursday,Weekday,156.0,3.0,0.0,8.0,2.0,12.0,9.0,1.0,6,3.0,14.0,1,7.0,5.0,2.0,1.0,5,6.0,2,6,3.0,7.0,1,11.0,2,3,0,1.0,4.0,2.0,10,0,2.0,3.0,0,1,3,4,3,3.0,2026-07-17 21:15:14
2022-03-11,Friday,Weekday,288.0,6.0,0.0,5.0,27.0,9.0,7.0,4.0,12,11.0,7.0,27,2.0,0.0,10.0,13.0,2,2.0,0,4,15.0,4.0,4,3.0,0,4,9,33.0,15.0,0.0,15,10,10.0,4.0,3,4,0,2,1,4.0,2026-07-17 21:15:14
2022-03-12,Saturday,Weekend,539.0,13.0,5.0,1.0,42.0,55.0,16.0,60.0,8,40.0,1.0,5,3.0,3.0,1.0,10.0,16,11.0,3,23,12.0,7.0,15,4.0,5,30,5,7.0,28.0,18.0,1,3,0.0,8.0,6,1,54,10,2,7.0,2026-07-17 21:15:14
2022-03-13,Sunday,Weekend,264.0,5.0,1.0,1.0,7.0,4.0,2.0,3.0,0,1.0,3.0,1,0.0,9.0,19.0,8.0,9,1.0,15,1,16.0,25.0,6,19.0,4,1,3,4.0,1.0,4.0,19,1,7.0,9.0,13,16,4,16,5,1.0,2026-07-17 21:15:14
2022-03-14,Monday,Weekday,216.0,4.0,5.0,1.0,5.0,10.0,1.0,5.0,8,4.0,0.0,0,2.0,14.0,1.0,6.0,1,3.0,10,7,0.0,3.0,0,4.0,6,1,1,2.0,13.0,30.0,0,6,2.0,2.0,6,16,23,5,2,7.0,2026-07-17 21:15:14
2022-03-15,Tuesday,Weekday,287.0,3.0,6.0,3.0,8.0,3.0,1.0,22.0,2,4.0,2.0,0,0.0,2.0,18.0,3.0,20,8.0,5,6,6.0,13.0,3,5.0,20,25,20,5.0,14.0,7.0,4,1,7.0,1.0,3,17,3,0,0,17.0,2026-07-17 21:15:14
2022-03-16,Wednesday,Weekday,333.0,6.0,3.0,17.0,18.0,6.0,8.0,13.0,9,2.0,28.0,7,3.0,5.0,0.0,2.0,15,0.0,6,6,0.0,36.0,2,3.0,4,2,0,13.0,32.0,2.0,12,10,14.0,5.0,3,5,14,19,1,2.0,2026-07-17 21:15:14
2022-03-17,Thursday,Weekday,168.0,8.0,4.0,15.0,5.0,3.0,2.0,4.0,0,3.0,8.0,1,7.0,4.0,10.0,0.0,1,3.0,1,4,5.0,0.0,3,4.0,2,10,6,4.0,5.0,2.0,10,3,4.0,5.0,1,5,1,2,1,12.0,2026-07-17 21:15:14
2022-03-18,Friday,Weekday,306.0,8.0,6.0,10.0,5.0,32.0,4.0,4.0,2,10.0,11.0,4,0.0,14.0,0.0,10.0,25,4.0,2,9,12.0,5.0,24,0.0,5,9,16,2.0,9.0,6.0,3,1,12.0,1.0,1,2,21,7,9,1.0,2026-07-17 21:15:14
2022-03-19,Saturday,Weekend,438.0,11.0,9.0,25.0,27.0,0.0,11.0,1.0,12,5.0,6.0,5,13.0,6.0,15.0,7.0,1,19.0,4,8,15.0,5.0,1,6.0,35,14,13,14.0,3.0,7.0,20,1,4.0,4.0,6,50,2,9,2,42.0,2026-07-17 21:15:14
2022-03-20,Sunday,Weekend,389.0,2.0,6.0,18.0,13.0,9.0,3.0,5.0,3,2.0,10.0,3,5.0,10.0,39.0,12.0,1,1.0,31,4,1.0,9.0,9,10.0,3,0,39,3.0,13.0,13.0,10,3,3.0,8.0,19,32,2,2,22,11.0,2026-07-17 21:15:14
2022-03-21,Monday,Weekday,261.0,13.0,1.0,7.0,9.0,13.0,3.0,0.0,5,1.0,7.0,21,5.0,12.0,1.0,9.0,27,1.0,0,4,0.0,12.0,21,4.0,4,4,12,0.0,7.0,8.0,7,1,7.0,0.0,1,18,14,0,1,1.0,2026-07-17 21:15:14
2022-03-22,Tuesday,Weekday,293.0,1.0,1.0,0.0,5.0,16.0,5.0,7.0,0,21.0,18.0,13,12.0,21.0,5.0,1.0,6,10.0,10,3,0.0,3.0,15,6.0,4,1,3,16.0,7.0,12.0,5,5,1.0,7.0,3,5,14,21,0,10.0,2026-07-17 21:15:14
2022-03-23,Wednesday,Weekday,262.0,2.0,5.0,0.0,4.0,8.0,0.0,5.0,21,2.0,15.0,5,9.0,2.0,2.0,2.0,0,2.0,7,16,12.0,9.0,2,3.0,3,2,6,6.0,3.0,3.0,16,10,3.0,17.0,17,3,5,5,19,11.0,2026-07-17 21:15:14
2022-03-24,Thursday,Weekday,296.0,0.0,2.0,7.0,10.0,3.0,20.0,14.0,22,23.0,21.0,7,12.0,1.0,13.0,1.0,16,4.0,1,1,0.0,14.0,16,10.0,3,1,0,3.0,27.0,3.0,5,1,3.0,8.0,11,4,0,4,3,2.0,2026-07-17 21:15:14
2022-03-25,Friday,Weekday,252.0,19.0,5.0,8.0,4.0,8.0,4.0,10.0,9,2.0,6.0,4,18.0,8.0,6.0,2.0,8,1.0,3,2,8.0,2.0,4,15.0,2,6,4,0.0,12.0,0.0,6,5,6.0,8.0,2,0,14,6,14,11.0,2026-07-17 21:15:14
2022-03-26,Saturday,Weekend,606.0,26.0,5.0,5.0,26.0,14.0,3.0,27.0,32,10.0,3.0,8,24.0,43.0,3.0,1.0,30,7.0,11,51,2.0,17.0,1,9.0,21,9,92,15.0,5.0,4.0,7,5,1.0,5.0,9,24,24,24,0,3.0,2026-07-17 21:15:14
2022-03-27,Sunday,Weekend,338.0,7.0,5.0,0.0,15.0,19.0,6.0,1.0,11,7.0,19.0,14,16.0,7.0,2.0,10.0,10,11.0,1,2,19.0,13.0,19,13.0,9,10,16,8.0,8.0,2.0,7,9,3.0,2.0,3,2,4,6,17,5.0,2026-07-17 21:15:14
2022-03-28,Monday,Weekday,248.0,3.0,0.0,10.0,6.0,19.0,7.0,12.0,2,8.0,5.0,25,7.0,2.0,4.0,1.0,7,1.0,6,3,8.0,13.0,10,11.0,1,0,9,3.0,4.0,0.0,3,0,13.0,1.0,5,0,12,3,12,12.0,2026-07-17 21:15:14
2022-03-29,Tuesday,Weekday,219.0,2.0,8.0,21.0,7.0,10.0,1.0,4.0,0,0.0,39.0,2,6.0,5.0,8.0,23.0,2,0.0,2,0,0.0,2.0,5,3.0,1,5,2,0.0,6.0,3.0,6,0,5.0,3.0,3,3,11,4,2,15.0,2026-07-17 21:15:14
2022-03-30,Wednesday,Weekday,233.0,6.0,1.0,5.0,2.0,2.0,3.0,14.0,12,4.0,8.0,1,27.0,22.0,6.0,9.0,7,6.0,0,4,8.0,8.0,2,14.0,1,4,6,7.0,5.0,1.0,1,5,4.0,1.0,5,2,8,11,1,0.0,2026-07-17 21:15:14
2022-03-31,Thursday,Weekday,237.0,6.0,5.0,5.0,11.0,13.0,13.0,4.0,3,3.0,2.0,4,2.0,13.0,4.0,4.0,3,0.0,0,3,0.0,4.0,11,11.0,6,1,9,9.0,1.0,6.0,1,7,25.0,0.0,9,6,23,3,7,0.0,2026-07-17 21:15:14
2022-04-01,Friday,Weekday,207.0,3.0,0.0,25.0,10.0,19.0,17.0,0.0,3,0.0,2.0,1,3.0,2.0,1.0,1.0,1,19.0,9,19,4.0,3.0,11,2.0,3,1,1,2.0,3.0,7.0,0,1,10.0,1.0,2,14,2,0,3,2.0,2026-07-17 21:15:14
2022-04-02,Saturday,Weekend,602.0,13.0,24.0,3.0,14.0,16.0,3.0,15.0,3,11.0,2.0,9,7.0,30.0,1.0,9.0,9,19.0,13,20,22.0,38.0,6,12.0,27,73,38,9.0,3.0,9.0,18,8,8.0,26.0,7,33,13,6,8,17.0,2026-07-17 21:15:14
2022-04-03,Sunday,Weekend,269.0,1.0,1.0,26.0,1.0,11.0,7.0,5.0,8,3.0,10.0,4,9.0,2.0,7.0,2.0,3,2.0,2,15,3.0,18.0,25,6.0,2,4,13,4.0,1.0,7.0,14,9,1.0,9.0,2,2,25,3,2,0.0,2026-07-17 21:15:14
2022-04-04,Monday,Weekday,142.0,7.0,5.0,4.0,5.0,1.0,2.0,1.0,0,2.0,13.0,0,1.0,1.0,1.0,10.0,2,2.0,4,1,2.0,3.0,3,30.0,6,2,7,1.0,0.0,1.0,1,3,3.0,9.0,2,2,0,0,3,2.0,2026-07-17 21:15:14
2022-04-05,Tuesday,Weekday,230.0,15.0,2.0,0.0,4.0,2.0,0.0,8.0,1,6.0,4.0,1,3.0,12.0,2.0,10.0,1,11.0,1,6,5.0,18.0,4,0.0,0,11,6,10.0,1.0,3.0,0,18,6.0,14.0,1,6,10,3,10,15.0,2026-07-17 21:15:14
2022-04-06,Wednesday,Weekday,264.0,11.0,6.0,1.0,1.0,33.0,0.0,8.0,7,5.0,33.0,2,3.0,0.0,3.0,1.0,3,11.0,14,1,3.0,18.0,0,0.0,1,5,1,20.0,2.0,4.0,1,3,6.0,8.0,6,5,23,9,6,0.0,2026-07-17 21:15:14
2022-04-07,Thursday,Weekday,342.0,0.0,0.0,10.0,6.0,11.0,17.0,21.0,20,3.0,18.0,3,2.0,2.0,3.0,5.0,16,2.0,14,9,5.0,7.0,5,7.0,5,2,2,8.0,26.0,3.0,15,9,20.0,14.0,6,10,27,5,4,0.0,2026-07-17 21:15:14
2022-04-08,Friday,Weekday,271.0,10.0,11.0,0.0,6.0,8.0,1.0,28.0,1,0.0,8.0,10,0.0,9.0,4.0,0.0,1,6.0,4,20,11.0,31.0,1,24.0,3,3,0,0.0,9.0,5.0,1,7,1.0,6.0,2,11,18,5,4,2.0,2026-07-17 21:15:14
2022-04-09,Saturday,Weekend,626.0,25.0,8.0,3.0,1.0,14.0,9.0,30.0,3,8.0,43.0,31,8.0,12.0,8.0,48.0,1,47.0,17,14,0.0,10.0,8,4.0,17,59,13,24.0,1.0,8.0,2,12,34.0,15.0,2,6,20,8,27,26.0,2026-07-17 21:15:14
2022-04-10,Sunday,Weekend,525.0,9.0,7.0,4.0,1.0,11.0,5.0,17.0,13,1.0,10.0,3,3.0,20.0,0.0,8.0,2,33.0,12,5,8.0,17.0,44,4.0,34,39,33,12.0,16.0,7.0,16,8,16.0,7.0,19,26,4,25,9,17.0,2026-07-17 21:15:14
2022-04-11,Monday,Weekday,188.0,2.0,2.0,14.0,1.0,10.0,3.0,4.0,1,4.0,3.0,0,1.0,0.0,19.0,15.0,2,5.0,2,5,7.0,17.0,2,6.0,1,20,0,4.0,6.0,5.0,1,10,1.0,3.0,1,1,5,3,1,1.0,2026-07-17 21:15:14
2022-04-12,Tuesday,Weekday,216.0,4.0,6.0,16.0,0.0,4.0,1.0,0.0,6,7.0,2.0,1,0.0,11.0,24.0,1.0,1,15.0,19,3,0.0,0.0,6,3.0,0,5,0,11.0,3.0,0.0,6,3,19.0,5.0,2,8,3,15,2,4.0,2026-07-17 21:15:14
2022-04-13,Wednesday,Weekday,227.0,1.0,3.0,13.0,15.0,2.0,2.0,11.0,25,1.0,7.0,3,15.0,1.0,1.0,12.0,0,5.0,4,3,4.0,5.0,1,6.0,15,12,1,1.0,2.0,4.0,4,8,0.0,0.0,3,10,2,9,2,14.0,2026-07-17 21:15:14
2022-04-14,Thursday,Weekday,235.0,9.0,2.0,3.0,2.0,2.0,5.0,9.0,6,7.0,3.0,1,5.0,3.0,5.0,1.0,0,22.0,2,25,20.0,8.0,6,4.0,10,1,3,7.0,2.0,3.0,1,3,9.0,1.0,15,5,13,4,8,0.0,2026-07-17 21:15:14
2022-04-15,Friday,Weekday,221.0,6.0,0.0,10.0,29.0,2.0,1.0,9.0,2,9.0,0.0,1,22.0,6.0,11.0,2.0,7,5.0,6,7,5.0,2.0,2,9.0,1,8,1,5.0,8.0,1.0,0,1,5.0,8.0,0,7,4,4,13,2.0,2026-07-17 21:15:14
2022-04-16,Saturday,Weekend,567.0,11.0,1.0,1.0,7.0,0.0,13.0,10.0,14,3.0,8.0,19,64.0,1.0,34.0,13.0,13,15.0,1,1,17.0,7.0,47,9.0,3,21,7,14.0,22.0,48.0,29,14,18.0,36.0,5,0,9,4,15,13.0,2026-07-17 21:15:14
2022-04-17,Sunday,Weekend,464.0,11.0,1.0,18.0,7.0,24.0,11.0,5.0,2,1.0,38.0,42,14.0,1.0,7.0,15.0,23,1.0,0,20,6.0,3.0,0,10.0,23,55,10,12.0,1.0,12.0,6,9,6.0,3.0,1,5,2,2,50,7.0,2026-07-17 21:15:14
2022-04-18,Monday,Weekday,185.0,2.0,8.0,29.0,4.0,13.0,2.0,2.0,3,5.0,8.0,2,1.0,5.0,1.0,5.0,7,6.0,6,9,3.0,6.0,4,1.0,0,3,3,4.0,11.0,1.0,1,15,1.0,2.0,3,5,0,0,1,3.0,2026-07-17 21:15:14
2022-04-19,Tuesday,Weekday,199.0,3.0,1.0,7.0,8.0,0.0,3.0,7.0,2,3.0,7.0,14,9.0,6.0,7.0,2.0,7,3.0,1,8,5.0,3.0,12,0.0,2,0,8,8.0,3.0,6.0,2,7,3.0,3.0,14,1,2,5,15,2.0,2026-07-17 21:15:14
2022-04-20,Wednesday,Weekday,308.0,0.0,1.0,6.0,2.0,12.0,37.0,6.0,3,4.0,2.0,20,3.0,4.0,10.0,6.0,9,0.0,13,26,10.0,30.0,2,5.0,9,8,4,4.0,1.0,3.0,2,9,1.0,0.0,7,9,19,8,2,11.0,2026-07-17 21:15:14
2022-04-21,Thursday,Weekday,243.0,6.0,1.0,6.0,15.0,4.0,1.0,1.0,1,4.0,7.0,0,17.0,7.0,4.0,10.0,0,3.0,6,9,9.0,1.0,16,1.0,11,18,1,7.0,0.0,3.0,4,3,13.0,5.0,4,7,21,0,17,0.0,2026-07-17 21:15:14
2022-04-22,Friday,Weekday,233.0,10.0,4.0,3.0,5.0,10.0,3.0,0.0,6,14.0,4.0,2,4.0,0.0,13.0,12.0,5,2.0,11,6,11.0,7.0,10,5.0,4,22,6,6.0,2.0,7.0,6,1,0.0,5.0,9,5,2,7,0,4.0,2026-07-17 21:15:14
2022-04-23,Saturday,Weekend,522.0,3.0,2.0,5.0,8.0,2.0,6.0,12.0,11,7.0,44.0,2,11.0,1.0,1.0,14.0,15,33.0,14,53,1.0,1.0,1,2.0,11,19,1,46.0,26.0,5.0,1,3,2.0,2.0,11,4,11,74,17,40.0,2026-07-17 21:15:14
2022-04-24,Sunday,Weekend,484.0,4.0,6.0,12.0,1.0,0.0,13.0,11.0,7,10.0,11.0,0,5.0,2.0,1.0,42.0,12,18.0,4,6,4.0,1.0,2,23.0,15,12,9,39.0,1.0,5.0,6,17,64.0,4.0,25,21,5,8,7,51.0,2026-07-17 21:15:14
2022-04-25,Monday,Weekday,176.0,0.0,5.0,1.0,5.0,3.0,3.0,6.0,7,9.0,0.0,5,1.0,2.0,3.0,2.0,3,22.0,1,5,2.0,1.0,1,13.0,9,11,22,1.0,2.0,6.0,3,1,2.0,4.0,3,1,4,3,3,1.0,2026-07-17 21:15:14
2022-04-26,Tuesday,Weekday,140.0,4.0,0.0,2.0,7.0,5.0,1.0,5.0,3,7.0,7.0,4,2.0,1.0,2.0,3.0,5,3.0,1,0,3.0,2.0,6,0.0,4,11,1,3.0,0.0,5.0,4,2,3.0,8.0,1,0,11,3,8,3.0,2026-07-17 21:15:14
2022-04-27,Wednesday,Weekday,116.0,5.0,1.0,4.0,7.0,5.0,1.0,1.0,1,0.0,2.0,2,3.0,2.0,3.0,0.0,0,1.0,2,0,0.0,2.0,4,0.0,3,3,4,8.0,0.0,1.0,6,1,2.0,2.0,3,7,22,3,0,5.0,2026-07-17 21:15:14
2022-04-28,Thursday,Weekday,265.0,1.0,1.0,19.0,1.0,3.0,1.0,15.0,4,9.0,3.0,9,8.0,3.0,3.0,2.0,30,7.0,24,3,10.0,9.0,7,22.0,3,1,9,10.0,5.0,1.0,6,3,3.0,6.0,8,1,4,1,1,9.0,2026-07-17 21:15:14
2022-04-29,Friday,Weekday,246.0,12.0,3.0,7.0,10.0,18.0,1.0,16.0,3,3.0,0.0,3,0.0,2.0,2.0,9.0,12,2.0,9,11,7.0,2.0,5,14.0,6,2,4,5.0,5.0,0.0,1,7,10.0,1.0,14,2,9,6,8,15.0,2026-07-17 21:15:14
2022-04-30,Saturday,Weekend,359.0,3.0,15.0,1.0,12.0,18.0,9.0,2.0,18,2.0,1.0,10,5.0,17.0,4.0,2.0,16,7.0,2,14,6.0,8.0,6,15.0,17,12,1,14.0,8.0,11.0,4,13,10.0,1.0,4,25,0,32,7,7.0,2026-07-17 21:15:14
2022-05-01,Sunday,Weekend,539.0,6.0,4.0,36.0,5.0,29.0,5.0,3.0,0,10.0,70.0,7,5.0,5.0,10.0,9.0,29,8.0,8,1,60.0,4.0,1,16.0,10,6,8,22.0,2.0,24.0,16,5,6.0,3.0,15,11,8,13,52,7.0,2026-07-17 21:15:14
2022-05-02,Monday,Weekday,248.0,13.0,2.0,0.0,1.0,6.0,1.0,0.0,15,13.0,14.0,1,1.0,0.0,10.0,19.0,4,1.0,5,3,2.0,8.0,10,1.0,0,42,1,0.0,1.0,0.0,4,9,2.0,3.0,5,5,24,13,0,9.0,2026-07-17 21:15:14
2022-05-03,Tuesday,Weekday,196.0,2.0,18.0,3.0,18.0,11.0,1.0,3.0,25,11.0,0.0,7,2.0,0.0,2.0,2.0,8,2.0,10,0,2.0,2.0,2,0.0,1,4,2,2.0,2.0,8.0,15,3,2.0,1.0,15,0,4,3,2,1.0,2026-07-17 21:15:14
2022-05-04,Wednesday,Weekday,233.0,6.0,1.0,7.0,1.0,0.0,13.0,1.0,12,6.0,0.0,19,1.0,12.0,1.0,13.0,0,4.0,11,22,17.0,9.0,14,1.0,3,3,4,3.0,5.0,1.0,6,1,2.0,3.0,8,9,8,1,5,0.0,2026-07-17 21:15:14
2022-05-05,Thursday,Weekday,304.0,1.0,3.0,0.0,1.0,36.0,21.0,3.0,0,2.0,6.0,24,2.0,13.0,2.0,32.0,3,12.0,3,8,2.0,2.0,24,19.0,16,10,13,0.0,3.0,3.0,8,2,1.0,5.0,13,3,2,2,1,3.0,2026-07-17 21:15:14
2022-05-06,Friday,Weekday,423.0,15.0,12.0,14.0,5.0,35.0,1.0,9.0,24,3.0,3.0,30,4.0,15.0,0.0,15.0,6,0.0,10,3,8.0,0.0,3,6.0,3,28,0,12.0,3.0,4.0,32,1,36.0,1.0,15,11,36,10,9,1.0,2026-07-17 21:15:14
2022-05-07,Saturday,Weekend,504.0,1.0,27.0,5.0,5.0,27.0,5.0,30.0,15,8.0,33.0,0,4.0,6.0,2.0,14.0,28,6.0,5,38,6.0,7.0,5,25.0,11,17,17,5.0,7.0,21.0,5,13,27.0,8.0,11,20,28,7,0,5.0,2026-07-17 21:15:14
2022-05-08,Sunday,Weekend,589.0,14.0,7.0,24.0,6.0,23.0,3.0,20.0,11,2.0,7.0,19,10.0,2.0,42.0,19.0,52,8.0,9,30,12.0,17.0,5,10.0,1,3,0,0.0,54.0,4.0,14,20,8.0,2.0,16,14,25,19,47,10.0,2026-07-17 21:15:14
2022-05-09,Monday,Weekday,183.0,2.0,6.0,0.0,13.0,2.0,2.0,11.0,5,2.0,4.0,11,2.0,11.0,0.0,8.0,9,1.0,3,1,6.0,6.0,5,1.0,1,0,2,4.0,10.0,5.0,3,13,5.0,13.0,5,1,0,7,1,2.0,2026-07-17 21:15:14
2022-05-10,Tuesday,Weekday,221.0,4.0,5.0,5.0,1.0,4.0,5.0,20.0,7,16.0,13.0,5,1.0,7.0,7.0,5.0,4,4.0,2,4,1.0,11.0,1,0.0,5,7,5,2.0,5.0,2.0,18,12,4.0,2.0,7,0,4,2,14,0.0,2026-07-17 21:15:14
2022-05-11,Wednesday,Weekday,238.0,4.0,10.0,5.0,1.0,44.0,5.0,9.0,2,6.0,7.0,1,1.0,16.0,4.0,1.0,6,13.0,0,10,1.0,0.0,0,18.0,1,0,5,17.0,2.0,6.0,0,4,7.0,8.0,3,3,2,5,1,10.0,2026-07-17 21:15:14
2022-05-12,Thursday,Weekday,302.0,18.0,17.0,13.0,5.0,14.0,1.0,8.0,4,3.0,14.0,2,2.0,19.0,0.0,7.0,19,8.0,7,1,4.0,13.0,5,5.0,0,0,26,4.0,5.0,0.0,6,14,5.0,1.0,5,12,5,12,5,13.0,2026-07-17 21:15:14
2022-05-13,Friday,Weekday,345.0,6.0,0.0,5.0,2.0,38.0,13.0,10.0,4,3.0,20.0,6,2.0,8.0,0.0,3.0,6,2.0,37,2,2.0,2.0,13,6.0,9,0,0,4.0,15.0,16.0,0,6,18.0,4.0,13,1,30,12,20,7.0,2026-07-17 21:15:14
2022-05-14,Saturday,Weekend,346.0,3.0,22.0,2.0,3.0,19.0,9.0,21.0,1,13.0,15.0,1,5.0,3.0,4.0,39.0,9,11.0,33,4,14.0,5.0,17,2.0,23,3,4,12.0,4.0,9.0,5,9,2.0,1.0,3,5,2,4,4,1.0,2026-07-17 21:15:14
2022-05-15,Sunday,Weekend,705.0,9.0,24.0,4.0,17.0,25.0,8.0,18.0,8,11.0,0.0,18,17.0,0.0,6.0,68.0,9,13.0,42,23,15.0,26.0,30,9.0,10,8,62,19.0,1.0,32.0,10,1,11.0,6.0,25,4,46,14,1,55.0,2026-07-17 21:15:14
2022-05-16,Monday,Weekday,254.0,5.0,2.0,4.0,17.0,4.0,1.0,1.0,3,12.0,6.0,1,1.0,3.0,20.0,2.0,36,4.0,1,17,4.0,8.0,32,0.0,1,8,2,1.0,0.0,0.0,11,1,3.0,6.0,3,0,15,0,8,11.0,2026-07-17 21:15:14
2022-05-17,Tuesday,Weekday,120.0,2.0,3.0,2.0,1.0,10.0,4.0,1.0,2,6.0,12.0,2,1.0,1.0,8.0,1.0,2,1.0,1,1,16.0,0.0,2,0.0,1,1,2,1.0,1.0,0.0,1,8,6.0,1.0,2,7,0,4,6,0.0,2026-07-17 21:15:14
2022-05-18,Wednesday,Weekday,242.0,0.0,15.0,5.0,0.0,2.0,3.0,7.0,6,29.0,3.0,5,3.0,2.0,1.0,22.0,11,5.0,6,1,5.0,8.0,5,28.0,5,2,8,1.0,3.0,4.0,3,7,3.0,8.0,4,2,15,1,1,3.0,2026-07-17 21:15:14
2022-05-19,Thursday,Weekday,214.0,0.0,0.0,6.0,4.0,5.0,17.0,4.0,12,1.0,8.0,12,5.0,8.0,2.0,0.0,5,2.0,11,1,18.0,18.0,2,2.0,13,21,4,2.0,4.0,6.0,1,6,0.0,0.0,1,3,3,4,2,1.0,2026-07-17 21:15:14
2022-05-20,Friday,Weekday,311.0,5.0,29.0,3.0,6.0,11.0,28.0,2.0,9,12.0,10.0,0,9.0,0.0,7.0,11.0,2,15.0,0,15,5.0,3.0,2,24.0,0,2,3,8.0,8.0,3.0,4,1,1.0,4.0,8,2,5,4,29,21.0,2026-07-17 21:15:14
2022-05-21,Saturday,Weekend,371.0,12.0,2.0,1.0,3.0,5.0,7.0,14.0,19,17.0,8.0,12,4.0,1.0,12.0,0.0,6,5.0,13,15,3.0,15.0,3,6.0,12,12,47,2.0,11.0,8.0,26,2,11.0,6.0,3,7,5,10,19,7.0,2026-07-17 21:15:14
2022-05-22,Sunday,Weekend,355.0,11.0,8.0,2.0,4.0,13.0,4.0,3.0,8,6.0,6.0,6,1.0,32.0,18.0,13.0,1,20.0,19,18,1.0,12.0,20,11.0,13,7,10,0.0,13.0,1.0,6,4,8.0,2.0,12,18,2,1,2,19.0,2026-07-17 21:15:14
2022-05-23,Monday,Weekday,153.0,2.0,1.0,0.0,4.0,12.0,5.0,3.0,0,0.0,0.0,1,1.0,1.0,2.0,10.0,4,6.0,4,0,5.0,1.0,3,2.0,23,1,1,10.0,0.0,3.0,4,5,11.0,12.0,0,5,4,3,1,3.0,2026-07-17 21:15:14
2022-05-24,Tuesday,Weekday,105.0,9.0,6.0,1.0,0.0,2.0,4.0,3.0,2,0.0,2.0,2,7.0,3.0,1.0,2.0,0,9.0,1,2,1.0,3.0,3,4.0,1,1,1,4.0,0.0,3.0,5,5,2.0,1.0,0,3,6,1,1,4.0,2026-07-17 21:15:14
2022-05-25,Wednesday,Weekday,154.0,9.0,1.0,4.0,1.0,1.0,9.0,8.0,8,0.0,15.0,3,2.0,5.0,1.0,7.0,5,1.0,1,1,0.0,4.0,10,0.0,0,5,8,2.0,2.0,4.0,2,0,6.0,4.0,4,8,9,1,2,1.0,2026-07-17 21:15:14
2022-05-26,Thursday,Weekday,123.0,0.0,4.0,6.0,10.0,4.0,1.0,0.0,6,3.0,5.0,5,4.0,6.0,0.0,5.0,7,1.0,3,2,10.0,0.0,3,0.0,4,1,1,2.0,7.0,1.0,0,4,2.0,6.0,0,3,1,1,3,2.0,2026-07-17 21:15:14
2022-05-27,Friday,Weekday,252.0,5.0,1.0,5.0,2.0,39.0,3.0,3.0,2,6.0,2.0,14,1.0,13.0,2.0,7.0,12,2.0,22,4,20.0,8.0,3,2.0,3,0,2,2.0,4.0,11.0,2,1,6.0,1.0,0,2,22,11,2,5.0,2026-07-17 21:15:14
2022-05-28,Saturday,Weekend,248.0,4.0,5.0,6.0,5.0,2.0,0.0,3.0,9,4.0,10.0,26,1.0,6.0,4.0,19.0,24,7.0,1,9,1.0,7.0,11,2.0,4,2,2,2.0,6.0,12.0,14,1,9.0,6.0,1,1,2,12,4,4.0,2026-07-17 21:15:14
2022-05-29,Sunday,Weekend,373.0,2.0,6.0,0.0,3.0,11.0,1.0,13.0,2,9.0,5.0,8,1.0,0.0,18.0,3.0,13,57.0,2,3,8.0,23.0,18,6.0,12,1,29,30.0,2.0,3.0,1,2,11.0,3.0,1,4,50,8,3,1.0,2026-07-17 21:15:14
2022-05-30,Monday,Weekday,216.0,21.0,7.0,1.0,0.0,0.0,1.0,5.0,14,4.0,16.0,2,8.0,7.0,1.0,3.0,7,0.0,3,4,28.0,4.0,9,2.0,9,5,13,3.0,6.0,5.0,3,1,0.0,0.0,9,1,2,7,2,3.0,2026-07-17 21:15:14
2022-05-31,Tuesday,Weekday,122.0,1.0,7.0,6.0,6.0,2.0,4.0,1.0,0,0.0,4.0,2,2.0,0.0,2.0,4.0,1,4.0,1,5,3.0,1.0,1,3.0,6,2,0,6.0,4.0,2.0,2,1,3.0,1.0,16,2,3,2,7,5.0,2026-07-17 21:15:14
2022-06-01,Wednesday,Weekday,170.0,2.0,5.0,4.0,4.0,1.0,3.0,1.0,10,2.0,19.0,3,4.0,3.0,1.0,2.0,0,3.0,3,7,1.0,1.0,2,12.0,5,1,3,0.0,21.0,5.0,1,3,1.0,14.0,1,5,1,6,6,4.0,2026-07-17 21:15:14
2022-06-02,Thursday,Weekday,240.0,5.0,10.0,0.0,3.0,2.0,27.0,3.0,10,7.0,2.0,1,1.0,3.0,1.0,0.0,14,18.0,3,3,0.0,8.0,8,1.0,1,11,6,0.0,6.0,3.0,3,7,8.0,3.0,18,3,12,5,13,11.0,2026-07-17 21:15:14
2022-06-03,Friday,Weekday,161.0,0.0,9.0,7.0,6.0,1.0,5.0,7.0,2,13.0,0.0,1,2.0,4.0,4.0,0.0,13,0.0,1,0,4.0,12.0,5,7.0,0,3,2,3.0,0.0,5.0,3,5,2.0,1.0,4,1,14,4,1,10.0,2026-07-17 21:15:14
2022-06-04,Saturday,Weekend,295.0,4.0,0.0,8.0,2.0,22.0,12.0,32.0,7,5.0,18.0,2,6.0,7.0,1.0,4.0,15,17.0,1,1,3.0,16.0,2,9.0,1,8,4,15.0,2.0,8.0,3,8,15.0,1.0,14,8,1,4,1,8.0,2026-07-17 21:15:14
2022-06-05,Sunday,Weekend,470.0,15.0,2.0,10.0,26.0,53.0,8.0,39.0,7,5.0,29.0,7,8.0,7.0,23.0,18.0,7,4.0,7,11,3.0,20.0,9,4.0,1,3,40,5.0,2.0,7.0,4,0,3.0,10.0,8,5,9,45,4,2.0,2026-07-17 21:15:14
2022-06-06,Monday,Weekday,213.0,0.0,3.0,7.0,1.0,12.0,0.0,2.0,8,2.0,6.0,1,8.0,0.0,12.0,1.0,11,2.0,8,3,18.0,1.0,1,4.0,0,1,16,20.0,2.0,13.0,4,1,5.0,5.0,24,1,9,0,1,0.0,2026-07-17 21:15:14
2022-06-07,Tuesday,Weekday,235.0,42.0,6.0,10.0,5.0,4.0,1.0,3.0,3,10.0,7.0,0,0.0,0.0,3.0,16.0,7,10.0,4,2,1.0,13.0,11,1.0,5,5,6,17.0,5.0,6.0,0,0,1.0,0.0,6,8,2,12,1,2.0,2026-07-17 21:15:14
2022-06-08,Wednesday,Weekday,143.0,1.0,2.0,2.0,3.0,4.0,17.0,0.0,1,0.0,5.0,0,8.0,4.0,3.0,4.0,1,1.0,2,4,1.0,1.0,15,0.0,6,5,2,1.0,1.0,5.0,5,5,9.0,4.0,1,2,12,1,0,5.0,2026-07-17 21:15:14
2022-06-09,Thursday,Weekday,360.0,1.0,20.0,11.0,0.0,41.0,1.0,4.0,4,0.0,10.0,1,4.0,5.0,13.0,14.0,3,4.0,4,1,16.0,9.0,1,4.0,0,9,1,45.0,16.0,4.0,8,19,8.0,1.0,3,16,14,13,16,16.0,2026-07-17 21:15:14
2022-06-10,Friday,Weekday,337.0,18.0,0.0,7.0,13.0,19.0,7.0,2.0,14,9.0,0.0,6,2.0,4.0,0.0,4.0,5,8.0,11,15,3.0,3.0,14,1.0,32,16,5,38.0,0.0,4.0,9,3,19.0,0.0,5,10,12,3,4,12.0,2026-07-17 21:15:14
2022-06-11,Saturday,Weekend,433.0,2.0,12.0,8.0,17.0,21.0,2.0,7.0,19,6.0,54.0,6,2.0,5.0,36.0,4.0,19,24.0,4,1,15.0,5.0,14,5.0,7,16,5,6.0,6.0,5.0,9,13,4.0,6.0,10,3,4,32,11,8.0,2026-07-17 21:15:14
2022-06-12,Sunday,Weekend,344.0,10.0,1.0,11.0,8.0,12.0,4.0,1.0,2,28.0,8.0,5,1.0,0.0,15.0,10.0,7,3.0,12,2,2.0,7.0,4,3.0,9,11,19,4.0,1.0,4.0,44,7,11.0,0.0,6,0,13,23,30,6.0,2026-07-17 21:15:14
2022-06-13,Monday,Weekday,259.0,3.0,15.0,8.0,0.0,7.0,1.0,5.0,4,6.0,5.0,2,5.0,10.0,6.0,4.0,19,16.0,1,0,8.0,10.0,20,13.0,6,5,0,1.0,3.0,6.0,4,8,1.0,5.0,0,3,13,7,28,1.0,2026-07-17 21:15:14
2022-06-14,Tuesday,Weekday,260.0,2.0,1.0,2.0,12.0,12.0,10.0,1.0,11,0.0,21.0,2,1.0,3.0,16.0,0.0,2,12.0,3,1,4.0,3.0,15,9.0,4,25,2,0.0,1.0,2.0,1,14,7.0,1.0,5,7,25,12,4,7.0,2026-07-17 21:15:14
2022-06-15,Wednesday,Weekday,289.0,6.0,4.0,0.0,2.0,9.0,1.0,0.0,9,0.0,9.0,5,20.0,5.0,0.0,5.0,12,43.0,3,4,17.0,2.0,6,3.0,0,3,2,9.0,20.0,2.0,12,0,4.0,0.0,16,10,10,12,5,19.0,2026-07-17 21:15:14
2022-06-16,Thursday,Weekday,272.0,9.0,16.0,7.0,2.0,10.0,1.0,6.0,4,9.0,0.0,2,5.0,25.0,3.0,5.0,9,8.0,3,5,1.0,26.0,2,3.0,0,2,11,2.0,0.0,5.0,0,0,13.0,10.0,17,18,11,0,11,11.0,2026-07-17 21:15:14
2022-06-17,Friday,Weekday,357.0,10.0,5.0,2.0,16.0,17.0,26.0,2.0,2,2.0,18.0,2,0.0,51.0,0.0,14.0,3,17.0,6,22,19.0,0.0,0,1.0,10,20,6,8.0,2.0,15.0,28,1,5.0,0.0,5,6,2,5,4,5.0,2026-07-17 21:15:14
2022-06-18,Saturday,Weekend,260.0,5.0,0.0,12.0,10.0,5.0,1.0,11.0,23,2.0,4.0,1,6.0,1.0,3.0,9.0,7,4.0,4,7,0.0,1.0,17,1.0,9,20,3,3.0,7.0,18.0,25,9,1.0,6.0,4,6,1,1,10,3.0,2026-07-17 21:15:14
2022-06-19,Sunday,Weekend,549.0,5.0,7.0,33.0,25.0,7.0,3.0,4.0,45,12.0,16.0,15,7.0,32.0,12.0,1.0,2,12.0,48,6,26.0,25.0,4,0.0,1,22,4,8.0,9.0,22.0,1,7,9.0,13.0,20,3,40,18,10,15.0,2026-07-17 21:15:14
2022-06-20,Monday,Weekday,147.0,2.0,1.0,4.0,3.0,7.0,1.0,10.0,3,0.0,3.0,5,7.0,2.0,10.0,2.0,2,9.0,7,5,9.0,0.0,9,1.0,1,1,2,1.0,2.0,1.0,2,3,2.0,1.0,5,9,9,1,4,1.0,2026-07-17 21:15:14
2022-06-21,Tuesday,Weekday,241.0,2.0,3.0,12.0,3.0,0.0,1.0,14.0,7,3.0,7.0,5,8.0,1.0,15.0,3.0,7,0.0,3,3,6.0,0.0,12,2.0,10,13,5,11.0,6.0,3.0,13,2,6.0,9.0,4,3,7,12,15,5.0,2026-07-17 21:15:14
2022-06-22,Wednesday,Weekday,237.0,7.0,15.0,0.0,1.0,13.0,9.0,11.0,2,0.0,4.0,1,1.0,7.0,0.0,9.0,3,5.0,0,3,0.0,18.0,9,3.0,1,15,3,1.0,5.0,16.0,0,1,14.0,1.0,0,5,17,5,27,5.0,2026-07-17 21:15:14
2022-06-23,Thursday,Weekday,192.0,1.0,14.0,3.0,1.0,6.0,1.0,0.0,0,2.0,12.0,4,30.0,1.0,1.0,1.0,1,1.0,6,12,16.0,1.0,9,1.0,0,9,5,1.0,2.0,1.0,6,2,18.0,0.0,2,2,6,1,5,8.0,2026-07-17 21:15:14
2022-06-24,Friday,Weekday,298.0,17.0,10.0,15.0,5.0,18.0,4.0,4.0,4,5.0,2.0,24,4.0,0.0,6.0,0.0,1,1.0,5,4,12.0,11.0,4,4.0,4,13,0,0.0,11.0,5.0,1,1,19.0,13.0,7,5,9,28,21,1.0,2026-07-17 21:15:14
2022-06-25,Saturday,Weekend,559.0,20.0,3.0,3.0,16.0,9.0,35.0,1.0,10,33.0,43.0,3,5.0,12.0,3.0,43.0,32,3.0,2,1,30.0,3.0,7,7.0,10,2,4,39.0,31.0,20.0,0,5,13.0,4.0,27,15,2,29,33,1.0,2026-07-17 21:15:14
2022-06-26,Sunday,Weekend,432.0,10.0,4.0,7.0,2.0,17.0,32.0,9.0,1,13.0,8.0,25,8.0,4.0,3.0,21.0,5,20.0,3,6,8.0,31.0,35,3.0,5,2,9,7.0,30.0,30.0,6,7,24.0,16.0,0,5,10,4,2,0.0,2026-07-17 21:15:14
2022-06-27,Monday,Weekday,208.0,6.0,1.0,0.0,1.0,18.0,9.0,4.0,4,23.0,1.0,1,2.0,1.0,2.0,14.0,6,4.0,16,0,1.0,4.0,5,0.0,2,6,8,6.0,3.0,0.0,4,1,16.0,3.0,2,7,6,2,8,11.0,2026-07-17 21:15:14
2022-06-28,Tuesday,Weekday,259.0,7.0,0.0,6.0,11.0,3.0,1.0,12.0,0,10.0,8.0,4,0.0,13.0,4.0,7.0,9,9.0,24,6,3.0,21.0,8,3.0,1,13,3,8.0,5.0,1.0,6,0,2.0,4.0,5,9,19,13,0,1.0,2026-07-17 21:15:14
2022-06-29,Wednesday,Weekday,359.0,8.0,31.0,18.0,18.0,6.0,6.0,7.0,2,0.0,37.0,3,3.0,0.0,27.0,9.0,14,28.0,5,10,0.0,2.0,20,16.0,3,4,7,0.0,2.0,2.0,4,16,3.0,1.0,7,23,2,0,4,11.0,2026-07-17 21:15:14
2022-06-30,Thursday,Weekday,191.0,4.0,7.0,16.0,7.0,8.0,3.0,0.0,16,2.0,2.0,6,1.0,5.0,5.0,2.0,8,1.0,2,4,5.0,6.0,2,4.0,1,11,3,6.0,0.0,1.0,4,9,3.0,12.0,3,4,2,8,1,7.0,2026-07-17 21:15:14
2022-07-01,Friday,Weekday,256.0,20.0,22.0,6.0,9.0,20.0,1.0,7.0,0,7.0,2.0,1,5.0,5.0,6.0,0.0,5,1.0,6,10,6.0,10.0,3,10.0,5,5,9,0.0,10.0,8.0,3,0,1.0,19.0,8,2,4,7,13,0.0,2026-07-17 21:15:14
2022-07-02,Saturday,Weekend,350.0,2.0,21.0,0.0,2.0,42.0,7.0,3.0,1,0.0,3.0,19,4.0,11.0,23.0,4.0,2,7.0,22,16,1.0,11.0,9,22.0,1,6,19,5.0,6.0,1.0,3,3,25.0,2.0,5,10,3,7,9,13.0,2026-07-17 21:15:14
2022-07-03,Sunday,Weekend,472.0,9.0,12.0,1.0,32.0,2.0,17.0,3.0,30,16.0,24.0,2,8.0,11.0,17.0,1.0,44,27.0,4,20,10.0,7.0,5,12.0,14,6,11,13.0,15.0,1.0,24,6,3.0,3.0,7,26,8,15,1,5.0,2026-07-17 21:15:14
2022-07-04,Monday,Weekday,272.0,31.0,8.0,1.0,5.0,2.0,2.0,13.0,11,1.0,26.0,7,4.0,5.0,6.0,6.0,5,5.0,1,14,7.0,1.0,11,21.0,19,4,1,5.0,1.0,21.0,1,1,2.0,2.0,9,5,2,1,4,1.0,2026-07-17 21:15:14
2022-07-05,Tuesday,Weekday,175.0,4.0,3.0,5.0,9.0,12.0,9.0,1.0,1,1.0,10.0,14,6.0,0.0,11.0,2.0,0,1.0,0,3,1.0,2.0,3,8.0,4,2,6,7.0,0.0,3.0,1,0,3.0,7.0,1,6,11,11,1,6.0,2026-07-17 21:15:14
2022-07-06,Wednesday,Weekday,269.0,2.0,6.0,0.0,0.0,19.0,4.0,4.0,1,11.0,0.0,15,0.0,1.0,5.0,6.0,5,4.0,33,10,0.0,4.0,17,3.0,1,15,9,9.0,0.0,1.0,9,1,6.0,7.0,3,25,21,11,0,1.0,2026-07-17 21:15:14
2022-07-07,Thursday,Weekday,201.0,3.0,1.0,17.0,1.0,6.0,2.0,6.0,1,4.0,2.0,12,0.0,11.0,9.0,2.0,8,0.0,17,3,3.0,2.0,0,26.0,0,6,4,15.0,1.0,4.0,4,7,0.0,1.0,1,7,2,5,1,7.0,2026-07-17 21:15:14
2022-07-08,Friday,Weekday,226.0,11.0,3.0,3.0,1.0,0.0,1.0,6.0,5,17.0,4.0,6,4.0,4.0,1.0,2.0,5,8.0,18,4,0.0,4.0,4,1.0,7,23,19,1.0,11.0,8.0,2,3,7.0,3.0,2,4,6,1,12,5.0,2026-07-17 21:15:14
2022-07-09,Saturday,Weekend,282.0,8.0,1.0,7.0,2.0,1.0,6.0,5.0,7,1.0,8.0,1,41.0,8.0,9.0,4.0,1,26.0,2,5,9.0,0.0,14,8.0,3,1,1,19.0,11.0,1.0,1,8,5.0,3.0,3,2,13,29,1,7.0,2026-07-17 21:15:14
2022-07-10,Sunday,Weekend,378.0,7.0,8.0,5.0,31.0,14.0,12.0,6.0,2,2.0,28.0,4,17.0,9.0,8.0,12.0,8,2.0,6,17,21.0,5.0,10,3.0,4,0,33,4.0,4.0,5.0,2,13,1.0,2.0,13,7,23,13,3,14.0,2026-07-17 21:15:14
2022-07-11,Monday,Weekday,241.0,3.0,5.0,6.0,4.0,9.0,9.0,43.0,5,3.0,2.0,1,3.0,3.0,16.0,4.0,2,3.0,10,8,5.0,3.0,10,0.0,12,4,4,3.0,6.0,0.0,11,4,2.0,1.0,3,5,4,7,4,14.0,2026-07-17 21:15:14
2022-07-12,Tuesday,Weekday,198.0,3.0,8.0,1.0,3.0,5.0,4.0,10.0,0,0.0,15.0,1,6.0,4.0,8.0,1.0,1,4.0,14,2,2.0,4.0,16,8.0,28,0,1,4.0,9.0,2.0,1,6,0.0,2.0,2,4,10,3,3,3.0,2026-07-17 21:15:14
2022-07-13,Wednesday,Weekday,206.0,5.0,6.0,1.0,0.0,2.0,1.0,3.0,11,7.0,11.0,3,3.0,3.0,1.0,0.0,6,24.0,2,0,9.0,1.0,9,7.0,20,2,7,3.0,6.0,3.0,1,2,4.0,9.0,6,6,2,6,3,11.0,2026-07-17 21:15:14
2022-07-14,Thursday,Weekday,104.0,6.0,0.0,5.0,0.0,2.0,2.0,1.0,4,0.0,1.0,3,3.0,6.0,3.0,3.0,2,0.0,1,2,3.0,1.0,3,2.0,0,0,5,3.0,5.0,0.0,12,1,0.0,11.0,1,3,1,3,5,1.0,2026-07-17 21:15:14
2022-07-15,Friday,Weekday,148.0,4.0,1.0,4.0,2.0,1.0,2.0,1.0,9,1.0,1.0,2,1.0,6.0,16.0,2.0,8,3.0,1,6,4.0,4.0,8,3.0,9,6,3,4.0,2.0,16.0,4,0,1.0,4.0,0,0,3,2,2,2.0,2026-07-17 21:15:14
2022-07-16,Saturday,Weekend,512.0,1.0,15.0,10.0,2.0,8.0,10.0,1.0,3,1.0,34.0,20,21.0,18.0,17.0,10.0,14,0.0,16,20,11.0,6.0,6,15.0,17,30,7,23.0,12.0,29.0,10,7,11.0,14.0,35,1,3,37,8,9.0,2026-07-17 21:15:14
2022-07-17,Sunday,Weekend,428.0,6.0,2.0,12.0,14.0,5.0,3.0,14.0,1,23.0,5.0,9,25.0,12.0,7.0,13.0,5,4.0,49,14,11.0,3.0,0,0.0,6,13,7,17.0,0.0,5.0,2,5,1.0,26.0,2,24,9,48,6,20.0,2026-07-17 21:15:14
2022-07-18,Monday,Weekday,315.0,0.0,10.0,19.0,1.0,3.0,4.0,26.0,8,6.0,2.0,0,19.0,0.0,9.0,27.0,1,11.0,0,9,1.0,12.0,4,5.0,9,1,13,4.0,12.0,3.0,9,1,6.0,1.0,12,4,28,26,1,8.0,2026-07-17 21:15:14
2022-07-19,Tuesday,Weekday,264.0,0.0,5.0,13.0,7.0,12.0,2.0,5.0,1,12.0,9.0,12,2.0,2.0,2.0,0.0,3,12.0,18,6,5.0,0.0,17,0.0,21,5,4,20.0,0.0,7.0,6,1,4.0,8.0,9,0,29,1,1,3.0,2026-07-17 21:15:14
2022-07-20,Wednesday,Weekday,264.0,0.0,0.0,37.0,3.0,2.0,1.0,11.0,16,2.0,0.0,1,0.0,1.0,4.0,1.0,7,3.0,25,20,7.0,3.0,4,4.0,11,4,16,23.0,4.0,7.0,1,1,4.0,1.0,13,1,7,9,8,2.0,2026-07-17 21:15:14
2022-07-21,Thursday,Weekday,194.0,10.0,6.0,4.0,0.0,6.0,8.0,6.0,11,5.0,2.0,0,2.0,8.0,10.0,3.0,4,3.0,4,1,1.0,1.0,0,1.0,0,6,3,25.0,1.0,2.0,2,0,11.0,0.0,14,13,7,5,6,3.0,2026-07-17 21:15:14
2022-07-22,Friday,Weekday,219.0,5.0,0.0,0.0,4.0,8.0,12.0,2.0,13,1.0,6.0,2,3.0,2.0,5.0,11.0,4,3.0,12,6,4.0,2.0,14,6.0,2,4,9,0.0,33.0,2.0,11,3,4.0,11.0,3,5,0,0,1,6.0,2026-07-17 21:15:14
2022-07-23,Saturday,Weekend,448.0,2.0,1.0,7.0,11.0,25.0,2.0,1.0,34,3.0,33.0,30,18.0,2.0,21.0,17.0,13,6.0,3,1,8.0,11.0,5,8.0,5,12,26,2.0,5.0,2.0,11,11,27.0,4.0,33,1,16,1,23,7.0,2026-07-17 21:15:14
2022-07-24,Sunday,Weekend,464.0,12.0,21.0,3.0,0.0,42.0,3.0,1.0,8,11.0,0.0,3,0.0,6.0,27.0,55.0,13,2.0,32,9,2.0,32.0,19,15.0,14,2,3,16.0,3.0,7.0,18,16,5.0,17.0,19,12,6,4,5,1.0,2026-07-17 21:15:14
2022-07-25,Monday,Weekday,175.0,2.0,1.0,3.0,13.0,2.0,4.0,5.0,0,12.0,5.0,2,8.0,1.0,6.0,0.0,10,3.0,6,1,5.0,7.0,3,5.0,3,10,3,10.0,8.0,2.0,1,2,8.0,1.0,4,9,3,5,1,1.0,2026-07-17 21:15:14
2022-07-26,Tuesday,Weekday,212.0,6.0,0.0,1.0,11.0,4.0,16.0,21.0,1,0.0,10.0,4,0.0,7.0,0.0,10.0,1,1.0,1,19,7.0,9.0,3,2.0,1,4,5,7.0,1.0,19.0,1,12,0.0,3.0,3,4,6,4,2,6.0,2026-07-17 21:15:14
2022-07-27,Wednesday,Weekday,197.0,3.0,5.0,1.0,5.0,6.0,2.0,4.0,2,1.0,2.0,0,5.0,5.0,15.0,5.0,0,9.0,8,3,4.0,19.0,3,12.0,0,1,3,5.0,8.0,24.0,2,0,7.0,3.0,1,3,10,6,3,2.0,2026-07-17 21:15:14
2022-07-28,Thursday,Weekday,243.0,20.0,7.0,3.0,1.0,11.0,1.0,1.0,4,3.0,9.0,1,6.0,1.0,0.0,1.0,18,14.0,1,9,5.0,21.0,3,7.0,0,3,22,4.0,3.0,1.0,7,5,2.0,18.0,0,3,21,3,1,3.0,2026-07-17 21:15:14
2022-07-29,Friday,Weekday,261.0,11.0,1.0,25.0,11.0,2.0,8.0,3.0,3,10.0,37.0,2,4.0,5.0,3.0,3.0,0,10.0,4,1,10.0,12.0,6,3.0,8,3,1,9.0,0.0,0.0,0,1,0.0,34.0,3,1,2,19,4,2.0,2026-07-17 21:15:14
2022-07-30,Saturday,Weekend,335.0,20.0,5.0,5.0,3.0,10.0,5.0,17.0,4,11.0,1.0,3,8.0,38.0,6.0,15.0,4,2.0,1,5,3.0,2.0,19,0.0,12,6,9,11.0,6.0,5.0,17,18,2.0,1.0,25,5,13,6,2,10.0,2026-07-17 21:15:14
2022-07-31,Sunday,Weekend,394.0,6.0,2.0,6.0,15.0,15.0,1.0,7.0,14,15.0,13.0,2,12.0,11.0,0.0,5.0,4,12.0,2,8,24.0,17.0,25,36.0,0,9,4,19.0,3.0,34.0,8,11,1.0,2.0,14,0,23,0,10,4.0,2026-07-17 21:15:14
2022-08-01,Monday,Weekday,245.0,8.0,9.0,3.0,1.0,0.0,5.0,6.0,9,6.0,8.0,4,0.0,4.0,29.0,13.0,3,6.0,14,4,0.0,0.0,5,26.0,9,0,1,8.0,13.0,8.0,7,0,12.0,10.0,2,8,2,0,1,1.0,2026-07-17 21:15:14
2022-08-02,Tuesday,Weekday,166.0,2.0,2.0,3.0,3.0,2.0,0.0,3.0,2,1.0,12.0,7,9.0,3.0,1.0,5.0,1,2.0,0,6,1.0,9.0,8,3.0,7,5,7,1.0,7.0,3.0,13,2,2.0,5.0,6,3,2,3,11,4.0,2026-07-17 21:15:14
2022-08-03,Wednesday,Weekday,168.0,10.0,1.0,4.0,6.0,15.0,0.0,14.0,5,1.0,3.0,2,4.0,0.0,1.0,10.0,1,2.0,4,4,9.0,3.0,10,6.0,1,1,3,3.0,7.0,5.0,3,1,2.0,4.0,2,4,2,5,8,2.0,2026-07-17 21:15:14
2022-08-04,Thursday,Weekday,167.0,1.0,14.0,1.0,4.0,0.0,3.0,0.0,16,5.0,12.0,6,3.0,3.0,7.0,11.0,3,12.0,4,3,3.0,1.0,0,1.0,3,2,3,18.0,2.0,3.0,1,0,6.0,3.0,4,1,6,1,1,0.0,2026-07-17 21:15:14
2022-08-05,Friday,Weekday,280.0,0.0,3.0,3.0,32.0,6.0,1.0,1.0,8,0.0,21.0,25,1.0,5.0,0.0,6.0,4,2.0,2,8,3.0,1.0,9,8.0,14,1,13,7.0,1.0,9.0,4,16,1.0,5.0,4,18,5,20,12,1.0,2026-07-17 21:15:14
2022-08-06,Saturday,Weekend,365.0,10.0,37.0,3.0,3.0,11.0,3.0,0.0,2,3.0,7.0,2,17.0,11.0,1.0,8.0,9,28.0,0,3,22.0,23.0,11,13.0,1,7,2,2.0,14.0,1.0,6,19,2.0,32.0,33,7,3,3,4,2.0,2026-07-17 21:15:14
2022-08-07,Sunday,Weekend,521.0,5.0,44.0,2.0,17.0,0.0,9.0,33.0,4,2.0,17.0,17,16.0,6.0,3.0,41.0,31,8.0,25,9,6.0,3.0,6,11.0,0,9,21,13.0,12.0,29.0,0,9,16.0,9.0,4,1,41,8,24,10.0,2026-07-17 21:15:14
2022-08-08,Monday,Weekday,210.0,6.0,10.0,8.0,2.0,5.0,9.0,2.0,4,0.0,23.0,0,7.0,3.0,2.0,7.0,0,6.0,8,10,1.0,14.0,5,12.0,4,5,12,12.0,3.0,2.0,2,2,2.0,1.0,10,0,8,1,2,0.0,2026-07-17 21:15:14
2022-08-09,Tuesday,Weekday,279.0,3.0,7.0,14.0,1.0,6.0,2.0,13.0,8,6.0,8.0,12,0.0,3.0,15.0,7.0,4,6.0,3,5,7.0,3.0,8,11.0,1,3,3,6.0,1.0,6.0,14,3,14.0,27.0,0,1,28,20,0,0.0,2026-07-17 21:15:14
2022-08-10,Wednesday,Weekday,148.0,2.0,21.0,1.0,4.0,13.0,0.0,4.0,2,10.0,2.0,5,5.0,1.0,0.0,3.0,2,8.0,7,3,4.0,4.0,7,3.0,2,2,3,3.0,2.0,1.0,6,1,1.0,2.0,1,4,3,2,3,1.0,2026-07-17 21:15:14
2022-08-11,Thursday,Weekday,248.0,0.0,16.0,7.0,5.0,0.0,5.0,8.0,8,12.0,2.0,3,18.0,28.0,1.0,5.0,3,0.0,3,2,11.0,9.0,2,0.0,14,2,9,5.0,10.0,3.0,1,3,1.0,5.0,8,3,0,7,7,22.0,2026-07-17 21:15:14
2022-08-12,Friday,Weekday,225.0,5.0,3.0,6.0,16.0,15.0,2.0,1.0,1,3.0,12.0,4,0.0,8.0,10.0,1.0,6,4.0,12,12,5.0,8.0,12,4.0,2,8,1,2.0,11.0,9.0,2,1,2.0,1.0,1,8,2,4,2,19.0,2026-07-17 21:15:14
2022-08-13,Saturday,Weekend,442.0,8.0,2.0,1.0,14.0,25.0,9.0,10.0,1,11.0,16.0,2,2.0,2.0,2.0,13.0,3,5.0,3,48,31.0,5.0,7,3.0,12,0,17,12.0,40.0,3.0,23,22,2.0,8.0,3,4,7,16,8,42.0,2026-07-17 21:15:14
2022-08-14,Sunday,Weekend,373.0,1.0,35.0,3.0,15.0,7.0,2.0,20.0,4,10.0,13.0,6,8.0,14.0,1.0,14.0,29,1.0,2,15,5.0,6.0,2,8.0,2,7,17,3.0,7.0,40.0,10,16,5.0,15.0,0,1,4,6,15,4.0,2026-07-17 21:15:14
2022-08-15,Monday,Weekday,185.0,5.0,5.0,4.0,2.0,7.0,2.0,0.0,24,1.0,0.0,10,2.0,4.0,2.0,2.0,1,2.0,2,5,3.0,14.0,0,3.0,4,15,0,5.0,11.0,1.0,9,0,5.0,12.0,4,4,0,12,3,0.0,2026-07-17 21:15:14
2022-08-16,Tuesday,Weekday,288.0,10.0,6.0,1.0,1.0,0.0,7.0,11.0,6,15.0,24.0,8,0.0,13.0,5.0,10.0,10,3.0,21,3,10.0,0.0,24,1.0,1,4,6,1.0,10.0,5.0,0,4,15.0,9.0,9,12,5,1,2,15.0,2026-07-17 21:15:14
2022-08-17,Wednesday,Weekday,217.0,14.0,3.0,0.0,1.0,2.0,3.0,0.0,15,3.0,18.0,9,6.0,5.0,6.0,5.0,6,4.0,24,6,7.0,12.0,1,0.0,4,4,9,3.0,3.0,4.0,0,4,8.0,1.0,3,4,2,1,15,2.0,2026-07-17 21:15:14
2022-08-18,Thursday,Weekday,166.0,2.0,1.0,6.0,4.0,8.0,0.0,10.0,1,2.0,3.0,1,9.0,13.0,2.0,8.0,6,12.0,1,4,2.0,8.0,0,4.0,1,2,5,9.0,4.0,8.0,1,3,2.0,0.0,4,6,5,6,3,0.0,2026-07-17 21:15:14
2022-08-19,Friday,Weekday,224.0,0.0,4.0,2.0,0.0,7.0,4.0,2.0,8,6.0,3.0,10,7.0,7.0,6.0,0.0,7,2.0,17,11,6.0,2.0,1,4.0,4,3,5,2.0,24.0,2.0,19,11,5.0,7.0,3,7,5,3,5,3.0,2026-07-17 21:15:14
2022-08-20,Saturday,Weekend,507.0,10.0,7.0,9.0,1.0,3.0,4.0,1.0,1,26.0,0.0,18,6.0,37.0,10.0,6.0,10,8.0,15,1,87.0,9.0,7,20.0,6,30,9,17.0,1.0,31.0,21,3,2.0,6.0,52,7,12,0,5,9.0,2026-07-17 21:15:14
2022-08-21,Sunday,Weekend,386.0,29.0,7.0,19.0,9.0,0.0,4.0,9.0,34,20.0,5.0,3,2.0,25.0,22.0,16.0,5,8.0,7,3,7.0,0.0,1,21.0,15,5,8,6.0,13.0,14.0,13,12,2.0,3.0,5,5,20,3,2,4.0,2026-07-17 21:15:14
2022-08-22,Monday,Weekday,192.0,14.0,1.0,3.0,2.0,0.0,2.0,5.0,4,9.0,2.0,0,13.0,2.0,4.0,8.0,1,6.0,1,1,1.0,6.0,1,6.0,13,4,4,2.0,1.0,2.0,4,12,10.0,9.0,9,3,6,10,2,9.0,2026-07-17 21:15:14
2022-08-23,Tuesday,Weekday,199.0,3.0,5.0,5.0,17.0,2.0,6.0,3.0,1,8.0,7.0,6,2.0,4.0,4.0,2.0,1,21.0,4,5,3.0,2.0,2,2.0,5,3,4,1.0,3.0,1.0,1,11,4.0,4.0,2,13,8,8,2,14.0,2026-07-17 21:15:14
2022-08-24,Wednesday,Weekday,199.0,8.0,11.0,3.0,1.0,2.0,1.0,9.0,0,0.0,2.0,1,1.0,7.0,4.0,0.0,2,2.0,0,5,6.0,6.0,5,0.0,19,8,11,0.0,13.0,8.0,8,0,6.0,12.0,6,4,19,2,4,3.0,2026-07-17 21:15:14
2022-08-25,Thursday,Weekday,182.0,8.0,0.0,3.0,6.0,11.0,4.0,11.0,13,0.0,3.0,0,2.0,3.0,11.0,10.0,1,0.0,4,3,1.0,9.0,10,2.0,12,2,6,3.0,1.0,14.0,2,5,2.0,0.0,0,3,7,2,4,4.0,2026-07-17 21:15:14
2022-08-26,Friday,Weekday,312.0,15.0,7.0,28.0,8.0,14.0,1.0,4.0,0,13.0,5.0,3,21.0,5.0,4.0,1.0,19,2.0,6,7,12.0,10.0,20,0.0,4,4,3,4.0,3.0,10.0,14,4,12.0,5.0,4,8,0,2,4,26.0,2026-07-17 21:15:14
2022-08-27,Saturday,Weekend,412.0,12.0,1.0,20.0,14.0,18.0,16.0,5.0,3,8.0,11.0,8,9.0,30.0,26.0,21.0,18,34.0,1,3,8.0,20.0,7,16.0,2,3,14,2.0,6.0,3.0,5,10,4.0,9.0,1,14,8,10,11,1.0,2026-07-17 21:15:14
2022-08-28,Sunday,Weekend,338.0,10.0,5.0,4.0,2.0,31.0,8.0,2.0,3,12.0,12.0,9,3.0,8.0,4.0,2.0,7,28.0,2,4,9.0,6.0,11,11.0,0,39,11,11.0,8.0,15.0,1,2,12.0,2.0,1,9,15,1,12,6.0,2026-07-17 21:15:14
2022-08-29,Monday,Weekday,279.0,5.0,11.0,4.0,1.0,3.0,4.0,5.0,11,13.0,11.0,13,1.0,0.0,14.0,0.0,3,7.0,4,16,3.0,0.0,3,7.0,3,5,16,21.0,1.0,6.0,8,17,40.0,2.0,9,4,0,0,4,4.0,2026-07-17 21:15:14
2022-08-30,Tuesday,Weekday,300.0,0.0,10.0,3.0,8.0,5.0,1.0,6.0,3,8.0,3.0,6,2.0,11.0,14.0,1.0,8,0.0,8,3,7.0,7.0,25,7.0,8,6,34,16.0,3.0,18.0,4,15,15.0,1.0,10,3,4,3,11,3.0,2026-07-17 21:15:14
2022-08-31,Wednesday,Weekday,178.0,0.0,4.0,1.0,0.0,2.0,2.0,2.0,0,14.0,7.0,2,2.0,2.0,4.0,1.0,1,8.0,1,2,9.0,4.0,3,5.0,0,5,4,8.0,12.0,12.0,10,2,2.0,3.0,4,9,2,10,6,13.0,2026-07-17 21:15:14
2022-09-01,Thursday,Weekday,327.0,18.0,4.0,3.0,3.0,5.0,9.0,16.0,27,12.0,0.0,1,2.0,5.0,8.0,0.0,4,1.0,14,8,8.0,7.0,34,3.0,7,18,10,31.0,6.0,8.0,1,8,4.0,1.0,7,8,0,15,10,1.0,2026-07-17 21:15:14
2022-09-02,Friday,Weekday,221.0,3.0,6.0,5.0,2.0,4.0,4.0,14.0,6,0.0,6.0,13,0.0,26.0,14.0,0.0,18,2.0,10,2,3.0,5.0,7,0.0,6,1,2,3.0,4.0,2.0,0,1,0.0,3.0,10,2,20,8,4,5.0,2026-07-17 21:15:14
2022-09-03,Saturday,Weekend,440.0,17.0,1.0,11.0,17.0,20.0,21.0,1.0,19,10.0,9.0,8,13.0,37.0,10.0,25.0,7,1.0,1,1,7.0,5.0,20,18.0,1,3,4,12.0,2.0,2.0,44,19,3.0,6.0,5,22,13,2,18,5.0,2026-07-17 21:15:14
2022-09-04,Sunday,Weekend,474.0,3.0,5.0,10.0,5.0,5.0,6.0,0.0,18,3.0,1.0,17,20.0,22.0,9.0,4.0,20,16.0,4,34,1.0,63.0,30,17.0,42,16,4,7.0,1.0,6.0,16,5,4.0,10.0,23,1,10,2,13,1.0,2026-07-17 21:15:14
2022-09-05,Monday,Weekday,201.0,7.0,4.0,2.0,19.0,0.0,4.0,0.0,4,5.0,3.0,1,4.0,10.0,10.0,5.0,6,1.0,2,1,2.0,1.0,4,6.0,21,1,7,12.0,6.0,3.0,3,0,2.0,8.0,0,1,14,11,3,8.0,2026-07-17 21:15:14
2022-09-06,Tuesday,Weekday,275.0,4.0,1.0,5.0,5.0,42.0,0.0,6.0,4,7.0,0.0,4,13.0,7.0,5.0,4.0,4,3.0,13,29,4.0,5.0,16,5.0,6,1,11,6.0,14.0,12.0,1,9,11.0,2.0,1,0,6,3,5,1.0,2026-07-17 21:15:14
2022-09-07,Wednesday,Weekday,262.0,11.0,2.0,1.0,5.0,9.0,1.0,4.0,1,9.0,15.0,4,9.0,11.0,1.0,27.0,14,1.0,1,1,1.0,10.0,5,11.0,11,7,8,0.0,4.0,8.0,0,0,12.0,9.0,2,10,17,2,0,18.0,2026-07-17 21:15:14
2022-09-08,Thursday,Weekday,160.0,2.0,0.0,2.0,5.0,1.0,1.0,1.0,15,1.0,4.0,7,1.0,12.0,8.0,8.0,1,3.0,5,15,1.0,4.0,1,1.0,2,6,2,3.0,15.0,2.0,3,2,2.0,3.0,9,3,6,0,1,2.0,2026-07-17 21:15:14
2022-09-09,Friday,Weekday,335.0,0.0,1.0,6.0,0.0,3.0,5.0,8.0,24,9.0,4.0,29,12.0,1.0,1.0,8.0,7,15.0,11,7,38.0,6.0,1,15.0,1,13,23,10.0,8.0,6.0,4,3,6.0,11.0,7,1,8,13,4,6.0,2026-07-17 21:15:14
2022-09-10,Saturday,Weekend,484.0,13.0,11.0,5.0,23.0,2.0,44.0,2.0,0,22.0,3.0,17,19.0,17.0,50.0,4.0,14,1.0,5,21,5.0,9.0,8,11.0,32,0,10,20.0,6.0,2.0,8,3,2.0,20.0,6,27,21,14,0,7.0,2026-07-17 21:15:14
2022-09-11,Sunday,Weekend,430.0,1.0,27.0,2.0,5.0,15.0,4.0,3.0,11,1.0,1.0,5,17.0,11.0,7.0,13.0,6,38.0,1,14,31.0,25.0,2,5.0,16,1,24,17.0,19.0,1.0,17,15,21.0,1.0,0,7,3,13,25,5.0,2026-07-17 21:15:14
2022-09-12,Monday,Weekday,204.0,8.0,0.0,1.0,0.0,3.0,13.0,0.0,5,4.0,22.0,1,1.0,0.0,2.0,1.0,11,5.0,6,3,0.0,3.0,37,10.0,12,9,0,1.0,0.0,2.0,0,3,5.0,9.0,8,13,0,0,5,1.0,2026-07-17 21:15:14
2022-09-13,Tuesday,Weekday,174.0,2.0,2.0,2.0,5.0,5.0,2.0,5.0,2,1.0,1.0,2,6.0,8.0,5.0,1.0,4,4.0,3,4,3.0,4.0,6,1.0,7,1,0,21.0,16.0,0.0,3,1,2.0,7.0,12,5,3,4,2,12.0,2026-07-17 21:15:14
2022-09-14,Wednesday,Weekday,220.0,10.0,5.0,2.0,3.0,0.0,10.0,4.0,2,4.0,13.0,1,11.0,15.0,20.0,3.0,1,4.0,3,1,5.0,4.0,12,0.0,8,10,10,13.0,8.0,16.0,2,3,0.0,0.0,1,1,2,1,0,12.0,2026-07-17 21:15:14
2022-09-15,Thursday,Weekday,234.0,0.0,5.0,1.0,12.0,20.0,4.0,6.0,0,20.0,19.0,10,5.0,2.0,11.0,1.0,4,0.0,12,1,1.0,4.0,7,5.0,1,0,8,26.0,9.0,2.0,11,2,3.0,3.0,2,8,5,3,1,0.0,2026-07-17 21:15:14
2022-09-16,Friday,Weekday,204.0,5.0,1.0,1.0,5.0,9.0,6.0,4.0,12,13.0,11.0,6,2.0,16.0,1.0,1.0,3,0.0,18,5,4.0,4.0,4,0.0,5,5,3,7.0,1.0,1.0,1,2,9.0,7.0,2,5,8,1,1,15.0,2026-07-17 21:15:14
2022-09-17,Saturday,Weekend,238.0,6.0,24.0,4.0,11.0,4.0,2.0,5.0,4,1.0,4.0,0,10.0,5.0,1.0,1.0,1,6.0,1,10,0.0,2.0,15,10.0,1,12,6,13.0,7.0,7.0,35,1,6.0,4.0,0,0,1,8,5,5.0,2026-07-17 21:15:14
2022-09-18,Sunday,Weekend,334.0,0.0,4.0,21.0,5.0,16.0,14.0,15.0,8,18.0,6.0,22,3.0,3.0,1.0,15.0,6,2.0,3,26,19.0,9.0,9,6.0,5,27,2,6.0,5.0,6.0,5,7,1.0,6.0,3,1,1,14,5,9.0,2026-07-17 21:15:14
2022-09-19,Monday,Weekday,113.0,3.0,4.0,2.0,1.0,3.0,3.0,2.0,5,7.0,1.0,1,3.0,1.0,0.0,7.0,1,8.0,4,4,1.0,1.0,2,1.0,1,1,1,1.0,7.0,1.0,0,2,11.0,1.0,1,3,10,5,2,1.0,2026-07-17 21:15:14
2022-09-20,Tuesday,Weekday,172.0,3.0,1.0,5.0,6.0,20.0,1.0,0.0,4,4.0,10.0,1,1.0,3.0,2.0,9.0,3,8.0,5,6,2.0,7.0,1,4.0,1,3,2,1.0,15.0,1.0,7,12,0.0,4.0,1,0,3,13,0,3.0,2026-07-17 21:15:14
2022-09-21,Wednesday,Weekday,181.0,4.0,8.0,0.0,6.0,8.0,4.0,12.0,10,0.0,3.0,2,2.0,3.0,2.0,2.0,20,0.0,13,3,3.0,9.0,2,2.0,2,2,12,9.0,1.0,1.0,2,0,4.0,1.0,3,0,3,5,3,15.0,2026-07-17 21:15:14
2022-09-22,Thursday,Weekday,232.0,9.0,2.0,0.0,9.0,15.0,9.0,1.0,34,1.0,9.0,13,1.0,12.0,1.0,22.0,1,17.0,0,8,3.0,4.0,1,6.0,1,4,1,14.0,0.0,1.0,1,2,1.0,3.0,9,7,6,0,3,1.0,2026-07-17 21:15:14
2022-09-23,Friday,Weekday,230.0,7.0,2.0,2.0,2.0,18.0,1.0,6.0,1,6.0,18.0,3,4.0,15.0,4.0,4.0,5,7.0,0,9,2.0,0.0,10,3.0,0,5,11,11.0,20.0,9.0,0,2,7.0,2.0,5,5,3,13,4,4.0,2026-07-17 21:15:14
2022-09-24,Saturday,Weekend,391.0,44.0,6.0,2.0,6.0,25.0,11.0,12.0,11,2.0,21.0,15,2.0,1.0,33.0,19.0,20,21.0,6,8,6.0,0.0,10,6.0,9,6,7,2.0,4.0,1.0,2,24,1.0,4.0,6,9,1,16,10,2.0,2026-07-17 21:15:14
2022-09-25,Sunday,Weekend,328.0,2.0,17.0,15.0,10.0,1.0,4.0,5.0,2,4.0,11.0,3,11.0,14.0,3.0,12.0,1,11.0,1,1,7.0,4.0,20,4.0,2,5,5,4.0,9.0,11.0,12,18,3.0,7.0,3,8,7,45,9,17.0,2026-07-17 21:15:14
2022-09-26,Monday,Weekday,160.0,7.0,8.0,7.0,3.0,2.0,2.0,0.0,3,3.0,4.0,16,10.0,1.0,2.0,2.0,2,9.0,2,3,9.0,7.0,1,5.0,2,2,0,3.0,2.0,1.0,5,5,1.0,0.0,8,0,15,5,2,1.0,2026-07-17 21:15:14
2022-09-27,Tuesday,Weekday,194.0,0.0,2.0,1.0,7.0,2.0,5.0,7.0,3,0.0,0.0,0,9.0,2.0,12.0,5.0,5,6.0,9,3,1.0,5.0,2,4.0,7,4,6,5.0,8.0,8.0,6,6,12.0,4.0,3,11,10,0,14,0.0,2026-07-17 21:15:14
2022-09-28,Wednesday,Weekday,155.0,6.0,4.0,10.0,0.0,5.0,2.0,2.0,0,3.0,4.0,0,3.0,6.0,6.0,9.0,2,10.0,7,1,1.0,2.0,1,3.0,4,6,2,0.0,6.0,1.0,14,1,9.0,0.0,1,0,6,8,2,8.0,2026-07-17 21:15:14
2022-09-29,Thursday,Weekday,166.0,4.0,3.0,8.0,1.0,3.0,8.0,8.0,15,8.0,0.0,6,2.0,15.0,2.0,4.0,2,1.0,0,9,6.0,1.0,5,4.0,2,1,7,5.0,3.0,4.0,0,2,1.0,1.0,4,8,3,1,3,6.0,2026-07-17 21:15:14
2022-09-30,Friday,Weekday,233.0,5.0,8.0,4.0,8.0,2.0,2.0,3.0,4,13.0,15.0,1,1.0,3.0,2.0,5.0,12,18.0,5,9,4.0,1.0,4,4.0,6,1,3,3.0,16.0,3.0,8,6,1.0,3.0,10,4,25,1,0,10.0,2026-07-17 21:15:14
2022-10-01,Saturday,Weekend,262.0,11.0,26.0,7.0,17.0,17.0,9.0,5.0,3,19.0,6.0,6,4.0,5.0,4.0,0.0,15,4.0,4,1,0.0,2.0,8,1.0,13,1,1,1.0,0.0,12.0,13,6,1.0,2.0,4,19,2,8,3,2.0,2026-07-17 21:15:14
2022-10-02,Sunday,Weekend,507.0,7.0,1.0,18.0,4.0,23.0,1.0,40.0,3,25.0,27.0,39,9.0,13.0,5.0,3.0,7,3.0,54,1,11.0,12.0,10,12.0,1,9,4,33.0,19.0,46.0,0,3,1.0,0.0,2,15,5,8,21,12.0,2026-07-17 21:15:14
2022-10-03,Monday,Weekday,129.0,3.0,2.0,2.0,1.0,8.0,2.0,8.0,6,3.0,3.0,1,7.0,3.0,1.0,1.0,1,6.0,1,4,3.0,4.0,9,7.0,2,0,2,4.0,5.0,5.0,1,4,1.0,5.0,1,6,0,2,4,1.0,2026-07-17 21:15:14
2022-10-04,Tuesday,Weekday,205.0,10.0,6.0,8.0,3.0,8.0,7.0,4.0,6,3.0,2.0,1,0.0,2.0,9.0,10.0,1,21.0,5,14,7.0,8.0,0,2.0,0,9,3,9.0,2.0,12.0,1,1,2.0,3.0,2,9,2,3,10,0.0,2026-07-17 21:15:14
2022-10-05,Wednesday,Weekday,234.0,13.0,18.0,0.0,1.0,4.0,7.0,6.0,5,7.0,2.0,10,6.0,3.0,14.0,6.0,1,2.0,5,0,17.0,1.0,7,4.0,0,13,12,3.0,1.0,1.0,2,1,3.0,17.0,3,14,8,4,10,3.0,2026-07-17 21:15:14
2022-10-06,Thursday,Weekday,217.0,10.0,3.0,1.0,12.0,8.0,12.0,15.0,0,3.0,3.0,5,7.0,1.0,5.0,7.0,1,10.0,6,18,3.0,1.0,3,0.0,21,0,8,3.0,3.0,0.0,5,4,1.0,11.0,2,4,5,0,14,2.0,2026-07-17 21:15:14
2022-10-07,Friday,Weekday,377.0,4.0,8.0,11.0,8.0,28.0,0.0,5.0,21,0.0,36.0,3,23.0,7.0,13.0,2.0,0,2.0,3,5,9.0,12.0,21,13.0,12,6,10,6.0,28.0,4.0,0,9,2.0,20.0,22,0,4,9,8,3.0,2026-07-17 21:15:14
2022-10-08,Saturday,Weekend,444.0,9.0,7.0,4.0,0.0,25.0,2.0,19.0,6,8.0,29.0,23,5.0,2.0,15.0,5.0,2,25.0,2,0,0.0,11.0,12,4.0,4,5,11,1.0,27.0,2.0,85,2,14.0,2.0,1,25,28,6,9,7.0,2026-07-17 21:15:14
2022-10-09,Sunday,Weekend,428.0,19.0,5.0,8.0,8.0,7.0,20.0,2.0,2,11.0,16.0,2,6.0,30.0,3.0,13.0,14,7.0,30,16,6.0,9.0,13,8.0,20,5,5,2.0,0.0,0.0,25,8,10.0,9.0,19,7,27,3,23,10.0,2026-07-17 21:15:14
2022-10-10,Monday,Weekday,192.0,1.0,3.0,3.0,1.0,5.0,1.0,0.0,13,4.0,14.0,4,2.0,3.0,4.0,13.0,1,10.0,13,5,10.0,2.0,14,5.0,0,11,3,2.0,3.0,1.0,2,8,0.0,1.0,0,2,8,8,9,3.0,2026-07-17 21:15:14
2022-10-11,Tuesday,Weekday,232.0,3.0,13.0,11.0,6.0,13.0,13.0,8.0,2,8.0,0.0,2,2.0,1.0,0.0,1.0,7,10.0,28,2,5.0,17.0,1,8.0,10,0,12,11.0,0.0,0.0,0,2,4.0,5.0,1,16,4,0,2,4.0,2026-07-17 21:15:14
2022-10-12,Wednesday,Weekday,268.0,3.0,1.0,1.0,11.0,54.0,3.0,3.0,6,7.0,4.0,14,5.0,3.0,5.0,17.0,9,0.0,3,2,1.0,6.0,11,8.0,27,1,13,8.0,3.0,8.0,0,8,4.0,1.0,5,5,1,0,3,4.0,2026-07-17 21:15:14
2022-10-13,Thursday,Weekday,184.0,7.0,10.0,3.0,6.0,4.0,5.0,1.0,2,4.0,0.0,7,8.0,2.0,2.0,8.0,7,1.0,3,5,4.0,1.0,1,11.0,5,20,6,12.0,1.0,6.0,0,4,2.0,2.0,6,9,0,5,2,2.0,2026-07-17 21:15:14
2022-10-14,Friday,Weekday,301.0,11.0,1.0,21.0,2.0,11.0,6.0,2.0,1,15.0,12.0,3,5.0,0.0,1.0,3.0,0,13.0,9,18,6.0,21.0,6,5.0,25,6,0,10.0,15.0,10.0,6,5,27.0,0.0,6,1,10,6,1,1.0,2026-07-17 21:15:14
2022-10-15,Saturday,Weekend,402.0,9.0,0.0,3.0,16.0,6.0,6.0,33.0,3,5.0,15.0,14,26.0,29.0,17.0,3.0,0,5.0,2,15,10.0,0.0,21,3.0,6,11,6,6.0,1.0,6.0,15,20,6.0,7.0,11,33,4,6,15,8.0,2026-07-17 21:15:14
2022-10-16,Sunday,Weekend,292.0,1.0,7.0,1.0,6.0,8.0,14.0,5.0,3,2.0,20.0,1,5.0,2.0,12.0,5.0,4,4.0,13,6,10.0,19.0,18,3.0,24,0,4,19.0,2.0,2.0,3,6,4.0,8.0,15,9,2,23,1,1.0,2026-07-17 21:15:14
2022-10-17,Monday,Weekday,141.0,1.0,4.0,1.0,1.0,2.0,1.0,4.0,8,7.0,2.0,2,17.0,0.0,9.0,1.0,14,2.0,2,5,4.0,2.0,4,7.0,0,0,4,1.0,5.0,1.0,2,1,4.0,1.0,0,0,17,1,4,0.0,2026-07-17 21:15:14
2022-10-18,Tuesday,Weekday,203.0,0.0,2.0,3.0,15.0,17.0,5.0,4.0,3,2.0,20.0,4,4.0,1.0,0.0,13.0,2,2.0,1,10,0.0,8.0,1,10.0,6,1,3,3.0,1.0,9.0,3,2,1.0,2.0,10,2,20,11,1,1.0,2026-07-17 21:15:14
2022-10-19,Wednesday,Weekday,112.0,5.0,1.0,0.0,1.0,4.0,3.0,1.0,0,6.0,5.0,2,4.0,2.0,4.0,1.0,1,3.0,2,11,2.0,8.0,7,1.0,4,2,7,2.0,4.0,2.0,1,1,1.0,3.0,2,3,1,2,0,3.0,2026-07-17 21:15:14
2022-10-20,Thursday,Weekday,122.0,14.0,1.0,0.0,1.0,5.0,3.0,5.0,1,6.0,6.0,1,2.0,0.0,2.0,8.0,2,7.0,3,1,3.0,3.0,2,1.0,2,0,0,2.0,2.0,9.0,2,4,3.0,3.0,0,7,4,6,1,0.0,2026-07-17 21:15:14
2022-10-21,Friday,Weekday,154.0,3.0,1.0,3.0,1.0,5.0,13.0,3.0,7,2.0,3.0,10,10.0,5.0,1.0,3.0,1,1.0,3,7,10.0,2.0,0,7.0,1,4,0,1.0,18.0,0.0,2,1,8.0,6.0,1,0,5,2,4,0.0,2026-07-17 21:15:14
2022-10-22,Saturday,Weekend,381.0,1.0,8.0,2.0,17.0,1.0,1.0,53.0,5,12.0,4.0,8,13.0,3.0,18.0,8.0,5,5.0,9,2,6.0,4.0,6,14.0,5,27,3,5.0,16.0,6.0,7,0,4.0,2.0,52,3,27,9,4,6.0,2026-07-17 21:15:14
2022-10-23,Sunday,Weekend,409.0,20.0,17.0,2.0,4.0,6.0,0.0,10.0,18,4.0,19.0,10,5.0,2.0,12.0,20.0,13,0.0,4,1,9.0,16.0,1,20.0,7,11,42,1.0,23.0,1.0,4,16,19.0,5.0,8,14,27,1,12,5.0,2026-07-17 21:15:14
2022-10-24,Monday,Weekday,132.0,2.0,1.0,2.0,12.0,3.0,7.0,1.0,5,6.0,5.0,3,3.0,7.0,6.0,1.0,7,1.0,1,6,1.0,5.0,1,0.0,2,0,5,1.0,2.0,0.0,1,5,1.0,3.0,7,4,7,1,1,6.0,2026-07-17 21:15:14
2022-10-25,Tuesday,Weekday,152.0,5.0,3.0,4.0,2.0,0.0,5.0,4.0,4,10.0,2.0,2,9.0,7.0,2.0,1.0,1,4.0,2,7,11.0,7.0,2,7.0,2,1,0,2.0,8.0,1.0,1,10,0.0,6.0,2,0,13,1,3,1.0,2026-07-17 21:15:14
2022-10-26,Wednesday,Weekday,97.0,1.0,1.0,0.0,0.0,5.0,1.0,1.0,1,5.0,6.0,3,4.0,0.0,1.0,2.0,2,1.0,1,9,4.0,1.0,3,1.0,0,1,1,0.0,3.0,1.0,2,0,1.0,3.0,2,5,20,1,1,3.0,2026-07-17 21:15:14
2022-10-27,Thursday,Weekday,125.0,19.0,3.0,6.0,5.0,3.0,1.0,5.0,5,0.0,2.0,1,1.0,6.0,0.0,1.0,1,3.0,3,1,1.0,1.0,2,1.0,10,1,0,4.0,2.0,4.0,1,2,4.0,7.0,1,1,2,9,6,0.0,2026-07-17 21:15:14
2022-10-28,Friday,Weekday,166.0,0.0,3.0,1.0,2.0,1.0,4.0,19.0,27,2.0,6.0,9,1.0,5.0,3.0,1.0,3,0.0,5,2,2.0,1.0,11,4.0,5,3,3,1.0,6.0,1.0,1,5,1.0,1.0,3,4,8,4,3,5.0,2026-07-17 21:15:14
2022-10-29,Saturday,Weekend,319.0,2.0,3.0,6.0,4.0,59.0,14.0,2.0,0,1.0,4.0,1,7.0,19.0,13.0,2.0,4,7.0,15,19,17.0,6.0,11,1.0,8,3,5,12.0,3.0,1.0,0,0,0.0,1.0,2,3,53,4,1,6.0,2026-07-17 21:15:14
2022-10-30,Sunday,Weekend,334.0,9.0,6.0,3.0,7.0,12.0,8.0,8.0,15,15.0,8.0,6,7.0,11.0,0.0,36.0,2,4.0,16,2,5.0,1.0,3,2.0,4,3,38,39.0,1.0,11.0,0,0,1.0,19.0,16,2,2,2,5,5.0,2026-07-17 21:15:14
2022-10-31,Monday,Weekday,223.0,2.0,6.0,3.0,14.0,11.0,1.0,7.0,8,1.0,3.0,13,1.0,0.0,3.0,8.0,6,14.0,4,0,4.0,9.0,0,1.0,0,4,10,6.0,17.0,0.0,10,6,1.0,13.0,1,10,16,7,3,0.0,2026-07-17 21:15:14
2022-11-01,Tuesday,Weekday,220.0,2.0,2.0,7.0,9.0,19.0,0.0,11.0,18,9.0,2.0,0,0.0,6.0,7.0,28.0,3,2.0,5,10,16.0,10.0,4,6.0,10,3,1,1.0,0.0,7.0,1,1,2.0,4.0,2,6,0,1,3,2.0,2026-07-17 21:15:14
2022-11-02,Wednesday,Weekday,254.0,2.0,1.0,12.0,6.0,2.0,0.0,20.0,7,3.0,8.0,6,8.0,3.0,3.0,0.0,15,4.0,1,12,12.0,26.0,11,29.0,1,8,8,1.0,0.0,18.0,1,9,0.0,0.0,2,2,8,4,0,1.0,2026-07-17 21:15:14
2022-11-03,Thursday,Weekday,224.0,3.0,1.0,7.0,2.0,0.0,3.0,0.0,1,1.0,15.0,15,9.0,2.0,1.0,4.0,7,30.0,1,0,7.0,10.0,8,5.0,17,4,14,17.0,10.0,1.0,1,3,2.0,9.0,0,1,9,0,2,2.0,2026-07-17 21:15:14
2022-11-04,Friday,Weekday,349.0,8.0,1.0,15.0,4.0,42.0,4.0,1.0,1,0.0,10.0,0,4.0,6.0,1.0,1.0,11,22.0,0,2,23.0,0.0,31,0.0,15,3,23,2.0,8.0,0.0,1,9,6.0,17.0,4,14,5,32,20,3.0,2026-07-17 21:15:14
2022-11-05,Saturday,Weekend,403.0,20.0,16.0,2.0,9.0,2.0,15.0,2.0,1,5.0,14.0,21,39.0,5.0,1.0,13.0,10,6.0,4,7,4.0,13.0,8,20.0,6,3,21,8.0,2.0,10.0,5,14,5.0,11.0,1,4,55,17,2,2.0,2026-07-17 21:15:14
2022-11-06,Sunday,Weekend,498.0,5.0,12.0,12.0,18.0,14.0,13.0,7.0,1,11.0,51.0,19,11.0,12.0,35.0,6.0,5,49.0,25,5,8.0,6.0,2,35.0,6,27,2,10.0,0.0,18.0,10,11,1.0,3.0,1,3,17,10,9,8.0,2026-07-17 21:15:14
2022-11-07,Monday,Weekday,176.0,2.0,1.0,1.0,7.0,6.0,1.0,1.0,8,5.0,5.0,2,1.0,14.0,5.0,1.0,7,5.0,1,2,1.0,0.0,5,1.0,6,17,0,2.0,5.0,6.0,6,2,2.0,3.0,13,1,13,1,14,3.0,2026-07-17 21:15:14
2022-11-08,Tuesday,Weekday,249.0,4.0,5.0,1.0,1.0,3.0,1.0,5.0,15,9.0,3.0,20,8.0,28.0,12.0,1.0,6,10.0,0,0,1.0,4.0,6,7.0,1,13,10,4.0,0.0,0.0,5,1,4.0,8.0,8,2,7,9,17,10.0,2026-07-17 21:15:14
2022-11-09,Wednesday,Weekday,236.0,4.0,2.0,2.0,13.0,0.0,25.0,8.0,7,0.0,13.0,4,1.0,3.0,14.0,5.0,5,0.0,8,8,7.0,5.0,4,6.0,1,20,6,3.0,4.0,11.0,1,2,8.0,2.0,10,1,12,0,0,11.0,2026-07-17 21:15:14
2022-11-10,Thursday,Weekday,146.0,2.0,2.0,1.0,4.0,3.0,13.0,14.0,3,1.0,4.0,5,0.0,1.0,0.0,0.0,1,3.0,5,3,1.0,0.0,3,1.0,3,13,0,1.0,3.0,12.0,5,6,1.0,12.0,0,0,10,10,0,0.0,2026-07-17 21:15:14
2022-11-11,Friday,Weekday,338.0,0.0,0.0,2.0,27.0,13.0,9.0,12.0,6,11.0,9.0,3,7.0,6.0,13.0,37.0,4,10.0,0,12,4.0,0.0,4,8.0,3,21,0,22.0,11.0,4.0,4,8,6.0,6.0,4,5,42,1,3,1.0,2026-07-17 21:15:14
2022-11-12,Saturday,Weekend,312.0,8.0,11.0,3.0,1.0,0.0,4.0,4.0,37,5.0,3.0,13,5.0,7.0,1.0,3.0,21,7.0,3,7,18.0,3.0,5,25.0,2,10,8,7.0,3.0,3.0,7,2,3.0,2.0,0,25,6,34,1,5.0,2026-07-17 21:15:14
2022-11-13,Sunday,Weekend,341.0,1.0,11.0,14.0,1.0,33.0,2.0,9.0,39,19.0,37.0,3,1.0,2.0,5.0,12.0,2,8.0,3,3,7.0,5.0,14,2.0,14,1,2,9.0,17.0,3.0,3,5,2.0,12.0,9,2,7,12,3,7.0,2026-07-17 21:15:14
2022-11-14,Monday,Weekday,215.0,1.0,5.0,1.0,11.0,3.0,2.0,12.0,0,2.0,4.0,2,13.0,8.0,0.0,8.0,3,14.0,2,6,5.0,3.0,4,1.0,8,4,19,1.0,7.0,18.0,5,10,8.0,2.0,5,1,6,1,6,4.0,2026-07-17 21:15:14
2022-11-15,Tuesday,Weekday,285.0,2.0,1.0,39.0,0.0,0.0,1.0,21.0,23,7.0,18.0,1,22.0,1.0,0.0,0.0,6,8.0,4,21,3.0,1.0,3,8.0,10,4,6,1.0,5.0,24.0,0,10,4.0,1.0,14,3,2,1,1,9.0,2026-07-17 21:15:14
2022-11-16,Wednesday,Weekday,243.0,4.0,16.0,1.0,1.0,0.0,3.0,44.0,9,2.0,21.0,9,0.0,11.0,3.0,1.0,1,5.0,5,3,1.0,9.0,32,11.0,3,1,1,1.0,5.0,5.0,8,7,2.0,2.0,7,3,2,2,2,0.0,2026-07-17 21:15:14
2022-11-17,Thursday,Weekday,205.0,5.0,6.0,0.0,0.0,11.0,1.0,2.0,0,1.0,11.0,7,1.0,1.0,1.0,0.0,20,5.0,3,6,6.0,9.0,0,1.0,5,2,17,7.0,14.0,1.0,9,1,16.0,1.0,3,6,3,2,19,2.0,2026-07-17 21:15:14
2022-11-18,Friday,Weekday,263.0,9.0,0.0,19.0,9.0,8.0,0.0,11.0,0,0.0,14.0,2,1.0,10.0,0.0,3.0,2,8.0,9,13,3.0,2.0,1,4.0,35,3,3,2.0,7.0,11.0,9,12,5.0,1.0,2,11,11,8,8,7.0,2026-07-17 21:15:14
2022-11-19,Saturday,Weekend,429.0,24.0,8.0,13.0,3.0,22.0,21.0,7.0,15,13.0,2.0,10,1.0,41.0,20.0,1.0,1,11.0,4,0,8.0,5.0,1,17.0,25,13,20,2.0,3.0,2.0,17,26,12.0,23.0,9,6,10,1,0,12.0,2026-07-17 21:15:14
2022-11-20,Sunday,Weekend,399.0,7.0,8.0,9.0,5.0,11.0,7.0,5.0,20,8.0,16.0,24,26.0,30.0,4.0,0.0,3,4.0,30,10,1.0,2.0,2,11.0,14,22,31,2.0,5.0,2.0,5,21,8.0,12.0,8,0,1,10,12,3.0,2026-07-17 21:15:14
2022-11-21,Monday,Weekday,156.0,4.0,7.0,3.0,6.0,5.0,5.0,6.0,21,2.0,3.0,1,1.0,6.0,13.0,3.0,1,2.0,2,2,1.0,7.0,0,4.0,6,2,4,5.0,5.0,3.0,2,7,6.0,2.0,1,0,1,5,0,2.0,2026-07-17 21:15:14
2022-11-22,Tuesday,Weekday,245.0,8.0,2.0,9.0,8.0,3.0,6.0,10.0,2,1.0,7.0,18,8.0,1.0,8.0,4.0,6,10.0,4,11,9.0,6.0,1,12.0,21,1,5,1.0,9.0,10.0,1,11,1.0,9.0,4,2,3,1,7,5.0,2026-07-17 21:15:14
2022-11-23,Wednesday,Weekday,208.0,1.0,1.0,0.0,8.0,13.0,0.0,4.0,0,14.0,21.0,8,15.0,13.0,10.0,5.0,2,1.0,2,6,1.0,2.0,3,1.0,6,17,9,7.0,6.0,4.0,1,12,2.0,1.0,6,1,3,0,1,1.0,2026-07-17 21:15:14
2022-11-24,Thursday,Weekday,343.0,0.0,7.0,14.0,3.0,37.0,2.0,5.0,2,10.0,8.0,9,13.0,9.0,10.0,24.0,3,6.0,12,11,2.0,5.0,6,6.0,2,22,12,5.0,10.0,20.0,2,2,6.0,11.0,0,33,6,3,3,2.0,2026-07-17 21:15:14
2022-11-25,Friday,Weekday,381.0,16.0,30.0,5.0,27.0,30.0,7.0,10.0,7,11.0,0.0,13,0.0,19.0,22.0,2.0,5,6.0,8,5,10.0,5.0,0,0.0,0,16,38,9.0,6.0,2.0,9,2,8.0,22.0,2,18,0,5,2,4.0,2026-07-17 21:15:14
2022-11-26,Saturday,Weekend,612.0,2.0,6.0,9.0,6.0,29.0,38.0,9.0,4,6.0,53.0,15,10.0,3.0,10.0,4.0,53,38.0,1,14,5.0,9.0,41,14.0,7,5,26,19.0,10.0,4.0,8,50,11.0,7.0,14,28,10,3,13,18.0,2026-07-17 21:15:14
2022-11-27,Sunday,Weekend,404.0,9.0,16.0,5.0,1.0,44.0,4.0,8.0,12,8.0,4.0,12,16.0,7.0,7.0,1.0,1,4.0,3,25,16.0,10.0,7,2.0,35,5,1,7.0,18.0,18.0,0,17,2.0,0.0,13,17,13,10,13,13.0,2026-07-17 21:15:14
2022-11-28,Monday,Weekday,159.0,9.0,4.0,14.0,24.0,2.0,7.0,2.0,2,3.0,0.0,3,8.0,1.0,3.0,11.0,2,2.0,3,2,4.0,5.0,3,7.0,3,2,5,6.0,4.0,0.0,1,1,1.0,4.0,0,5,1,2,2,1.0,2026-07-17 21:15:14
2022-11-29,Tuesday,Weekday,184.0,7.0,0.0,2.0,7.0,5.0,1.0,2.0,5,13.0,12.0,2,28.0,0.0,0.0,6.0,1,0.0,1,2,5.0,5.0,1,3.0,10,6,1,15.0,4.0,0.0,0,1,4.0,1.0,3,0,12,2,9,8.0,2026-07-17 21:15:14
2022-11-30,Wednesday,Weekday,162.0,0.0,1.0,0.0,9.0,3.0,0.0,0.0,2,8.0,5.0,9,2.0,0.0,10.0,0.0,8,2.0,0,4,12.0,11.0,1,1.0,3,3,4,1.0,11.0,3.0,6,2,2.0,9.0,3,6,14,4,3,0.0,2026-07-17 21:15:14
2022-12-01,Thursday,Weekday,198.0,1.0,2.0,1.0,1.0,2.0,2.0,2.0,0,0.0,8.0,3,3.0,3.0,9.0,3.0,4,15.0,9,3,6.0,1.0,3,20.0,4,13,3,30.0,5.0,0.0,4,1,0.0,8.0,1,8,2,1,15,2.0,2026-07-17 21:15:14
2022-12-02,Friday,Weekday,310.0,5.0,5.0,4.0,17.0,11.0,3.0,15.0,2,6.0,31.0,7,13.0,7.0,13.0,23.0,3,2.0,6,9,2.0,0.0,4,27.0,9,3,2,4.0,1.0,0.0,17,36,1.0,0.0,2,5,2,2,1,10.0,2026-07-17 21:15:14
2022-12-03,Saturday,Weekend,300.0,8.0,6.0,3.0,18.0,39.0,2.0,2.0,6,1.0,6.0,6,6.0,3.0,7.0,26.0,1,8.0,0,1,7.0,1.0,0,2.0,6,9,2,9.0,2.0,7.0,4,6,32.0,19.0,0,15,1,24,2,3.0,2026-07-17 21:15:14
2022-12-04,Sunday,Weekend,460.0,0.0,1.0,26.0,60.0,23.0,17.0,22.0,5,1.0,0.0,9,4.0,1.0,4.0,2.0,44,2.0,13,18,14.0,2.0,7,1.0,12,4,16,18.0,16.0,10.0,8,25,5.0,20.0,22,9,7,10,1,1.0,2026-07-17 21:15:14
2022-12-05,Monday,Weekday,280.0,0.0,1.0,5.0,10.0,3.0,14.0,18.0,19,11.0,5.0,0,5.0,5.0,12.0,33.0,5,4.0,1,0,5.0,5.0,11,5.0,16,6,11,1.0,14.0,7.0,1,1,13.0,0.0,3,1,10,13,3,3.0,2026-07-17 21:15:14
2022-12-06,Tuesday,Weekday,214.0,22.0,10.0,15.0,4.0,2.0,2.0,9.0,1,1.0,0.0,3,11.0,0.0,7.0,16.0,1,6.0,25,20,1.0,0.0,1,8.0,7,7,2,1.0,6.0,5.0,9,3,2.0,2.0,1,1,0,2,0,1.0,2026-07-17 21:15:14
2022-12-07,Wednesday,Weekday,274.0,6.0,1.0,9.0,9.0,8.0,22.0,0.0,9,22.0,16.0,1,2.0,1.0,7.0,10.0,4,5.0,9,4,14.0,11.0,0,6.0,1,5,20,14.0,4.0,4.0,1,4,1.0,5.0,0,3,3,23,8,2.0,2026-07-17 21:15:14
2022-12-08,Thursday,Weekday,109.0,0.0,2.0,1.0,3.0,8.0,2.0,3.0,2,7.0,11.0,2,1.0,2.0,1.0,4.0,2,1.0,1,2,6.0,3.0,3,1.0,2,2,3,0.0,2.0,1.0,1,8,1.0,1.0,1,6,3,4,5,1.0,2026-07-17 21:15:14
2022-12-09,Friday,Weekday,239.0,2.0,2.0,11.0,0.0,5.0,6.0,6.0,5,7.0,2.0,4,4.0,14.0,1.0,13.0,7,0.0,7,0,37.0,14.0,3,1.0,3,3,3,3.0,6.0,2.0,12,10,3.0,11.0,1,0,7,5,6,13.0,2026-07-17 21:15:14
2022-12-10,Saturday,Weekend,345.0,29.0,9.0,17.0,1.0,3.0,15.0,6.0,5,6.0,13.0,3,10.0,2.0,1.0,4.0,3,27.0,1,2,10.0,7.0,1,0.0,49,12,5,7.0,4.0,4.0,14,18,3.0,16.0,2,2,0,2,26,6.0,2026-07-17 21:15:14
2022-12-11,Sunday,Weekend,306.0,1.0,18.0,12.0,10.0,30.0,2.0,12.0,7,11.0,13.0,3,10.0,2.0,3.0,1.0,17,2.0,4,3,18.0,3.0,10,10.0,4,3,7,13.0,10.0,1.0,14,2,5.0,10.0,2,10,7,12,2,2.0,2026-07-17 21:15:14
2022-12-12,Monday,Weekday,225.0,11.0,1.0,2.0,30.0,4.0,19.0,1.0,2,8.0,9.0,5,4.0,10.0,1.0,4.0,1,7.0,1,3,4.0,0.0,0,7.0,4,11,6,0.0,5.0,0.0,7,21,3.0,6.0,1,3,19,1,1,3.0,2026-07-17 21:15:14
2022-12-13,Tuesday,Weekday,237.0,9.0,2.0,18.0,0.0,4.0,6.0,1.0,8,1.0,0.0,1,17.0,6.0,11.0,4.0,6,4.0,18,9,9.0,0.0,6,4.0,23,2,1,3.0,1.0,1.0,13,5,9.0,9.0,1,6,0,15,2,2.0,2026-07-17 21:15:14
2022-12-14,Wednesday,Weekday,209.0,2.0,3.0,2.0,4.0,14.0,11.0,3.0,4,15.0,0.0,15,1.0,6.0,6.0,4.0,10,1.0,3,5,11.0,1.0,11,3.0,1,9,1,5.0,0.0,2.0,5,4,3.0,3.0,1,3,24,12,1,0.0,2026-07-17 21:15:14
2022-12-15,Thursday,Weekday,256.0,17.0,4.0,6.0,12.0,4.0,6.0,24.0,8,2.0,2.0,2,14.0,3.0,0.0,24.0,1,0.0,1,1,5.0,21.0,19,5.0,4,6,3,0.0,22.0,2.0,1,4,5.0,0.0,1,5,13,1,3,5.0,2026-07-17 21:15:14
2022-12-16,Friday,Weekday,345.0,16.0,3.0,3.0,6.0,18.0,1.0,6.0,0,0.0,7.0,4,18.0,9.0,7.0,4.0,6,0.0,19,57,1.0,1.0,3,10.0,12,21,12,6.0,8.0,9.0,6,5,9.0,8.0,7,6,15,10,5,7.0,2026-07-17 21:15:14
2022-12-17,Saturday,Weekend,336.0,4.0,2.0,0.0,6.0,14.0,24.0,3.0,5,2.0,1.0,12,2.0,9.0,9.0,5.0,17,6.0,3,19,17.0,2.0,0,1.0,4,29,7,3.0,18.0,5.0,4,18,13.0,14.0,5,13,2,6,30,2.0,2026-07-17 21:15:14
2022-12-18,Sunday,Weekend,379.0,11.0,5.0,0.0,14.0,3.0,8.0,1.0,27,3.0,3.0,1,26.0,14.0,13.0,8.0,6,1.0,9,3,29.0,15.0,5,2.0,14,1,2,2.0,7.0,16.0,4,1,6.0,11.0,2,2,33,27,32,12.0,2026-07-17 21:15:14
2022-12-19,Monday,Weekday,226.0,1.0,2.0,4.0,4.0,30.0,7.0,7.0,1,12.0,15.0,1,12.0,2.0,0.0,5.0,5,0.0,2,28,7.0,7.0,1,0.0,3,1,1,1.0,5.0,2.0,10,1,4.0,0.0,2,0,32,9,2,0.0,2026-07-17 21:15:14
2022-12-20,Tuesday,Weekday,219.0,2.0,5.0,1.0,4.0,12.0,7.0,6.0,8,12.0,3.0,4,6.0,5.0,27.0,0.0,2,1.0,1,1,5.0,0.0,7,5.0,1,1,3,6.0,10.0,8.0,12,3,8.0,6.0,9,0,21,2,5,0.0,2026-07-17 21:15:14
2022-12-21,Wednesday,Weekday,199.0,2.0,1.0,1.0,0.0,20.0,0.0,2.0,1,6.0,3.0,2,5.0,7.0,1.0,1.0,2,22.0,4,7,3.0,5.0,0,0.0,5,4,1,9.0,28.0,3.0,7,14,9.0,4.0,7,1,7,2,1,2.0,2026-07-17 21:15:14
2022-12-22,Thursday,Weekday,193.0,1.0,5.0,4.0,5.0,2.0,1.0,5.0,22,0.0,3.0,10,0.0,11.0,3.0,2.0,2,2.0,2,13,8.0,6.0,8,1.0,4,3,8,2.0,6.0,11.0,3,0,3.0,2.0,7,16,5,3,3,1.0,2026-07-17 21:15:14
2022-12-23,Friday,Weekday,263.0,0.0,11.0,6.0,0.0,2.0,7.0,10.0,11,1.0,24.0,5,7.0,5.0,1.0,19.0,1,2.0,10,8,10.0,5.0,3,16.0,0,16,1,17.0,1.0,4.0,12,3,7.0,9.0,8,16,3,1,0,1.0,2026-07-17 21:15:14
2022-12-24,Saturday,Weekend,619.0,0.0,8.0,3.0,0.0,0.0,23.0,13.0,6,37.0,1.0,57,13.0,3.0,14.0,19.0,8,26.0,1,5,1.0,3.0,3,32.0,2,8,11,34.0,91.0,20.0,52,17,40.0,17.0,2,10,20,6,4,9.0,2026-07-17 21:15:14
2022-12-25,Sunday,Weekend,273.0,18.0,0.0,10.0,8.0,39.0,13.0,9.0,5,1.0,7.0,10,17.0,11.0,1.0,7.0,2,0.0,1,1,16.0,2.0,2,22.0,4,0,2,1.0,1.0,1.0,7,1,3.0,12.0,3,17,7,3,8,1.0,2026-07-17 21:15:14
2022-12-26,Monday,Weekday,162.0,1.0,3.0,4.0,7.0,16.0,2.0,3.0,3,18.0,9.0,10,1.0,6.0,1.0,1.0,10,0.0,13,1,6.0,1.0,2,1.0,4,2,4,0.0,0.0,0.0,2,5,8.0,1.0,3,6,2,2,3,1.0,2026-07-17 21:15:14
2022-12-27,Tuesday,Weekday,216.0,0.0,1.0,5.0,0.0,2.0,2.0,0.0,1,14.0,0.0,6,2.0,7.0,5.0,1.0,11,4.0,9,2,23.0,9.0,18,4.0,3,6,12,21.0,2.0,8.0,1,4,1.0,2.0,13,1,8,5,1,2.0,2026-07-17 21:15:14
2022-12-28,Wednesday,Weekday,149.0,3.0,1.0,8.0,14.0,1.0,1.0,2.0,5,1.0,0.0,2,13.0,2.0,2.0,12.0,4,4.0,2,13,6.0,9.0,5,5.0,1,2,5,1.0,3.0,1.0,6,0,5.0,3.0,1,3,1,1,1,0.0,2026-07-17 21:15:14
2022-12-29,Thursday,Weekday,138.0,15.0,0.0,5.0,1.0,7.0,1.0,5.0,7,5.0,1.0,4,1.0,0.0,2.0,2.0,2,6.0,1,1,0.0,5.0,4,1.0,5,4,3,4.0,4.0,5.0,2,1,1.0,4.0,6,2,1,6,7,7.0,2026-07-17 21:15:14
2022-12-30,Friday,Weekday,223.0,5.0,12.0,0.0,1.0,3.0,7.0,0.0,6,5.0,3.0,14,1.0,2.0,12.0,0.0,9,14.0,16,15,3.0,9.0,0,2.0,1,2,14,4.0,5.0,5.0,5,19,2.0,6.0,3,0,5,12,1,0.0,2026-07-17 21:15:14
2022-12-31,Saturday,Weekend,294.0,1.0,8.0,10.0,8.0,8.0,12.0,11.0,13,11.0,10.0,4,16.0,18.0,0.0,1.0,24,2.0,15,3,1.0,1.0,2,2.0,6,7,32,5.0,6.0,6.0,5,5,0.0,0.0,1,1,12,1,11,15.0,2026-07-17 21:15:14
2023-01-01,Sunday,Weekend,306.0,20.0,14.0,1.0,5.0,3.0,7.0,13.0,12,4.0,14.0,1,0.0,10.0,4.0,39.0,1,12.0,4,12,10.0,13.0,3,20.0,1,1,3,9.0,5.0,10.0,8,1,18.0,1.0,12,3,5,3,1,3.0,2026-07-17 21:15:14
2023-01-02,Monday,Weekday,210.0,2.0,2.0,1.0,5.0,18.0,5.0,15.0,7,8.0,11.0,5,8.0,0.0,16.0,11.0,2,10.0,0,1,0.0,9.0,11,13.0,0,5,7,1.0,7.0,1.0,1,4,6.0,1.0,1,1,4,3,3,5.0,2026-07-17 21:15:14
2023-01-03,Tuesday,Weekday,173.0,2.0,5.0,6.0,1.0,0.0,10.0,0.0,1,0.0,8.0,4,19.0,9.0,1.0,2.0,2,1.0,1,1,1.0,1.0,1,18.0,4,25,2,3.0,3.0,1.0,1,11,19.0,0.0,1,3,1,2,1,2.0,2026-07-17 21:15:14
2023-01-04,Wednesday,Weekday,161.0,1.0,1.0,0.0,2.0,17.0,1.0,6.0,5,8.0,6.0,3,5.0,0.0,1.0,13.0,5,11.0,5,6,3.0,4.0,2,9.0,5,5,3,1.0,0.0,7.0,3,1,1.0,5.0,5,5,3,2,1,0.0,2026-07-17 21:15:14
2023-01-05,Thursday,Weekday,237.0,10.0,0.0,8.0,4.0,7.0,16.0,0.0,9,0.0,0.0,4,0.0,13.0,5.0,0.0,0,7.0,12,4,5.0,10.0,8,1.0,6,6,9,7.0,25.0,1.0,19,4,6.0,1.0,2,10,13,0,5,0.0,2026-07-17 21:15:14
2023-01-06,Friday,Weekday,377.0,36.0,16.0,0.0,14.0,28.0,1.0,10.0,5,11.0,3.0,3,5.0,3.0,15.0,3.0,5,18.0,4,5,24.0,15.0,3,5.0,30,4,4,3.0,0.0,8.0,10,21,10.0,1.0,0,32,3,1,13,5.0,2026-07-17 21:15:14
2023-01-07,Saturday,Weekend,650.0,5.0,31.0,102.0,1.0,49.0,7.0,13.0,33,59.0,7.0,3,2.0,12.0,0.0,10.0,2,9.0,0,34,3.0,6.0,31,25.0,6,1,26,9.0,25.0,11.0,6,7,20.0,37.0,1,13,0,9,29,6.0,2026-07-17 21:15:14
2023-01-08,Sunday,Weekend,382.0,21.0,8.0,33.0,14.0,1.0,2.0,5.0,2,6.0,9.0,27,5.0,15.0,30.0,18.0,2,6.0,5,5,5.0,18.0,6,6.0,42,1,7,15.0,2.0,10.0,3,18,3.0,3.0,9,2,4,5,3,6.0,2026-07-17 21:15:14
2023-01-09,Monday,Weekday,193.0,3.0,3.0,6.0,3.0,2.0,6.0,9.0,1,2.0,5.0,4,5.0,0.0,6.0,0.0,4,10.0,4,1,22.0,12.0,7,2.0,1,12,4,9.0,2.0,3.0,22,3,1.0,1.0,3,0,5,2,6,2.0,2026-07-17 21:15:14
2023-01-10,Tuesday,Weekday,228.0,11.0,1.0,4.0,0.0,7.0,23.0,7.0,4,3.0,12.0,12,18.0,3.0,18.0,1.0,1,0.0,1,7,10.0,7.0,4,3.0,5,3,8,5.0,5.0,3.0,9,1,1.0,6.0,3,9,1,1,8,3.0,2026-07-17 21:15:14
2023-01-11,Wednesday,Weekday,200.0,4.0,3.0,3.0,5.0,2.0,7.0,9.0,1,5.0,5.0,1,1.0,2.0,6.0,5.0,3,7.0,7,5,7.0,3.0,11,5.0,10,4,1,4.0,2.0,6.0,4,7,4.0,6.0,1,20,11,8,2,3.0,2026-07-17 21:15:14
2023-01-12,Thursday,Weekday,222.0,0.0,4.0,2.0,6.0,10.0,2.0,4.0,12,1.0,14.0,1,0.0,2.0,7.0,4.0,15,4.0,0,8,1.0,9.0,1,3.0,10,17,3,10.0,1.0,10.0,8,1,3.0,1.0,2,1,8,33,0,4.0,2026-07-17 21:15:14
2023-01-13,Friday,Weekday,227.0,4.0,11.0,5.0,4.0,6.0,1.0,0.0,3,0.0,6.0,2,4.0,1.0,15.0,15.0,1,3.0,6,0,3.0,1.0,15,10.0,6,4,14,15.0,19.0,1.0,1,6,3.0,0.0,0,11,15,2,10,4.0,2026-07-17 21:15:14
2023-01-14,Saturday,Weekend,409.0,15.0,4.0,1.0,6.0,10.0,6.0,1.0,43,3.0,3.0,7,8.0,6.0,12.0,7.0,11,14.0,0,10,26.0,0.0,6,22.0,5,8,47,2.0,1.0,19.0,23,5,7.0,15.0,11,3,0,8,17,17.0,2026-07-17 21:15:14
2023-01-15,Sunday,Weekend,438.0,24.0,20.0,10.0,7.0,27.0,11.0,9.0,1,24.0,9.0,4,11.0,14.0,2.0,19.0,4,2.0,6,18,30.0,14.0,31,1.0,1,9,3,16.0,16.0,40.0,3,7,7.0,3.0,8,7,9,4,0,7.0,2026-07-17 21:15:14
2023-01-16,Monday,Weekday,266.0,5.0,0.0,3.0,2.0,6.0,1.0,5.0,8,7.0,16.0,5,5.0,13.0,4.0,10.0,6,3.0,10,2,3.0,2.0,3,2.0,6,14,12,3.0,28.0,7.0,3,13,8.0,8.0,1,4,21,5,6,6.0,2026-07-17 21:15:14
2023-01-17,Tuesday,Weekday,187.0,9.0,2.0,4.0,1.0,10.0,6.0,0.0,6,3.0,2.0,4,1.0,3.0,2.0,8.0,9,6.0,0,18,6.0,0.0,9,1.0,4,4,4,12.0,4.0,0.0,17,11,5.0,3.0,0,8,0,0,4,1.0,2026-07-17 21:15:14
2023-01-18,Wednesday,Weekday,224.0,0.0,2.0,0.0,0.0,0.0,1.0,8.0,10,4.0,8.0,0,0.0,3.0,5.0,10.0,8,3.0,1,11,3.0,8.0,5,10.0,18,18,6,5.0,3.0,20.0,4,1,3.0,1.0,5,6,5,0,18,11.0,2026-07-17 21:15:14
2023-01-19,Thursday,Weekday,222.0,7.0,1.0,6.0,5.0,2.0,1.0,2.0,1,34.0,0.0,3,4.0,1.0,4.0,1.0,9,2.0,4,7,13.0,11.0,5,2.0,4,9,10,0.0,3.0,8.0,3,2,2.0,5.0,39,5,2,1,0,4.0,2026-07-17 21:15:14
2023-01-20,Friday,Weekday,353.0,7.0,4.0,10.0,15.0,4.0,4.0,46.0,5,11.0,9.0,15,14.0,10.0,18.0,25.0,8,2.0,5,12,11.0,2.0,0,9.0,3,6,12,8.0,0.0,2.0,2,2,6.0,5.0,3,0,2,38,4,14.0,2026-07-17 21:15:14
2023-01-21,Saturday,Weekend,550.0,22.0,9.0,19.0,3.0,27.0,2.0,28.0,1,21.0,2.0,31,5.0,17.0,9.0,7.0,13,40.0,0,33,13.0,24.0,6,9.0,33,8,10,0.0,2.0,18.0,20,10,2.0,6.0,5,9,36,23,1,26.0,2026-07-17 21:15:14
2023-01-22,Sunday,Weekend,547.0,14.0,23.0,3.0,28.0,8.0,11.0,0.0,3,1.0,9.0,2,23.0,0.0,22.0,4.0,75,49.0,6,22,0.0,58.0,13,1.0,9,1,10,23.0,14.0,9.0,2,5,3.0,31.0,2,18,12,5,19,9.0,2026-07-17 21:15:14
2023-01-23,Monday,Weekday,336.0,5.0,7.0,7.0,3.0,11.0,10.0,0.0,7,0.0,3.0,9,21.0,21.0,0.0,5.0,9,2.0,17,14,21.0,0.0,2,18.0,8,22,0,8.0,8.0,0.0,7,8,2.0,3.0,8,7,27,3,3,30.0,2026-07-17 21:15:14
2023-01-24,Tuesday,Weekday,215.0,9.0,0.0,7.0,0.0,0.0,1.0,1.0,8,6.0,26.0,6,3.0,5.0,37.0,6.0,7,15.0,0,6,8.0,15.0,1,4.0,6,1,5,1.0,3.0,3.0,3,2,3.0,1.0,1,0,2,5,7,1.0,2026-07-17 21:15:14
2023-01-25,Wednesday,Weekday,362.0,0.0,12.0,4.0,39.0,27.0,3.0,4.0,8,0.0,4.0,1,17.0,9.0,0.0,12.0,7,8.0,1,8,46.0,0.0,5,2.0,4,7,20,31.0,1.0,8.0,10,7,5.0,1.0,7,7,20,16,1,0.0,2026-07-17 21:15:14
2023-01-26,Thursday,Weekday,282.0,11.0,5.0,13.0,0.0,7.0,4.0,14.0,0,1.0,4.0,13,17.0,28.0,20.0,0.0,0,1.0,5,10,14.0,1.0,5,16.0,4,0,4,3.0,6.0,4.0,0,25,4.0,3.0,17,1,3,9,2,8.0,2026-07-17 21:15:14
2023-01-27,Friday,Weekday,151.0,0.0,0.0,3.0,1.0,7.0,3.0,10.0,7,1.0,9.0,3,5.0,7.0,3.0,3.0,3,1.0,1,4,1.0,0.0,0,3.0,1,5,2,3.0,2.0,5.0,2,11,9.0,5.0,8,3,3,5,4,8.0,2026-07-17 21:15:14
2023-01-28,Saturday,Weekend,546.0,9.0,52.0,6.0,22.0,21.0,12.0,4.0,20,26.0,4.0,10,5.0,53.0,7.0,3.0,5,13.0,1,10,30.0,25.0,1,64.0,13,1,0,3.0,21.0,0.0,2,14,8.0,13.0,10,0,39,3,7,9.0,2026-07-17 21:15:14
2023-01-29,Sunday,Weekend,459.0,3.0,47.0,9.0,1.0,53.0,8.0,18.0,10,23.0,0.0,3,7.0,1.0,16.0,6.0,3,0.0,19,21,7.0,13.0,4,11.0,0,8,13,31.0,7.0,19.0,12,30,5.0,5.0,21,1,4,1,19,0.0,2026-07-17 21:15:14
2023-01-30,Monday,Weekday,173.0,7.0,2.0,0.0,2.0,2.0,3.0,5.0,3,0.0,6.0,8,6.0,7.0,1.0,8.0,3,0.0,8,15,3.0,1.0,1,4.0,8,1,7,1.0,9.0,10.0,2,2,6.0,2.0,4,4,2,9,1,10.0,2026-07-17 21:15:14
2023-01-31,Tuesday,Weekday,291.0,0.0,9.0,3.0,4.0,5.0,10.0,7.0,18,2.0,13.0,11,1.0,5.0,4.0,3.0,4,11.0,1,9,24.0,6.0,9,0.0,17,4,8,30.0,6.0,9.0,5,0,10.0,0.0,9,0,22,1,5,6.0,2026-07-17 21:15:14
2023-02-01,Wednesday,Weekday,343.0,7.0,3.0,6.0,5.0,10.0,3.0,8.0,1,40.0,8.0,2,6.0,20.0,0.0,11.0,7,1.0,14,3,4.0,17.0,11,23.0,9,13,17,0.0,14.0,11.0,0,4,0.0,10.0,8,27,3,8,1,8.0,2026-07-17 21:15:14
2023-02-02,Thursday,Weekday,361.0,10.0,9.0,15.0,18.0,0.0,4.0,10.0,8,3.0,8.0,5,4.0,15.0,4.0,0.0,0,16.0,26,10,4.0,26.0,11,16.0,13,5,7,3.0,3.0,15.0,22,9,6.0,0.0,0,4,9,7,0,36.0,2026-07-17 21:15:14
2023-02-03,Friday,Weekday,493.0,7.0,20.0,10.0,6.0,31.0,14.0,8.0,8,0.0,17.0,31,0.0,3.0,28.0,3.0,13,8.0,12,6,5.0,0.0,19,15.0,14,15,3,0.0,19.0,10.0,6,0,0.0,5.0,16,33,46,29,27,6.0,2026-07-17 21:15:14
2023-02-04,Saturday,Weekend,424.0,2.0,20.0,3.0,4.0,8.0,9.0,5.0,2,9.0,47.0,13,31.0,3.0,2.0,13.0,9,16.0,25,19,34.0,8.0,3,11.0,2,5,3,6.0,2.0,0.0,15,10,14.0,13.0,2,5,3,31,14,3.0,2026-07-17 21:15:14
2023-02-05,Sunday,Weekend,477.0,4.0,28.0,11.0,17.0,4.0,2.0,13.0,12,12.0,11.0,7,14.0,2.0,3.0,21.0,4,7.0,12,102,5.0,5.0,15,18.0,13,6,4,10.0,20.0,22.0,1,4,5.0,26.0,11,4,0,8,1,13.0,2026-07-17 21:15:14
2023-02-06,Monday,Weekday,299.0,12.0,4.0,6.0,17.0,5.0,2.0,20.0,14,14.0,3.0,1,0.0,1.0,11.0,1.0,12,1.0,4,34,1.0,3.0,4,1.0,6,3,10,15.0,6.0,0.0,7,0,7.0,7.0,1,13,29,15,3,6.0,2026-07-17 21:15:14
2023-02-07,Tuesday,Weekday,244.0,14.0,2.0,11.0,0.0,0.0,9.0,12.0,10,21.0,2.0,1,20.0,1.0,9.0,7.0,0,2.0,6,15,10.0,8.0,5,3.0,1,4,0,1.0,5.0,5.0,0,4,5.0,0.0,17,1,18,0,15,0.0,2026-07-17 21:15:14
2023-02-08,Wednesday,Weekday,200.0,8.0,3.0,10.0,3.0,0.0,6.0,0.0,12,0.0,5.0,8,3.0,1.0,7.0,8.0,13,3.0,4,3,1.0,8.0,3,3.0,3,8,14,5.0,4.0,10.0,7,0,0.0,0.0,3,9,3,3,11,8.0,2026-07-17 21:15:14
2023-02-09,Thursday,Weekday,118.0,2.0,1.0,0.0,0.0,1.0,1.0,3.0,0,1.0,1.0,3,4.0,3.0,0.0,1.0,0,1.0,9,13,4.0,9.0,3,0.0,18,0,4,0.0,1.0,4.0,2,1,1.0,1.0,10,6,3,1,5,1.0,2026-07-17 21:15:14
2023-02-10,Friday,Weekday,195.0,3.0,3.0,16.0,1.0,1.0,4.0,2.0,6,4.0,6.0,1,1.0,10.0,17.0,2.0,1,0.0,7,9,3.0,8.0,8,19.0,0,1,0,14.0,12.0,7.0,1,1,2.0,5.0,2,0,12,2,3,1.0,2026-07-17 21:15:14
2023-02-11,Saturday,Weekend,202.0,6.0,3.0,13.0,3.0,21.0,8.0,5.0,12,2.0,3.0,0,4.0,7.0,6.0,1.0,3,1.0,6,1,11.0,1.0,1,9.0,3,0,3,1.0,21.0,4.0,2,3,1.0,7.0,11,10,3,2,0,4.0,2026-07-17 21:15:14
2023-02-12,Sunday,Weekend,362.0,8.0,6.0,33.0,2.0,0.0,1.0,3.0,0,8.0,6.0,3,17.0,3.0,16.0,6.0,9,33.0,1,10,28.0,10.0,4,7.0,16,28,1,1.0,5.0,4.0,5,3,3.0,2.0,27,2,3,4,30,14.0,2026-07-17 21:15:14
2023-02-13,Monday,Weekday,221.0,7.0,2.0,12.0,5.0,3.0,5.0,11.0,11,16.0,24.0,1,4.0,0.0,15.0,1.0,11,2.0,2,0,2.0,14.0,0,2.0,0,2,1,1.0,12.0,5.0,2,5,1.0,1.0,4,1,9,5,8,14.0,2026-07-17 21:15:14
2023-02-14,Tuesday,Weekday,233.0,0.0,1.0,3.0,1.0,16.0,7.0,4.0,4,0.0,6.0,9,6.0,1.0,8.0,3.0,5,4.0,3,7,12.0,0.0,14,4.0,7,9,4,11.0,2.0,1.0,7,10,13.0,5.0,3,3,27,3,7,3.0,2026-07-17 21:15:14
2023-02-15,Wednesday,Weekday,234.0,4.0,2.0,14.0,3.0,24.0,0.0,4.0,7,6.0,18.0,0,0.0,3.0,0.0,18.0,1,3.0,0,3,3.0,0.0,1,3.0,19,1,4,18.0,8.0,21.0,14,2,5.0,0.0,2,6,6,5,5,1.0,2026-07-17 21:15:14
2023-02-16,Thursday,Weekday,245.0,11.0,4.0,1.0,14.0,4.0,7.0,4.0,3,12.0,8.0,3,2.0,17.0,0.0,13.0,3,6.0,16,1,5.0,9.0,8,5.0,6,6,10,11.0,3.0,38.0,3,0,2.0,1.0,1,1,0,6,0,1.0,2026-07-17 21:15:14
2023-02-17,Friday,Weekday,475.0,3.0,3.0,3.0,7.0,53.0,16.0,19.0,3,3.0,0.0,17,0.0,7.0,3.0,3.0,58,15.0,18,7,20.0,9.0,30,3.0,11,13,6,24.0,38.0,8.0,5,6,19.0,10.0,0,7,0,17,4,7.0,2026-07-17 21:15:14
2023-02-18,Saturday,Weekend,620.0,21.0,0.0,1.0,7.0,4.0,4.0,65.0,27,30.0,52.0,7,4.0,3.0,22.0,15.0,4,6.0,11,11,30.0,6.0,29,9.0,17,34,34,0.0,2.0,7.0,9,10,34.0,1.0,6,3,38,50,6,1.0,2026-07-17 21:15:14
2023-02-19,Sunday,Weekend,556.0,17.0,15.0,6.0,22.0,57.0,7.0,10.0,3,10.0,10.0,4,1.0,4.0,3.0,9.0,9,13.0,5,6,23.0,8.0,51,8.0,11,0,11,23.0,40.0,73.0,3,9,6.0,7.0,2,23,36,7,3,1.0,2026-07-17 21:15:14
2023-02-20,Monday,Weekday,215.0,5.0,1.0,10.0,4.0,6.0,3.0,0.0,8,4.0,29.0,2,4.0,0.0,4.0,6.0,5,7.0,1,14,22.0,0.0,12,1.0,4,1,15,0.0,3.0,3.0,1,3,0.0,4.0,14,6,9,1,1,2.0,2026-07-17 21:15:14
2023-02-21,Tuesday,Weekday,237.0,1.0,18.0,1.0,14.0,0.0,8.0,1.0,0,8.0,5.0,8,6.0,1.0,24.0,4.0,8,3.0,7,2,1.0,4.0,5,3.0,8,7,0,3.0,4.0,0.0,1,0,33.0,9.0,0,0,12,4,10,14.0,2026-07-17 21:15:14
2023-02-22,Wednesday,Weekday,184.0,2.0,1.0,6.0,14.0,7.0,4.0,2.0,3,8.0,21.0,4,7.0,1.0,1.0,3.0,1,4.0,2,7,7.0,2.0,1,5.0,21,4,0,0.0,2.0,1.0,7,7,1.0,2.0,1,10,4,6,2,3.0,2026-07-17 21:15:14
2023-02-23,Thursday,Weekday,212.0,2.0,2.0,5.0,5.0,4.0,1.0,2.0,2,5.0,19.0,0,1.0,2.0,3.0,2.0,7,1.0,5,12,13.0,15.0,10,12.0,1,1,0,7.0,16.0,1.0,5,6,11.0,5.0,18,2,4,3,2,0.0,2026-07-17 21:15:14
2023-02-24,Friday,Weekday,275.0,9.0,10.0,11.0,3.0,10.0,3.0,0.0,7,2.0,0.0,10,0.0,25.0,7.0,39.0,0,9.0,3,20,3.0,3.0,16,3.0,0,5,9,3.0,5.0,0.0,9,7,4.0,4.0,0,2,2,5,5,22.0,2026-07-17 21:15:14
2023-02-25,Saturday,Weekend,378.0,2.0,6.0,7.0,7.0,30.0,2.0,0.0,11,4.0,0.0,3,5.0,10.0,2.0,6.0,7,5.0,36,0,27.0,9.0,15,6.0,5,21,20,4.0,2.0,6.0,25,3,8.0,9.0,14,8,8,29,6,10.0,2026-07-17 21:15:14
2023-02-26,Sunday,Weekend,420.0,4.0,12.0,4.0,4.0,21.0,7.0,13.0,3,8.0,9.0,9,4.0,15.0,19.0,3.0,5,11.0,14,10,13.0,5.0,5,3.0,2,10,1,32.0,20.0,19.0,25,5,15.0,2.0,0,15,2,51,8,12.0,2026-07-17 21:15:14
2023-02-27,Monday,Weekday,140.0,2.0,5.0,0.0,9.0,1.0,4.0,2.0,0,4.0,1.0,7,2.0,3.0,4.0,2.0,4,10.0,1,1,2.0,2.0,4,2.0,9,0,3,3.0,6.0,16.0,3,18,1.0,0.0,1,2,2,1,2,1.0,2026-07-17 21:15:14
2023-02-28,Tuesday,Weekday,179.0,1.0,1.0,11.0,1.0,10.0,4.0,3.0,1,2.0,7.0,2,1.0,1.0,11.0,3.0,5,3.0,10,4,3.0,14.0,7,1.0,1,8,9,4.0,4.0,4.0,3,4,1.0,13.0,6,5,3,1,2,5.0,2026-07-17 21:15:14
2023-03-01,Wednesday,Weekday,223.0,2.0,2.0,4.0,8.0,0.0,2.0,7.0,4,6.0,6.0,28,0.0,3.0,0.0,2.0,3,2.0,17,12,2.0,6.0,4,9.0,4,0,7,7.0,2.0,10.0,11,3,3.0,26.0,1,2,2,10,6,0.0,2026-07-17 21:15:14
2023-03-02,Thursday,Weekday,186.0,14.0,6.0,8.0,0.0,6.0,4.0,3.0,5,9.0,3.0,9,1.0,1.0,0.0,2.0,3,7.0,4,3,5.0,0.0,1,5.0,5,6,2,5.0,6.0,15.0,1,3,4.0,27.0,1,5,3,3,1,0.0,2026-07-17 21:15:14
2023-03-03,Friday,Weekday,282.0,7.0,4.0,3.0,6.0,0.0,21.0,6.0,13,5.0,26.0,5,7.0,5.0,10.0,7.0,3,2.0,8,5,0.0,4.0,8,16.0,0,3,13,8.0,3.0,17.0,5,4,24.0,21.0,3,2,5,0,0,3.0,2026-07-17 21:15:14
2023-03-04,Saturday,Weekend,329.0,17.0,15.0,8.0,6.0,0.0,1.0,0.0,12,1.0,23.0,8,2.0,2.0,10.0,21.0,10,3.0,6,3,56.0,12.0,9,4.0,9,4,0,4.0,20.0,9.0,1,15,2.0,2.0,2,6,8,6,10,2.0,2026-07-17 21:15:14
2023-03-05,Sunday,Weekend,532.0,16.0,1.0,18.0,12.0,23.0,9.0,13.0,1,23.0,2.0,2,13.0,16.0,1.0,31.0,47,11.0,9,17,6.0,8.0,37,40.0,35,5,3,6.0,8.0,6.0,7,11,19.0,14.0,21,0,0,21,9,11.0,2026-07-17 21:15:14
2023-03-06,Monday,Weekday,239.0,1.0,2.0,7.0,11.0,25.0,3.0,4.0,11,4.0,6.0,12,9.0,15.0,1.0,4.0,12,1.0,9,1,9.0,7.0,2,4.0,7,6,3,14.0,3.0,4.0,0,12,1.0,3.0,7,1,6,1,7,4.0,2026-07-17 21:15:14
2023-03-07,Tuesday,Weekday,194.0,5.0,7.0,4.0,4.0,5.0,2.0,4.0,10,2.0,2.0,2,2.0,0.0,4.0,3.0,3,2.0,5,9,13.0,3.0,0,14.0,6,2,2,1.0,1.0,0.0,11,2,4.0,7.0,6,8,22,3,10,4.0,2026-07-17 21:15:14
2023-03-08,Wednesday,Weekday,138.0,1.0,4.0,5.0,10.0,2.0,3.0,0.0,2,0.0,4.0,6,1.0,3.0,1.0,1.0,3,0.0,3,0,1.0,3.0,4,0.0,3,7,5,1.0,3.0,5.0,0,7,9.0,6.0,7,7,6,6,5,4.0,2026-07-17 21:15:14
2023-03-09,Thursday,Weekday,237.0,3.0,3.0,13.0,0.0,11.0,16.0,6.0,35,7.0,0.0,10,1.0,3.0,2.0,1.0,3,3.0,6,9,2.0,2.0,7,7.0,14,0,10,4.0,6.0,0.0,3,1,1.0,4.0,8,8,8,4,2,14.0,2026-07-17 21:15:14
2023-03-10,Friday,Weekday,132.0,3.0,1.0,1.0,3.0,4.0,0.0,6.0,4,3.0,0.0,1,10.0,7.0,1.0,1.0,2,2.0,4,9,1.0,0.0,7,0.0,10,2,9,1.0,0.0,3.0,2,1,9.0,5.0,2,1,6,4,1,6.0,2026-07-17 21:15:14
2023-03-11,Saturday,Weekend,284.0,1.0,1.0,0.0,10.0,10.0,3.0,1.0,0,1.0,6.0,2,2.0,15.0,5.0,9.0,0,4.0,4,1,1.0,18.0,18,1.0,3,20,1,8.0,31.0,29.0,4,1,1.0,13.0,13,7,16,9,6,9.0,2026-07-17 21:15:14
2023-03-12,Sunday,Weekend,284.0,8.0,5.0,2.0,10.0,8.0,2.0,11.0,7,20.0,2.0,6,2.0,17.0,1.0,6.0,13,3.0,26,13,2.0,0.0,2,3.0,16,23,1,5.0,5.0,1.0,4,2,4.0,6.0,8,1,15,8,12,4.0,2026-07-17 21:15:14
2023-03-13,Monday,Weekday,190.0,9.0,6.0,2.0,3.0,21.0,5.0,13.0,8,4.0,1.0,1,15.0,2.0,0.0,5.0,5,1.0,1,2,0.0,6.0,2,8.0,8,5,2,3.0,2.0,1.0,10,2,6.0,0.0,1,17,6,3,3,1.0,2026-07-17 21:15:14
2023-03-14,Tuesday,Weekday,238.0,7.0,1.0,8.0,5.0,30.0,4.0,1.0,5,0.0,2.0,0,4.0,0.0,5.0,15.0,8,0.0,1,7,17.0,0.0,10,6.0,6,16,8,11.0,3.0,4.0,8,2,4.0,1.0,1,2,10,18,3,5.0,2026-07-17 21:15:14
2023-03-15,Wednesday,Weekday,279.0,1.0,14.0,6.0,10.0,15.0,1.0,5.0,18,0.0,10.0,23,1.0,13.0,16.0,8.0,2,3.0,0,11,13.0,8.0,3,0.0,9,6,13,8.0,11.0,10.0,7,2,13.0,6.0,3,0,2,6,1,1.0,2026-07-17 21:15:14
2023-03-16,Thursday,Weekday,214.0,1.0,0.0,6.0,2.0,5.0,1.0,1.0,2,7.0,11.0,2,5.0,2.0,20.0,14.0,4,6.0,8,6,6.0,16.0,3,4.0,9,4,6,1.0,2.0,2.0,4,2,19.0,4.0,6,2,9,5,6,1.0,2026-07-17 21:15:14
2023-03-17,Friday,Weekday,261.0,5.0,6.0,6.0,16.0,25.0,21.0,8.0,21,11.0,2.0,3,2.0,0.0,2.0,0.0,8,2.0,4,10,10.0,23.0,6,4.0,3,2,2,3.0,30.0,0.0,2,1,6.0,3.0,4,2,4,0,4,0.0,2026-07-17 21:15:14
2023-03-18,Saturday,Weekend,416.0,13.0,7.0,14.0,7.0,8.0,1.0,8.0,7,8.0,19.0,20,18.0,2.0,11.0,1.0,13,5.0,2,25,10.0,5.0,0,8.0,23,12,37,2.0,12.0,16.0,8,1,9.0,9.0,12,18,26,11,3,5.0,2026-07-17 21:15:14
2023-03-19,Sunday,Weekend,271.0,9.0,19.0,1.0,5.0,4.0,2.0,5.0,6,0.0,14.0,11,22.0,1.0,6.0,4.0,2,5.0,12,0,24.0,13.0,11,11.0,3,10,4,17.0,1.0,3.0,6,2,3.0,4.0,12,5,5,2,3,4.0,2026-07-17 21:15:14
2023-03-20,Monday,Weekday,200.0,6.0,1.0,1.0,2.0,4.0,3.0,10.0,2,5.0,8.0,1,10.0,4.0,3.0,10.0,1,13.0,5,7,13.0,11.0,5,7.0,4,4,0,0.0,11.0,0.0,1,8,0.0,2.0,5,5,13,5,4,6.0,2026-07-17 21:15:14
2023-03-21,Tuesday,Weekday,235.0,4.0,6.0,16.0,4.0,4.0,0.0,7.0,0,4.0,16.0,5,3.0,10.0,3.0,7.0,7,1.0,13,1,29.0,0.0,1,1.0,0,9,8,12.0,2.0,4.0,7,4,7.0,6.0,1,9,13,8,1,2.0,2026-07-17 21:15:14
2023-03-22,Wednesday,Weekday,260.0,1.0,1.0,2.0,9.0,9.0,4.0,1.0,17,1.0,12.0,18,8.0,24.0,6.0,2.0,2,3.0,0,6,2.0,11.0,3,5.0,22,2,8,8.0,2.0,3.0,3,8,5.0,4.0,8,1,11,12,9,7.0,2026-07-17 21:15:14
2023-03-23,Thursday,Weekday,232.0,2.0,15.0,3.0,6.0,2.0,18.0,6.0,6,0.0,9.0,9,5.0,1.0,2.0,0.0,3,1.0,4,1,2.0,0.0,14,5.0,3,4,6,13.0,1.0,1.0,18,2,0.0,1.0,0,24,2,15,25,3.0,2026-07-17 21:15:14
2023-03-24,Friday,Weekday,181.0,0.0,0.0,3.0,3.0,9.0,3.0,13.0,4,6.0,19.0,1,1.0,1.0,1.0,4.0,3,4.0,21,1,4.0,1.0,2,4.0,16,2,0,2.0,1.0,1.0,5,0,3.0,4.0,3,0,27,2,6,1.0,2026-07-17 21:15:14
2023-03-25,Saturday,Weekend,382.0,4.0,4.0,4.0,0.0,6.0,17.0,12.0,2,9.0,26.0,11,2.0,19.0,5.0,6.0,7,22.0,27,24,0.0,28.0,1,3.0,7,6,8,7.0,28.0,2.0,3,24,1.0,8.0,9,6,16,2,14,2.0,2026-07-17 21:15:14
2023-03-26,Sunday,Weekend,360.0,3.0,1.0,5.0,7.0,32.0,7.0,6.0,19,5.0,7.0,6,3.0,10.0,1.0,6.0,8,13.0,16,4,7.0,3.0,5,18.0,17,17,1,14.0,18.0,3.0,5,10,5.0,31.0,3,10,14,5,10,5.0,2026-07-17 21:15:14
2023-03-27,Monday,Weekday,191.0,1.0,1.0,2.0,6.0,17.0,1.0,2.0,1,4.0,19.0,6,4.0,4.0,0.0,6.0,5,5.0,11,7,7.0,15.0,23,4.0,1,3,7,0.0,0.0,0.0,6,3,2.0,0.0,5,2,2,4,3,2.0,2026-07-17 21:15:14
2023-03-28,Tuesday,Weekday,192.0,5.0,2.0,9.0,1.0,2.0,7.0,9.0,1,1.0,14.0,7,2.0,6.0,1.0,3.0,0,2.0,0,4,3.0,3.0,0,2.0,8,3,8,3.0,3.0,4.0,15,1,0.0,4.0,14,28,5,3,5,4.0,2026-07-17 21:15:14
2023-03-29,Wednesday,Weekday,275.0,5.0,9.0,8.0,5.0,5.0,6.0,3.0,3,0.0,3.0,3,9.0,1.0,4.0,3.0,0,20.0,12,0,8.0,3.0,34,2.0,2,5,11,2.0,8.0,0.0,12,0,13.0,3.0,3,23,37,6,1,3.0,2026-07-17 21:15:14
2023-03-30,Thursday,Weekday,228.0,2.0,3.0,5.0,0.0,10.0,9.0,1.0,5,5.0,9.0,0,4.0,1.0,4.0,9.0,8,1.0,5,26,1.0,10.0,7,9.0,1,3,15,4.0,0.0,5.0,1,8,5.0,11.0,8,1,3,9,2,18.0,2026-07-17 21:15:14
2023-03-31,Friday,Weekday,272.0,9.0,0.0,21.0,2.0,2.0,10.0,16.0,7,3.0,4.0,3,3.0,2.0,10.0,20.0,3,2.0,18,12,20.0,2.0,2,8.0,9,5,9,2.0,6.0,9.0,4,9,4.0,3.0,3,4,0,10,13,3.0,2026-07-17 21:15:14
2023-04-01,Saturday,Weekend,419.0,1.0,49.0,5.0,2.0,11.0,15.0,4.0,10,8.0,3.0,6,15.0,12.0,2.0,2.0,12,19.0,6,11,2.0,6.0,0,18.0,7,23,15,22.0,5.0,2.0,46,15,21.0,0.0,4,21,2,11,6,0.0,2026-07-17 21:15:14
2023-04-02,Sunday,Weekend,514.0,3.0,5.0,1.0,13.0,6.0,4.0,29.0,10,8.0,27.0,34,0.0,9.0,13.0,4.0,23,51.0,37,3,5.0,50.0,9,4.0,18,5,4,34.0,2.0,1.0,5,11,1.0,7.0,12,22,6,22,3,13.0,2026-07-17 21:15:14
2023-04-03,Monday,Weekday,164.0,2.0,0.0,5.0,1.0,2.0,2.0,4.0,1,1.0,0.0,2,3.0,1.0,0.0,2.0,7,5.0,8,0,11.0,2.0,18,1.0,2,2,2,7.0,5.0,18.0,5,2,0.0,18.0,2,6,4,3,9,1.0,2026-07-17 21:15:14
2023-04-04,Tuesday,Weekday,263.0,1.0,0.0,10.0,0.0,0.0,2.0,5.0,5,0.0,35.0,25,3.0,10.0,8.0,1.0,3,5.0,4,3,13.0,4.0,8,2.0,6,3,6,12.0,12.0,3.0,10,18,5.0,1.0,7,2,20,7,4,0.0,2026-07-17 21:15:14
2023-04-05,Wednesday,Weekday,240.0,1.0,12.0,0.0,5.0,24.0,2.0,3.0,4,3.0,3.0,0,6.0,15.0,0.0,1.0,2,9.0,1,12,0.0,18.0,6,6.0,3,10,1,0.0,3.0,13.0,7,4,5.0,1.0,9,11,10,4,16,10.0,2026-07-17 21:15:14
2023-04-06,Thursday,Weekday,335.0,9.0,4.0,10.0,9.0,11.0,4.0,5.0,10,6.0,6.0,16,9.0,0.0,5.0,26.0,17,4.0,29,0,34.0,4.0,0,5.0,4,7,20,20.0,7.0,6.0,3,0,8.0,0.0,14,7,2,8,1,5.0,2026-07-17 21:15:14
2023-04-07,Friday,Weekday,314.0,10.0,3.0,2.0,11.0,3.0,9.0,4.0,4,13.0,13.0,0,2.0,15.0,0.0,5.0,9,7.0,11,11,8.0,10.0,9,4.0,3,9,16,2.0,4.0,18.0,6,1,8.0,30.0,10,8,2,17,4,13.0,2026-07-17 21:15:14
2023-04-08,Saturday,Weekend,313.0,2.0,2.0,5.0,2.0,14.0,19.0,8.0,13,4.0,15.0,10,9.0,5.0,6.0,8.0,2,12.0,19,5,8.0,9.0,7,6.0,16,4,1,15.0,7.0,11.0,1,0,15.0,1.0,9,12,12,1,6,12.0,2026-07-17 21:15:14
2023-04-09,Sunday,Weekend,480.0,4.0,4.0,7.0,1.0,34.0,18.0,56.0,10,16.0,3.0,12,12.0,26.0,18.0,33.0,18,17.0,1,21,11.0,5.0,0,11.0,3,6,14,24.0,18.0,5.0,6,2,4.0,1.0,32,8,1,5,8,5.0,2026-07-17 21:15:14
2023-04-10,Monday,Weekday,278.0,0.0,23.0,3.0,0.0,0.0,5.0,1.0,0,4.0,11.0,1,4.0,6.0,1.0,7.0,0,0.0,5,1,1.0,5.0,18,11.0,15,15,30,11.0,9.0,3.0,1,7,40.0,4.0,11,5,7,5,5,3.0,2026-07-17 21:15:14
2023-04-11,Tuesday,Weekday,296.0,6.0,12.0,15.0,2.0,27.0,3.0,3.0,10,4.0,0.0,3,9.0,3.0,6.0,9.0,10,15.0,3,1,4.0,3.0,9,0.0,2,14,8,11.0,11.0,11.0,8,5,25.0,6.0,1,4,14,18,1,0.0,2026-07-17 21:15:14
2023-04-12,Wednesday,Weekday,245.0,10.0,13.0,3.0,2.0,12.0,2.0,14.0,1,0.0,2.0,4,1.0,0.0,9.0,1.0,15,3.0,7,1,1.0,7.0,5,11.0,10,6,4,14.0,8.0,29.0,11,0,2.0,5.0,7,6,15,3,1,0.0,2026-07-17 21:15:14
2023-04-13,Thursday,Weekday,257.0,7.0,9.0,4.0,12.0,0.0,1.0,11.0,4,12.0,26.0,17,1.0,7.0,13.0,18.0,13,2.0,3,8,16.0,4.0,1,13.0,5,1,1,4.0,10.0,4.0,0,1,2.0,11.0,1,9,2,3,1,0.0,2026-07-17 21:15:14
2023-04-14,Friday,Weekday,259.0,5.0,4.0,11.0,0.0,2.0,2.0,11.0,3,3.0,4.0,0,20.0,7.0,12.0,8.0,5,0.0,7,1,3.0,6.0,11,7.0,8,2,3,0.0,9.0,17.0,2,0,4.0,11.0,5,0,39,12,1,14.0,2026-07-17 21:15:14
2023-04-15,Saturday,Weekend,399.0,4.0,4.0,6.0,16.0,17.0,1.0,30.0,3,13.0,14.0,2,2.0,18.0,5.0,11.0,6,13.0,6,3,5.0,17.0,5,2.0,33,19,1,73.0,13.0,2.0,3,10,13.0,2.0,2,3,11,2,1,8.0,2026-07-17 21:15:14
2023-04-16,Sunday,Weekend,437.0,19.0,7.0,5.0,6.0,10.0,29.0,13.0,2,6.0,13.0,12,8.0,16.0,18.0,9.0,24,16.0,16,32,3.0,4.0,27,18.0,26,1,11,3.0,7.0,2.0,1,0,9.0,6.0,1,5,3,41,4,4.0,2026-07-17 21:15:14
2023-04-17,Monday,Weekday,195.0,6.0,4.0,5.0,5.0,21.0,1.0,19.0,8,3.0,7.0,4,0.0,1.0,16.0,3.0,2,5.0,3,0,6.0,6.0,1,11.0,1,2,0,3.0,3.0,2.0,8,0,6.0,3.0,13,3,0,0,8,6.0,2026-07-17 21:15:14
2023-04-18,Tuesday,Weekday,223.0,4.0,3.0,2.0,16.0,25.0,18.0,10.0,11,1.0,10.0,5,18.0,4.0,0.0,3.0,6,1.0,2,3,2.0,2.0,1,13.0,7,0,5,7.0,0.0,2.0,5,3,5.0,2.0,1,17,2,5,1,1.0,2026-07-17 21:15:14
2023-04-19,Wednesday,Weekday,313.0,6.0,1.0,6.0,1.0,10.0,9.0,0.0,19,1.0,2.0,8,5.0,7.0,1.0,13.0,10,1.0,3,14,8.0,1.0,3,3.0,5,14,5,6.0,21.0,7.0,7,2,9.0,6.0,4,43,29,12,6,5.0,2026-07-17 21:15:14
2023-04-20,Thursday,Weekday,244.0,0.0,1.0,8.0,5.0,20.0,1.0,5.0,7,4.0,22.0,26,2.0,1.0,1.0,7.0,3,7.0,3,6,9.0,6.0,7,0.0,3,5,5,12.0,16.0,10.0,3,8,3.0,1.0,2,0,4,4,14,3.0,2026-07-17 21:15:14
2023-04-21,Friday,Weekday,277.0,13.0,0.0,2.0,5.0,10.0,0.0,2.0,3,3.0,9.0,5,2.0,14.0,2.0,8.0,10,22.0,4,6,4.0,8.0,5,3.0,15,0,16,13.0,6.0,5.0,3,25,0.0,5.0,6,18,14,7,1,3.0,2026-07-17 21:15:14
2023-04-22,Saturday,Weekend,240.0,1.0,13.0,12.0,10.0,12.0,5.0,1.0,3,1.0,15.0,1,10.0,9.0,5.0,1.0,3,3.0,11,1,14.0,12.0,1,10.0,9,9,2,1.0,2.0,4.0,12,8,17.0,1.0,0,8,3,3,6,1.0,2026-07-17 21:15:14
2023-04-23,Sunday,Weekend,326.0,5.0,2.0,7.0,11.0,3.0,17.0,5.0,18,1.0,10.0,4,9.0,7.0,5.0,19.0,3,1.0,8,7,5.0,5.0,21,11.0,1,1,28,8.0,18.0,3.0,9,7,2.0,5.0,6,4,16,14,10,10.0,2026-07-17 21:15:14
2023-04-24,Monday,Weekday,271.0,2.0,1.0,8.0,4.0,3.0,2.0,0.0,6,2.0,2.0,14,7.0,7.0,4.0,7.0,7,4.0,15,1,11.0,4.0,4,0.0,3,4,28,20.0,15.0,1.0,26,2,8.0,1.0,2,13,21,5,6,1.0,2026-07-17 21:15:14
2023-04-25,Tuesday,Weekday,219.0,5.0,4.0,0.0,1.0,2.0,6.0,2.0,4,3.0,7.0,8,7.0,4.0,4.0,3.0,14,3.0,1,8,2.0,10.0,3,7.0,0,3,3,11.0,20.0,4.0,11,5,16.0,10.0,0,8,5,0,1,14.0,2026-07-17 21:15:14
2023-04-26,Wednesday,Weekday,93.0,5.0,3.0,10.0,3.0,0.0,0.0,0.0,0,1.0,2.0,5,4.0,3.0,5.0,2.0,5,1.0,0,5,1.0,1.0,1,2.0,14,0,4,0.0,2.0,0.0,3,0,2.0,1.0,1,3,1,1,0,2.0,2026-07-17 21:15:14
2023-04-27,Thursday,Weekday,154.0,4.0,1.0,1.0,2.0,1.0,6.0,5.0,4,2.0,5.0,6,3.0,5.0,4.0,2.0,1,5.0,1,5,5.0,6.0,2,1.0,0,4,7,3.0,1.0,9.0,16,1,2.0,5.0,5,11,0,3,3,7.0,2026-07-17 21:15:14
2023-04-28,Friday,Weekday,277.0,11.0,17.0,4.0,11.0,5.0,3.0,2.0,10,26.0,2.0,0,10.0,7.0,21.0,2.0,0,4.0,0,2,0.0,2.0,0,18.0,2,3,13,6.0,7.0,9.0,12,12,6.0,11.0,4,2,18,5,10,0.0,2026-07-17 21:15:14
2023-04-29,Saturday,Weekend,299.0,3.0,15.0,1.0,17.0,39.0,11.0,6.0,6,12.0,13.0,6,28.0,7.0,21.0,0.0,1,3.0,3,9,1.0,24.0,3,5.0,2,5,0,1.0,9.0,1.0,1,7,1.0,3.0,0,2,9,1,10,13.0,2026-07-17 21:15:14
2023-04-30,Sunday,Weekend,582.0,1.0,48.0,5.0,1.0,0.0,7.0,13.0,6,20.0,22.0,6,20.0,44.0,1.0,5.0,10,9.0,11,5,14.0,15.0,14,1.0,12,7,10,32.0,10.0,0.0,8,21,16.0,10.0,4,10,15,123,10,16.0,2026-07-17 21:15:14
2023-05-01,Monday,Weekday,358.0,3.0,3.0,13.0,6.0,63.0,3.0,0.0,8,0.0,3.0,5,13.0,6.0,0.0,8.0,4,22.0,6,10,1.0,10.0,13,17.0,0,4,7,0.0,4.0,20.0,4,26,0.0,8.0,5,5,35,3,13,7.0,2026-07-17 21:15:14
2023-05-02,Tuesday,Weekday,192.0,1.0,11.0,2.0,9.0,5.0,10.0,6.0,1,7.0,2.0,4,1.0,0.0,1.0,5.0,4,5.0,3,6,10.0,2.0,13,6.0,8,2,0,12.0,10.0,1.0,2,4,6.0,11.0,1,3,2,3,0,13.0,2026-07-17 21:15:14
2023-05-03,Wednesday,Weekday,137.0,4.0,7.0,0.0,2.0,3.0,2.0,8.0,3,1.0,0.0,1,8.0,4.0,7.0,6.0,1,1.0,6,7,2.0,1.0,0,2.0,0,2,3,1.0,1.0,9.0,5,11,2.0,6.0,1,5,1,0,11,3.0,2026-07-17 21:15:14
2023-05-04,Thursday,Weekday,314.0,20.0,4.0,5.0,3.0,18.0,6.0,25.0,0,12.0,5.0,2,6.0,6.0,2.0,2.0,4,3.0,4,2,0.0,30.0,24,6.0,43,8,0,2.0,19.0,9.0,16,15,5.0,0.0,1,0,2,3,1,1.0,2026-07-17 21:15:14
2023-05-05,Friday,Weekday,188.0,2.0,1.0,2.0,3.0,8.0,11.0,1.0,0,12.0,5.0,7,1.0,9.0,13.0,6.0,1,11.0,7,6,0.0,9.0,1,1.0,5,1,6,4.0,1.0,5.0,14,1,4.0,2.0,3,2,3,0,16,4.0,2026-07-17 21:15:14
2023-05-06,Saturday,Weekend,451.0,5.0,3.0,12.0,5.0,7.0,6.0,3.0,2,10.0,26.0,2,0.0,3.0,38.0,20.0,10,32.0,8,49,3.0,4.0,13,6.0,12,5,13,3.0,1.0,29.0,24,35,13.0,11.0,8,1,3,4,20,2.0,2026-07-17 21:15:14
2023-05-07,Sunday,Weekend,430.0,20.0,5.0,13.0,1.0,5.0,27.0,2.0,4,2.0,2.0,2,11.0,6.0,8.0,1.0,16,17.0,0,5,1.0,18.0,15,22.0,3,7,2,5.0,7.0,1.0,12,7,17.0,3.0,19,72,34,15,15,8.0,2026-07-17 21:15:14
2023-05-08,Monday,Weekday,216.0,0.0,3.0,7.0,21.0,7.0,1.0,5.0,16,1.0,2.0,4,1.0,0.0,2.0,8.0,0,3.0,5,12,17.0,3.0,14,0.0,7,5,1,4.0,1.0,10.0,3,4,1.0,1.0,15,6,21,1,1,3.0,2026-07-17 21:15:14
2023-05-09,Tuesday,Weekday,158.0,1.0,0.0,5.0,1.0,1.0,1.0,3.0,5,1.0,4.0,1,9.0,8.0,3.0,0.0,2,3.0,17,17,6.0,0.0,11,3.0,5,2,1,2.0,1.0,2.0,7,0,1.0,0.0,1,21,1,1,6,5.0,2026-07-17 21:15:14
2023-05-10,Wednesday,Weekday,300.0,0.0,6.0,5.0,9.0,4.0,22.0,0.0,2,3.0,5.0,14,6.0,0.0,3.0,3.0,16,5.0,4,6,8.0,5.0,2,13.0,6,7,37,8.0,10.0,16.0,1,3,4.0,1.0,9,9,8,34,1,5.0,2026-07-17 21:15:14
2023-05-11,Thursday,Weekday,162.0,2.0,2.0,1.0,7.0,5.0,4.0,2.0,1,1.0,2.0,11,0.0,11.0,12.0,16.0,2,9.0,2,0,1.0,10.0,0,2.0,0,1,0,6.0,3.0,8.0,5,8,1.0,3.0,2,2,8,3,5,4.0,2026-07-17 21:15:14
2023-05-12,Friday,Weekday,226.0,2.0,4.0,2.0,4.0,9.0,30.0,0.0,0,0.0,2.0,9,11.0,9.0,11.0,3.0,0,0.0,12,9,8.0,2.0,3,18.0,0,8,2,0.0,9.0,2.0,7,6,3.0,7.0,5,2,11,5,0,11.0,2026-07-17 21:15:14
2023-05-13,Saturday,Weekend,285.0,6.0,11.0,18.0,4.0,7.0,3.0,4.0,15,11.0,1.0,6,41.0,6.0,10.0,11.0,3,3.0,10,5,6.0,9.0,10,2.0,1,2,6,3.0,6.0,1.0,5,3,4.0,3.0,2,17,2,7,17,4.0,2026-07-17 21:15:14
2023-05-14,Sunday,Weekend,296.0,18.0,1.0,6.0,8.0,0.0,6.0,6.0,14,31.0,1.0,5,6.0,7.0,14.0,7.0,0,14.0,24,8,11.0,3.0,3,3.0,6,35,8,2.0,4.0,5.0,11,6,5.0,7.0,3,1,0,3,1,3.0,2026-07-17 21:15:14
2023-05-15,Monday,Weekday,213.0,6.0,6.0,5.0,8.0,2.0,10.0,2.0,2,3.0,0.0,19,2.0,3.0,2.0,0.0,1,0.0,2,8,2.0,0.0,6,26.0,1,2,16,2.0,4.0,1.0,14,12,7.0,1.0,3,2,15,13,2,3.0,2026-07-17 21:15:14
2023-05-16,Tuesday,Weekday,258.0,3.0,4.0,5.0,3.0,5.0,0.0,7.0,13,22.0,10.0,4,1.0,44.0,5.0,6.0,5,10.0,0,1,5.0,12.0,8,3.0,3,7,8,7.0,1.0,13.0,5,6,1.0,3.0,11,0,5,5,6,1.0,2026-07-17 21:15:14
2023-05-17,Wednesday,Weekday,240.0,0.0,11.0,2.0,0.0,2.0,35.0,1.0,7,4.0,18.0,8,6.0,0.0,12.0,4.0,17,4.0,6,0,8.0,2.0,4,1.0,1,1,4,13.0,2.0,8.0,0,5,3.0,21.0,11,2,13,1,3,0.0,2026-07-17 21:15:14
2023-05-18,Thursday,Weekday,300.0,1.0,1.0,9.0,4.0,17.0,4.0,0.0,10,15.0,21.0,6,11.0,11.0,2.0,1.0,0,3.0,5,48,3.0,8.0,8,2.0,0,6,9,39.0,3.0,14.0,4,7,5.0,0.0,0,0,5,12,1,5.0,2026-07-17 21:15:14
2023-05-19,Friday,Weekday,256.0,1.0,9.0,11.0,11.0,8.0,3.0,12.0,2,3.0,3.0,9,10.0,8.0,5.0,2.0,19,7.0,4,5,2.0,2.0,5,2.0,2,16,6,4.0,7.0,26.0,2,11,5.0,1.0,3,5,11,2,4,8.0,2026-07-17 21:15:14
2023-05-20,Saturday,Weekend,507.0,6.0,20.0,30.0,9.0,76.0,1.0,0.0,6,13.0,22.0,10,1.0,2.0,27.0,26.0,15,14.0,12,2,8.0,15.0,9,0.0,43,23,3,12.0,34.0,1.0,7,8,6.0,17.0,5,1,1,0,6,16.0,2026-07-17 21:15:14
2023-05-21,Sunday,Weekend,407.0,3.0,10.0,15.0,3.0,21.0,13.0,8.0,6,12.0,73.0,7,8.0,8.0,1.0,11.0,5,2.0,7,0,7.0,2.0,0,24.0,36,3,13,4.0,8.0,8.0,4,13,2.0,1.0,20,14,13,9,7,6.0,2026-07-17 21:15:14
2023-05-22,Monday,Weekday,191.0,1.0,2.0,4.0,3.0,8.0,2.0,2.0,2,3.0,2.0,8,6.0,9.0,5.0,13.0,4,15.0,1,0,3.0,17.0,2,2.0,4,4,1,6.0,19.0,12.0,1,2,2.0,1.0,0,6,3,8,8,0.0,2026-07-17 21:15:14
2023-05-23,Tuesday,Weekday,269.0,26.0,8.0,8.0,4.0,9.0,3.0,7.0,0,8.0,3.0,0,6.0,7.0,4.0,0.0,17,8.0,1,5,5.0,0.0,7,10.0,8,1,15,4.0,21.0,0.0,5,5,1.0,10.0,5,0,10,5,1,32.0,2026-07-17 21:15:14
2023-05-24,Wednesday,Weekday,210.0,10.0,1.0,4.0,1.0,11.0,11.0,2.0,8,4.0,4.0,13,4.0,3.0,7.0,1.0,3,14.0,5,10,1.0,4.0,18,1.0,1,4,3,1.0,8.0,23.0,4,7,9.0,6.0,0,1,0,0,1,2.0,2026-07-17 21:15:14
2023-05-25,Thursday,Weekday,182.0,1.0,0.0,4.0,1.0,10.0,0.0,8.0,13,5.0,6.0,10,1.0,23.0,6.0,5.0,2,2.0,4,4,5.0,0.0,2,2.0,1,1,1,2.0,3.0,0.0,12,5,5.0,1.0,3,2,19,5,2,6.0,2026-07-17 21:15:14
2023-05-26,Friday,Weekday,269.0,1.0,0.0,10.0,1.0,2.0,9.0,4.0,7,23.0,6.0,1,2.0,1.0,0.0,0.0,6,3.0,10,21,14.0,6.0,1,9.0,3,0,13,3.0,1.0,14.0,20,2,3.0,6.0,9,0,10,31,2,15.0,2026-07-17 21:15:14
2023-05-27,Saturday,Weekend,371.0,23.0,2.0,12.0,2.0,18.0,8.0,4.0,9,13.0,5.0,2,1.0,8.0,33.0,17.0,4,6.0,3,2,4.0,7.0,7,30.0,7,8,1,46.0,12.0,17.0,4,5,5.0,2.0,8,23,2,1,8,2.0,2026-07-17 21:15:14
2023-05-28,Sunday,Weekend,689.0,14.0,19.0,8.0,29.0,19.0,29.0,24.0,34,0.0,8.0,2,11.0,39.0,8.0,31.0,9,8.0,46,9,26.0,5.0,50,18.0,23,1,9,45.0,33.0,0.0,6,8,3.0,17.0,3,7,24,11,18,35.0,2026-07-17 21:15:14
2023-05-29,Monday,Weekday,335.0,3.0,11.0,7.0,6.0,0.0,2.0,4.0,3,27.0,20.0,42,9.0,5.0,3.0,3.0,3,13.0,8,7,1.0,0.0,2,2.0,20,2,16,6.0,0.0,21.0,10,3,20.0,0.0,1,16,18,4,0,17.0,2026-07-17 21:15:14
2023-05-30,Tuesday,Weekday,123.0,2.0,1.0,2.0,8.0,0.0,4.0,3.0,2,4.0,17.0,0,1.0,8.0,3.0,2.0,3,4.0,5,8,2.0,1.0,4,3.0,3,2,0,2.0,4.0,5.0,2,1,1.0,4.0,1,4,3,1,3,0.0,2026-07-17 21:15:14
2023-05-31,Wednesday,Weekday,175.0,1.0,0.0,0.0,3.0,4.0,4.0,6.0,6,2.0,6.0,4,2.0,4.0,12.0,1.0,10,0.0,2,1,4.0,1.0,10,8.0,6,3,11,8.0,3.0,5.0,4,3,2.0,3.0,0,3,6,12,12,3.0,2026-07-17 21:15:14
2023-06-01,Thursday,Weekday,270.0,9.0,1.0,10.0,0.0,5.0,9.0,4.0,0,17.0,4.0,0,0.0,4.0,1.0,15.0,3,16.0,1,5,12.0,10.0,8,24.0,4,8,19,0.0,0.0,4.0,9,2,1.0,6.0,8,4,3,11,24,9.0,2026-07-17 21:15:14
2023-06-02,Friday,Weekday,286.0,13.0,2.0,2.0,5.0,19.0,4.0,15.0,32,0.0,0.0,2,3.0,2.0,14.0,0.0,3,2.0,18,8,16.0,25.0,5,2.0,2,2,10,0.0,0.0,7.0,9,7,3.0,10.0,5,0,16,21,0,2.0,2026-07-17 21:15:14
2023-06-03,Saturday,Weekend,440.0,6.0,1.0,21.0,3.0,26.0,9.0,9.0,2,4.0,0.0,3,5.0,18.0,5.0,16.0,8,20.0,41,3,23.0,11.0,17,13.0,7,3,1,9.0,46.0,16.0,3,18,12.0,3.0,0,1,31,20,3,3.0,2026-07-17 21:15:14
2023-06-04,Sunday,Weekend,270.0,8.0,17.0,9.0,5.0,2.0,4.0,1.0,12,3.0,15.0,3,9.0,3.0,3.0,7.0,1,20.0,6,4,11.0,15.0,6,18.0,1,1,5,3.0,4.0,3.0,4,8,5.0,31.0,7,2,3,2,9,0.0,2026-07-17 21:15:14
2023-06-05,Monday,Weekday,146.0,1.0,8.0,4.0,1.0,1.0,7.0,9.0,1,2.0,11.0,5,7.0,3.0,8.0,2.0,1,4.0,3,8,0.0,8.0,2,4.0,0,4,4,2.0,1.0,2.0,7,1,1.0,1.0,10,2,0,6,4,1.0,2026-07-17 21:15:14
2023-06-06,Tuesday,Weekday,263.0,18.0,3.0,4.0,2.0,21.0,1.0,1.0,1,9.0,9.0,6,1.0,7.0,8.0,3.0,8,3.0,9,0,4.0,20.0,25,1.0,3,0,13,4.0,3.0,0.0,19,5,1.0,3.0,1,5,19,12,3,8.0,2026-07-17 21:15:14
2023-06-07,Wednesday,Weekday,327.0,3.0,0.0,39.0,3.0,6.0,42.0,2.0,11,26.0,8.0,0,4.0,2.0,5.0,13.0,6,5.0,7,6,15.0,3.0,15,7.0,3,4,3,7.0,2.0,24.0,8,14,0.0,3.0,0,2,22,0,6,1.0,2026-07-17 21:15:14
2023-06-08,Thursday,Weekday,260.0,1.0,9.0,5.0,8.0,5.0,14.0,7.0,3,3.0,23.0,5,6.0,3.0,2.0,8.0,5,5.0,6,1,9.0,16.0,14,3.0,3,12,6,5.0,17.0,6.0,5,0,0.0,0.0,13,4,6,12,5,5.0,2026-07-17 21:15:14
2023-06-09,Friday,Weekday,297.0,4.0,14.0,2.0,0.0,3.0,3.0,4.0,11,2.0,17.0,2,2.0,7.0,23.0,19.0,35,10.0,10,8,8.0,2.0,8,5.0,5,7,2,3.0,0.0,39.0,2,3,16.0,6.0,2,5,2,2,0,4.0,2026-07-17 21:15:14
2023-06-10,Saturday,Weekend,234.0,9.0,5.0,5.0,1.0,3.0,9.0,1.0,12,4.0,14.0,2,3.0,10.0,10.0,2.0,21,1.0,1,5,7.0,23.0,3,0.0,6,2,4,4.0,1.0,4.0,4,6,7.0,1.0,1,2,2,8,26,5.0,2026-07-17 21:15:14
2023-06-11,Sunday,Weekend,350.0,6.0,4.0,2.0,17.0,39.0,4.0,2.0,13,1.0,14.0,14,1.0,25.0,32.0,23.0,5,1.0,6,4,2.0,4.0,9,1.0,3,0,9,8.0,1.0,25.0,0,6,9.0,9.0,0,18,23,6,4,0.0,2026-07-17 21:15:14
2023-06-12,Monday,Weekday,189.0,2.0,2.0,7.0,3.0,10.0,1.0,1.0,1,0.0,6.0,9,6.0,5.0,7.0,2.0,2,2.0,6,1,0.0,4.0,14,5.0,11,7,3,7.0,11.0,1.0,3,1,3.0,10.0,2,3,13,5,3,10.0,2026-07-17 21:15:14
2023-06-13,Tuesday,Weekday,188.0,2.0,4.0,0.0,1.0,3.0,2.0,12.0,13,6.0,2.0,11,4.0,2.0,5.0,0.0,2,7.0,3,2,2.0,9.0,4,2.0,0,1,16,2.0,2.0,2.0,9,3,4.0,1.0,0,11,14,11,9,5.0,2026-07-17 21:15:14
2023-06-14,Wednesday,Weekday,201.0,7.0,9.0,6.0,1.0,3.0,18.0,3.0,12,0.0,3.0,3,0.0,1.0,1.0,11.0,0,3.0,0,7,6.0,8.0,3,2.0,8,10,1,4.0,1.0,2.0,6,4,1.0,2.0,17,10,16,4,5,3.0,2026-07-17 21:15:14
2023-06-15,Thursday,Weekday,324.0,1.0,3.0,6.0,2.0,23.0,1.0,4.0,2,4.0,0.0,1,4.0,4.0,6.0,2.0,5,6.0,2,13,5.0,5.0,23,15.0,28,10,4,1.0,7.0,26.0,7,11,3.0,3.0,16,9,42,13,3,4.0,2026-07-17 21:15:14
2023-06-16,Friday,Weekday,425.0,18.0,5.0,3.0,5.0,12.0,0.0,11.0,0,4.0,21.0,7,20.0,5.0,34.0,3.0,0,20.0,14,3,37.0,7.0,33,7.0,7,4,4,7.0,5.0,0.0,3,1,17.0,9.0,12,33,13,39,1,1.0,2026-07-17 21:15:14
2023-06-17,Saturday,Weekend,578.0,7.0,7.0,28.0,10.0,7.0,16.0,11.0,3,12.0,46.0,24,13.0,6.0,1.0,8.0,20,7.0,6,44,24.0,17.0,1,3.0,1,14,1,24.0,70.0,8.0,8,14,35.0,24.0,1,3,28,17,1,8.0,2026-07-17 21:15:14
2023-06-18,Sunday,Weekend,368.0,10.0,2.0,22.0,1.0,23.0,8.0,4.0,13,14.0,39.0,5,10.0,9.0,8.0,24.0,0,4.0,7,1,21.0,8.0,7,16.0,5,9,0,5.0,2.0,12.0,7,3,6.0,1.0,20,1,23,8,7,3.0,2026-07-17 21:15:14
2023-06-19,Monday,Weekday,256.0,13.0,0.0,3.0,26.0,17.0,2.0,20.0,6,1.0,4.0,1,1.0,7.0,4.0,0.0,11,1.0,24,14,14.0,7.0,1,2.0,1,2,5,0.0,16.0,12.0,4,2,2.0,9.0,5,1,4,3,10,1.0,2026-07-17 21:15:14
2023-06-20,Tuesday,Weekday,268.0,1.0,13.0,15.0,14.0,10.0,5.0,5.0,0,7.0,0.0,3,18.0,1.0,20.0,1.0,3,7.0,7,5,12.0,0.0,16,1.0,13,3,13,8.0,1.0,18.0,1,1,11.0,0.0,1,5,17,1,4,7.0,2026-07-17 21:15:14
2023-06-21,Wednesday,Weekday,279.0,12.0,14.0,11.0,7.0,5.0,0.0,7.0,31,8.0,0.0,6,5.0,9.0,10.0,6.0,2,21.0,10,1,3.0,18.0,16,3.0,0,0,2,7.0,6.0,7.0,9,0,0.0,2.0,1,0,12,12,7,9.0,2026-07-17 21:15:14
2023-06-22,Thursday,Weekday,217.0,4.0,5.0,1.0,18.0,2.0,1.0,1.0,19,18.0,8.0,4,3.0,14.0,4.0,10.0,1,1.0,8,0,13.0,3.0,11,1.0,6,3,4,3.0,13.0,4.0,1,7,1.0,1.0,0,9,2,1,7,5.0,2026-07-17 21:15:14
2023-06-23,Friday,Weekday,222.0,2.0,8.0,13.0,0.0,19.0,4.0,9.0,3,8.0,0.0,9,0.0,4.0,1.0,11.0,3,4.0,4,11,4.0,10.0,0,2.0,6,19,0,0.0,2.0,8.0,4,12,0.0,1.0,3,8,10,1,17,2.0,2026-07-17 21:15:14
2023-06-24,Saturday,Weekend,362.0,9.0,4.0,2.0,13.0,17.0,3.0,6.0,2,9.0,4.0,15,2.0,0.0,3.0,2.0,6,2.0,10,2,11.0,8.0,30,65.0,14,11,4,10.0,22.0,0.0,6,1,6.0,4.0,5,6,31,5,10,2.0,2026-07-17 21:15:14
2023-06-25,Sunday,Weekend,442.0,6.0,7.0,4.0,7.0,19.0,10.0,14.0,6,6.0,19.0,2,5.0,1.0,1.0,3.0,0,3.0,16,1,8.0,29.0,22,4.0,34,6,1,69.0,24.0,10.0,13,13,3.0,3.0,8,33,0,25,1,6.0,2026-07-17 21:15:14
2023-06-26,Monday,Weekday,240.0,6.0,8.0,0.0,4.0,8.0,0.0,1.0,7,6.0,3.0,7,15.0,0.0,8.0,0.0,0,1.0,4,12,3.0,8.0,4,1.0,5,10,12,13.0,3.0,11.0,1,9,18.0,0.0,4,8,15,1,19,5.0,2026-07-17 21:15:14
2023-06-27,Tuesday,Weekday,294.0,1.0,0.0,10.0,0.0,3.0,4.0,8.0,8,5.0,16.0,26,1.0,9.0,18.0,9.0,6,1.0,5,6,9.0,39.0,0,0.0,0,9,1,7.0,4.0,4.0,2,11,6.0,17.0,4,1,3,35,6,0.0,2026-07-17 21:15:14
2023-06-28,Wednesday,Weekday,293.0,11.0,6.0,4.0,1.0,27.0,0.0,3.0,4,1.0,11.0,0,4.0,23.0,3.0,5.0,8,9.0,17,1,19.0,13.0,11,1.0,0,9,20,10.0,1.0,1.0,10,9,1.0,0.0,5,7,18,13,6,1.0,2026-07-17 21:15:14
2023-06-29,Thursday,Weekday,154.0,3.0,12.0,9.0,8.0,3.0,4.0,7.0,4,1.0,16.0,3,1.0,1.0,4.0,3.0,0,6.0,7,6,1.0,4.0,0,2.0,2,6,2,0.0,2.0,4.0,12,8,1.0,1.0,1,6,0,1,2,1.0,2026-07-17 21:15:14
2023-06-30,Friday,Weekday,276.0,1.0,4.0,3.0,5.0,43.0,2.0,3.0,15,12.0,5.0,9,0.0,10.0,22.0,5.0,5,2.0,8,5,9.0,0.0,7,7.0,2,2,2,8.0,4.0,12.0,3,13,7.0,3.0,0,2,29,3,3,1.0,2026-07-17 21:15:14
2023-07-01,Saturday,Weekend,352.0,11.0,2.0,3.0,5.0,7.0,4.0,5.0,13,13.0,15.0,1,12.0,1.0,1.0,23.0,15,7.0,16,33,7.0,7.0,12,2.0,2,12,3,1.0,3.0,3.0,25,7,7.0,19.0,15,4,28,4,2,2.0,2026-07-17 21:15:14
2023-07-02,Sunday,Weekend,279.0,7.0,3.0,8.0,8.0,0.0,1.0,5.0,1,7.0,10.0,6,2.0,7.0,13.0,43.0,14,6.0,1,9,21.0,2.0,2,2.0,10,4,1,16.0,6.0,3.0,4,2,4.0,2.0,6,10,12,3,5,13.0,2026-07-17 21:15:14
2023-07-03,Monday,Weekday,282.0,1.0,0.0,5.0,8.0,3.0,8.0,6.0,20,1.0,14.0,0,6.0,5.0,4.0,12.0,0,5.0,1,10,0.0,12.0,12,12.0,1,7,0,15.0,9.0,5.0,10,0,3.0,1.0,21,13,18,18,2,14.0,2026-07-17 21:15:14
2023-07-04,Tuesday,Weekday,417.0,3.0,12.0,17.0,0.0,8.0,0.0,61.0,3,9.0,28.0,1,8.0,10.0,3.0,17.0,5,2.0,8,7,29.0,24.0,7,5.0,5,4,9,20.0,5.0,3.0,9,0,13.0,7.0,6,5,38,0,23,3.0,2026-07-17 21:15:14
2023-07-05,Wednesday,Weekday,320.0,16.0,9.0,1.0,15.0,13.0,0.0,1.0,8,8.0,19.0,11,10.0,15.0,8.0,1.0,21,0.0,4,14,4.0,0.0,0,10.0,27,8,5,4.0,1.0,0.0,4,4,1.0,0.0,9,21,28,11,0,9.0,2026-07-17 21:15:14
2023-07-06,Thursday,Weekday,151.0,0.0,2.0,5.0,4.0,17.0,4.0,5.0,1,10.0,1.0,10,2.0,1.0,9.0,0.0,7,1.0,7,5,3.0,2.0,0,7.0,1,2,4,3.0,1.0,1.0,1,7,0.0,13.0,1,1,5,0,3,5.0,2026-07-17 21:15:14
2023-07-07,Friday,Weekday,263.0,0.0,10.0,3.0,2.0,3.0,16.0,2.0,17,7.0,0.0,5,14.0,9.0,6.0,15.0,2,22.0,12,10,14.0,7.0,8,6.0,3,7,2,5.0,3.0,2.0,3,12,3.0,8.0,2,5,2,2,6,8.0,2026-07-17 21:15:14
2023-07-08,Saturday,Weekend,384.0,1.0,4.0,16.0,2.0,0.0,8.0,1.0,32,9.0,7.0,5,8.0,1.0,25.0,9.0,2,7.0,1,0,9.0,11.0,9,2.0,9,1,11,6.0,8.0,23.0,20,28,24.0,11.0,25,19,15,1,0,14.0,2026-07-17 21:15:14
2023-07-09,Sunday,Weekend,396.0,5.0,16.0,5.0,6.0,23.0,24.0,1.0,22,15.0,5.0,5,1.0,0.0,6.0,1.0,2,17.0,10,12,2.0,18.0,22,7.0,26,20,16,16.0,1.0,4.0,1,0,2.0,22.0,3,34,15,3,6,2.0,2026-07-17 21:15:14
2023-07-10,Monday,Weekday,194.0,17.0,7.0,0.0,12.0,8.0,0.0,6.0,5,1.0,10.0,0,3.0,0.0,17.0,7.0,1,2.0,1,6,0.0,10.0,15,5.0,1,2,4,5.0,6.0,3.0,2,9,0.0,3.0,6,0,8,7,5,0.0,2026-07-17 21:15:14
2023-07-11,Tuesday,Weekday,317.0,1.0,4.0,2.0,25.0,10.0,1.0,17.0,10,1.0,5.0,1,28.0,5.0,14.0,4.0,13,0.0,29,18,4.0,9.0,12,15.0,4,6,15,12.0,3.0,13.0,0,9,1.0,1.0,4,4,9,4,3,1.0,2026-07-17 21:15:14
2023-07-12,Wednesday,Weekday,227.0,8.0,3.0,6.0,7.0,21.0,5.0,0.0,11,29.0,6.0,19,4.0,4.0,2.0,7.0,1,0.0,0,1,3.0,4.0,1,23.0,1,4,0,1.0,0.0,5.0,9,1,2.0,0.0,10,10,0,3,14,2.0,2026-07-17 21:15:14
2023-07-13,Thursday,Weekday,256.0,2.0,1.0,3.0,17.0,40.0,5.0,3.0,3,1.0,28.0,6,3.0,0.0,3.0,16.0,3,1.0,0,1,12.0,24.0,15,4.0,3,4,3,5.0,3.0,4.0,0,1,6.0,8.0,2,0,16,5,2,3.0,2026-07-17 21:15:14
2023-07-14,Friday,Weekday,259.0,2.0,3.0,14.0,2.0,0.0,0.0,3.0,2,2.0,0.0,2,4.0,0.0,7.0,4.0,0,6.0,38,19,0.0,11.0,3,0.0,2,4,6,6.0,9.0,2.0,3,2,2.0,49.0,8,23,12,3,2,4.0,2026-07-17 21:15:14
2023-07-15,Saturday,Weekend,458.0,6.0,17.0,6.0,5.0,28.0,19.0,7.0,16,1.0,10.0,0,0.0,12.0,5.0,16.0,23,2.0,18,9,1.0,12.0,13,8.0,31,9,66,7.0,1.0,6.0,2,10,12.0,6.0,1,8,1,14,15,35.0,2026-07-17 21:15:14
2023-07-16,Sunday,Weekend,413.0,1.0,5.0,7.0,25.0,15.0,2.0,7.0,9,14.0,29.0,2,30.0,1.0,44.0,22.0,12,15.0,1,0,1.0,1.0,9,2.0,22,6,14,13.0,4.0,3.0,5,13,7.0,2.0,16,1,17,7,10,19.0,2026-07-17 21:15:14
2023-07-17,Monday,Weekday,253.0,9.0,4.0,1.0,8.0,7.0,0.0,9.0,3,0.0,19.0,5,2.0,8.0,13.0,0.0,7,9.0,2,4,0.0,9.0,13,0.0,10,9,3,7.0,0.0,19.0,4,4,7.0,4.0,10,7,18,6,1,12.0,2026-07-17 21:15:14
2023-07-18,Tuesday,Weekday,225.0,6.0,5.0,18.0,0.0,4.0,1.0,5.0,9,18.0,4.0,7,11.0,5.0,1.0,4.0,18,22.0,4,9,1.0,1.0,12,0.0,1,3,5,5.0,1.0,11.0,11,2,2.0,4.0,6,2,3,1,1,2.0,2026-07-17 21:15:14
2023-07-19,Wednesday,Weekday,225.0,3.0,6.0,7.0,3.0,10.0,0.0,3.0,6,4.0,4.0,6,10.0,4.0,7.0,18.0,6,4.0,0,3,3.0,7.0,2,16.0,1,8,3,3.0,8.0,2.0,0,4,4.0,7.0,13,0,6,6,16,12.0,2026-07-17 21:15:14
2023-07-20,Thursday,Weekday,196.0,6.0,4.0,1.0,2.0,8.0,6.0,5.0,6,4.0,10.0,1,2.0,1.0,14.0,0.0,10,1.0,3,14,6.0,1.0,2,14.0,4,5,4,2.0,1.0,6.0,8,1,8.0,7.0,13,1,3,11,1,0.0,2026-07-17 21:15:14
2023-07-21,Friday,Weekday,206.0,8.0,2.0,4.0,4.0,17.0,2.0,14.0,6,6.0,3.0,2,6.0,4.0,15.0,3.0,4,4.0,10,4,2.0,12.0,6,4.0,5,7,2,0.0,9.0,1.0,7,0,2.0,0.0,4,6,2,2,14,3.0,2026-07-17 21:15:14
2023-07-22,Saturday,Weekend,551.0,12.0,24.0,44.0,26.0,6.0,29.0,18.0,27,0.0,51.0,17,19.0,1.0,3.0,36.0,7,5.0,23,1,8.0,5.0,6,4.0,3,3,10,26.0,9.0,4.0,1,15,31.0,5.0,4,11,27,7,11,12.0,2026-07-17 21:15:14
2023-07-23,Sunday,Weekend,381.0,23.0,2.0,55.0,5.0,21.0,6.0,7.0,12,5.0,1.0,6,8.0,2.0,27.0,2.0,5,2.0,7,3,7.0,2.0,1,15.0,10,4,0,19.0,2.0,25.0,5,3,13.0,19.0,4,6,7,27,10,3.0,2026-07-17 21:15:14
2023-07-24,Monday,Weekday,203.0,1.0,1.0,2.0,1.0,11.0,1.0,3.0,6,2.0,0.0,0,1.0,9.0,8.0,0.0,3,2.0,5,6,4.0,2.0,1,10.0,15,21,0,9.0,8.0,19.0,2,8,0.0,5.0,2,10,17,3,4,1.0,2026-07-17 21:15:14
2023-07-25,Tuesday,Weekday,334.0,3.0,3.0,2.0,20.0,3.0,6.0,21.0,24,14.0,3.0,15,1.0,20.0,9.0,13.0,0,8.0,16,16,0.0,20.0,0,8.0,10,2,0,12.0,3.0,2.0,12,12,6.0,2.0,0,9,13,11,10,5.0,2026-07-17 21:15:14
2023-07-26,Wednesday,Weekday,189.0,1.0,9.0,2.0,4.0,18.0,9.0,3.0,1,26.0,5.0,3,2.0,2.0,8.0,3.0,8,7.0,7,5,8.0,2.0,0,9.0,3,1,0,1.0,5.0,5.0,1,6,1.0,6.0,3,5,3,2,5,0.0,2026-07-17 21:15:14
2023-07-27,Thursday,Weekday,252.0,16.0,4.0,2.0,4.0,0.0,3.0,24.0,2,8.0,5.0,6,2.0,3.0,24.0,1.0,7,3.0,4,6,3.0,0.0,14,10.0,1,3,8,19.0,15.0,12.0,2,10,11.0,3.0,3,3,8,2,0,1.0,2026-07-17 21:15:14
2023-07-28,Friday,Weekday,264.0,4.0,1.0,8.0,0.0,23.0,10.0,13.0,6,0.0,4.0,2,20.0,3.0,5.0,8.0,15,7.0,5,3,6.0,0.0,12,5.0,0,16,5,12.0,10.0,8.0,0,1,11.0,11.0,3,3,2,20,1,1.0,2026-07-17 21:15:14
2023-07-29,Saturday,Weekend,439.0,10.0,2.0,37.0,0.0,0.0,8.0,7.0,2,8.0,9.0,23,0.0,44.0,12.0,2.0,1,10.0,3,4,3.0,10.0,8,1.0,10,20,1,24.0,11.0,40.0,2,44,10.0,8.0,7,0,46,11,1,0.0,2026-07-17 21:15:14
2023-07-30,Sunday,Weekend,549.0,1.0,11.0,13.0,9.0,7.0,8.0,10.0,0,4.0,0.0,25,19.0,67.0,4.0,24.0,11,8.0,3,15,27.0,2.0,3,13.0,41,15,4,8.0,5.0,22.0,20,8,4.0,30.0,11,47,11,20,14,5.0,2026-07-17 21:15:14
2023-07-31,Monday,Weekday,149.0,10.0,0.0,4.0,10.0,1.0,3.0,3.0,5,6.0,4.0,6,1.0,1.0,2.0,3.0,1,3.0,2,6,0.0,3.0,4,9.0,4,6,7,4.0,1.0,6.0,4,1,3.0,6.0,8,8,1,2,0,1.0,2026-07-17 21:15:14
2023-08-01,Tuesday,Weekday,201.0,7.0,2.0,4.0,6.0,11.0,1.0,2.0,2,2.0,28.0,8,3.0,10.0,2.0,8.0,1,6.0,3,0,1.0,2.0,8,0.0,5,5,4,6.0,1.0,4.0,14,3,4.0,5.0,2,6,15,0,9,1.0,2026-07-17 21:15:14
2023-08-02,Wednesday,Weekday,132.0,2.0,6.0,5.0,8.0,12.0,3.0,4.0,1,1.0,3.0,5,2.0,6.0,4.0,0.0,3,2.0,2,6,3.0,6.0,4,3.0,4,0,0,0.0,2.0,1.0,12,2,4.0,1.0,1,2,6,2,2,2.0,2026-07-17 21:15:14
2023-08-03,Thursday,Weekday,261.0,6.0,0.0,8.0,4.0,9.0,1.0,3.0,1,16.0,4.0,23,4.0,1.0,3.0,0.0,12,8.0,7,5,4.0,28.0,1,7.0,3,19,8,30.0,5.0,1.0,3,5,6.0,0.0,2,1,17,1,4,1.0,2026-07-17 21:15:14
2023-08-04,Friday,Weekday,311.0,4.0,24.0,2.0,0.0,0.0,5.0,10.0,3,13.0,0.0,20,17.0,35.0,24.0,4.0,4,15.0,2,4,2.0,6.0,8,2.0,0,11,0,39.0,2.0,10.0,5,0,5.0,7.0,12,10,0,2,3,1.0,2026-07-17 21:15:14
2023-08-05,Saturday,Weekend,449.0,5.0,33.0,8.0,15.0,18.0,15.0,2.0,11,16.0,1.0,4,38.0,14.0,2.0,8.0,6,7.0,3,2,11.0,12.0,16,1.0,18,3,5,22.0,5.0,2.0,1,4,13.0,44.0,12,15,20,18,1,18.0,2026-07-17 21:15:14
2023-08-06,Sunday,Weekend,383.0,5.0,24.0,1.0,15.0,28.0,53.0,17.0,6,10.0,10.0,3,3.0,3.0,11.0,22.0,24,1.0,1,4,4.0,1.0,6,11.0,11,10,4,15.0,20.0,6.0,1,4,2.0,7.0,2,8,5,17,0,8.0,2026-07-17 21:15:14
2023-08-07,Monday,Weekday,231.0,0.0,0.0,10.0,5.0,0.0,4.0,5.0,4,3.0,14.0,1,2.0,1.0,7.0,10.0,6,7.0,19,6,6.0,22.0,0,5.0,8,11,10,8.0,13.0,4.0,0,0,3.0,2.0,2,3,14,1,6,9.0,2026-07-17 21:15:14
2023-08-08,Tuesday,Weekday,203.0,2.0,2.0,9.0,7.0,3.0,1.0,2.0,1,2.0,2.0,6,14.0,9.0,15.0,10.0,7,3.0,2,11,14.0,3.0,0,10.0,2,0,9,5.0,8.0,14.0,6,3,2.0,2.0,7,3,2,0,3,2.0,2026-07-17 21:15:14
2023-08-09,Wednesday,Weekday,148.0,3.0,2.0,1.0,2.0,12.0,1.0,4.0,3,5.0,1.0,11,4.0,7.0,1.0,5.0,5,2.0,2,5,0.0,6.0,0,1.0,4,0,14,8.0,4.0,6.0,6,1,6.0,1.0,1,4,7,0,1,2.0,2026-07-17 21:15:14
2023-08-10,Thursday,Weekday,304.0,1.0,8.0,8.0,1.0,3.0,7.0,4.0,1,1.0,3.0,0,6.0,8.0,6.0,15.0,1,4.0,7,8,8.0,8.0,8,0.0,9,11,36,7.0,8.0,6.0,17,34,12.0,7.0,0,10,15,9,0,7.0,2026-07-17 21:15:14
2023-08-11,Friday,Weekday,250.0,2.0,10.0,3.0,9.0,2.0,0.0,6.0,0,5.0,23.0,19,2.0,9.0,3.0,13.0,11,0.0,3,3,9.0,3.0,7,6.0,21,17,3,7.0,12.0,14.0,0,1,2.0,2.0,1,4,9,5,4,0.0,2026-07-17 21:15:14
2023-08-12,Saturday,Weekend,412.0,21.0,36.0,10.0,28.0,3.0,16.0,1.0,7,6.0,16.0,4,11.0,6.0,24.0,12.0,3,6.0,24,6,10.0,12.0,5,4.0,8,3,4,1.0,4.0,6.0,34,8,16.0,1.0,1,23,16,2,6,8.0,2026-07-17 21:15:14
2023-08-13,Sunday,Weekend,407.0,14.0,1.0,9.0,12.0,55.0,14.0,3.0,13,13.0,20.0,18,22.0,1.0,1.0,16.0,3,1.0,4,16,1.0,11.0,0,1.0,5,1,19,21.0,17.0,4.0,7,1,3.0,6.0,13,1,5,29,3,23.0,2026-07-17 21:15:14
2023-08-14,Monday,Weekday,148.0,16.0,2.0,2.0,8.0,2.0,1.0,6.0,2,1.0,7.0,6,1.0,1.0,1.0,1.0,7,5.0,4,0,1.0,1.0,2,1.0,3,0,6,8.0,4.0,0.0,10,12,1.0,5.0,7,4,3,3,2,2.0,2026-07-17 21:15:14
2023-08-15,Tuesday,Weekday,93.0,7.0,5.0,0.0,2.0,6.0,0.0,1.0,6,2.0,1.0,0,2.0,2.0,1.0,3.0,0,1.0,2,0,6.0,1.0,2,1.0,1,4,2,3.0,2.0,2.0,4,3,2.0,5.0,7,1,3,0,1,2.0,2026-07-17 21:15:14
2023-08-16,Wednesday,Weekday,159.0,8.0,3.0,7.0,0.0,4.0,10.0,1.0,0,3.0,7.0,3,3.0,6.0,1.0,6.0,1,3.0,6,8,7.0,7.0,2,1.0,1,10,9,12.0,0.0,4.0,5,4,3.0,7.0,2,1,2,0,2,0.0,2026-07-17 21:15:14
2023-08-17,Thursday,Weekday,245.0,0.0,4.0,12.0,12.0,2.0,1.0,1.0,21,5.0,2.0,9,3.0,11.0,1.0,2.0,5,13.0,10,5,2.0,3.0,20,5.0,8,3,4,4.0,7.0,9.0,4,2,1.0,1.0,13,1,12,7,7,13.0,2026-07-17 21:15:14
2023-08-18,Friday,Weekday,405.0,10.0,26.0,4.0,14.0,34.0,5.0,17.0,18,24.0,7.0,14,4.0,13.0,7.0,14.0,6,2.0,3,0,12.0,25.0,0,0.0,8,15,3,5.0,3.0,5.0,3,3,14.0,9.0,0,14,12,35,4,13.0,2026-07-17 21:15:14
2023-08-19,Saturday,Weekend,456.0,17.0,3.0,31.0,10.0,30.0,2.0,5.0,12,5.0,15.0,8,14.0,10.0,0.0,17.0,6,7.0,1,3,3.0,42.0,9,1.0,2,1,15,3.0,11.0,7.0,25,4,8.0,17.0,8,25,22,8,7,42.0,2026-07-17 21:15:14
2023-08-20,Sunday,Weekend,622.0,17.0,32.0,4.0,9.0,72.0,5.0,64.0,1,38.0,15.0,1,34.0,4.0,0.0,3.0,15,55.0,1,11,3.0,19.0,1,4.0,3,12,35,13.0,1.0,18.0,28,1,1.0,2.0,22,13,17,4,6,38.0,2026-07-17 21:15:14
2023-08-21,Monday,Weekday,288.0,1.0,13.0,8.0,1.0,7.0,21.0,4.0,13,1.0,11.0,15,15.0,5.0,7.0,0.0,1,2.0,0,1,4.0,31.0,8,4.0,35,1,5,8.0,0.0,9.0,0,1,1.0,19.0,8,8,8,4,5,3.0,2026-07-17 21:15:14
2023-08-22,Tuesday,Weekday,268.0,2.0,7.0,1.0,1.0,18.0,5.0,6.0,4,4.0,11.0,7,5.0,22.0,24.0,4.0,12,6.0,5,0,6.0,12.0,10,9.0,1,3,1,3.0,5.0,3.0,5,3,1.0,0.0,13,0,0,10,33,6.0,2026-07-17 21:15:14
2023-08-23,Wednesday,Weekday,214.0,1.0,2.0,21.0,8.0,6.0,1.0,0.0,0,6.0,0.0,22,1.0,6.0,1.0,3.0,0,9.0,6,0,10.0,5.0,11,12.0,13,0,1,23.0,4.0,1.0,9,1,6.0,7.0,7,1,4,2,3,1.0,2026-07-17 21:15:14
2023-08-24,Thursday,Weekday,288.0,4.0,4.0,6.0,14.0,9.0,1.0,9.0,12,4.0,12.0,1,4.0,20.0,20.0,6.0,9,13.0,24,5,7.0,4.0,0,3.0,14,13,16,0.0,5.0,1.0,1,12,4.0,11.0,0,4,13,1,2,0.0,2026-07-17 21:15:14
2023-08-25,Friday,Weekday,229.0,4.0,14.0,8.0,19.0,15.0,8.0,4.0,4,3.0,13.0,1,0.0,15.0,0.0,20.0,6,2.0,7,8,1.0,9.0,8,2.0,0,1,1,0.0,7.0,2.0,10,1,2.0,4.0,9,4,4,12,1,0.0,2026-07-17 21:15:14
2023-08-26,Saturday,Weekend,321.0,4.0,9.0,1.0,7.0,10.0,17.0,2.0,2,4.0,5.0,11,9.0,9.0,12.0,17.0,4,38.0,2,10,7.0,15.0,5,12.0,19,9,13,1.0,2.0,26.0,8,5,3.0,0.0,3,5,2,2,5,6.0,2026-07-17 21:15:14
2023-08-27,Sunday,Weekend,344.0,2.0,6.0,20.0,5.0,23.0,15.0,1.0,1,5.0,9.0,5,3.0,8.0,0.0,23.0,2,19.0,1,2,2.0,37.0,0,7.0,12,10,4,22.0,14.0,4.0,6,19,24.0,4.0,11,2,7,1,2,6.0,2026-07-17 21:15:14
2023-08-28,Monday,Weekday,222.0,4.0,1.0,2.0,3.0,29.0,8.0,2.0,11,1.0,7.0,14,2.0,5.0,1.0,1.0,3,17.0,2,14,12.0,1.0,2,6.0,4,0,22,6.0,3.0,4.0,0,2,10.0,9.0,1,3,7,1,0,2.0,2026-07-17 21:15:14
2023-08-29,Tuesday,Weekday,170.0,5.0,0.0,0.0,1.0,3.0,3.0,3.0,2,9.0,2.0,3,15.0,5.0,8.0,3.0,0,6.0,5,1,3.0,12.0,1,3.0,3,8,9,7.0,2.0,0.0,2,5,6.0,16.0,2,5,6,1,2,3.0,2026-07-17 21:15:14
2023-08-30,Wednesday,Weekday,168.0,12.0,2.0,18.0,3.0,2.0,1.0,1.0,2,0.0,2.0,18,5.0,6.0,1.0,3.0,1,9.0,1,3,4.0,3.0,7,1.0,2,6,2,3.0,0.0,6.0,14,3,7.0,3.0,1,0,5,2,5,4.0,2026-07-17 21:15:14
2023-08-31,Thursday,Weekday,94.0,8.0,1.0,1.0,1.0,2.0,3.0,0.0,7,7.0,2.0,1,1.0,1.0,0.0,1.0,0,2.0,1,1,1.0,6.0,2,1.0,3,2,4,1.0,3.0,0.0,6,1,5.0,4.0,0,6,0,1,1,7.0,2026-07-17 21:15:14
2023-09-01,Friday,Weekday,199.0,3.0,4.0,6.0,18.0,13.0,1.0,2.0,0,4.0,2.0,1,13.0,2.0,5.0,2.0,0,2.0,2,11,2.0,2.0,9,7.0,9,17,7,2.0,9.0,3.0,1,2,1.0,1.0,1,0,13,12,3,7.0,2026-07-17 21:15:14
2023-09-02,Saturday,Weekend,243.0,1.0,14.0,5.0,1.0,2.0,2.0,0.0,3,1.0,2.0,2,36.0,2.0,2.0,10.0,15,3.0,14,3,1.0,3.0,7,3.0,8,2,8,4.0,5.0,5.0,9,1,11.0,9.0,1,27,10,5,1,5.0,2026-07-17 21:15:14
2023-09-03,Sunday,Weekend,526.0,4.0,6.0,9.0,22.0,4.0,20.0,5.0,11,20.0,23.0,7,7.0,6.0,14.0,6.0,21,13.0,2,5,5.0,9.0,13,11.0,20,3,41,7.0,5.0,20.0,25,5,18.0,32.0,17,0,33,25,14,18.0,2026-07-17 21:15:14
2023-09-04,Monday,Weekday,181.0,13.0,2.0,0.0,2.0,0.0,1.0,3.0,1,4.0,10.0,2,9.0,0.0,9.0,6.0,1,1.0,1,7,8.0,2.0,3,1.0,2,31,1,13.0,8.0,15.0,1,1,0.0,4.0,3,1,11,1,1,2.0,2026-07-17 21:15:14
2023-09-05,Tuesday,Weekday,282.0,1.0,3.0,5.0,18.0,18.0,5.0,10.0,6,3.0,13.0,9,7.0,7.0,9.0,2.0,12,1.0,14,4,2.0,7.0,3,14.0,5,9,2,1.0,3.0,6.0,10,7,33.0,7.0,16,1,0,3,1,5.0,2026-07-17 21:15:14
2023-09-06,Wednesday,Weekday,195.0,3.0,5.0,8.0,23.0,18.0,1.0,3.0,2,1.0,7.0,4,1.0,8.0,7.0,0.0,3,13.0,5,2,2.0,3.0,1,8.0,0,2,0,8.0,0.0,2.0,6,2,2.0,1.0,8,24,3,0,0,9.0,2026-07-17 21:15:14
2023-09-07,Thursday,Weekday,295.0,3.0,10.0,8.0,18.0,22.0,9.0,4.0,4,6.0,8.0,7,2.0,7.0,6.0,7.0,1,4.0,2,14,5.0,3.0,0,10.0,1,35,6,2.0,8.0,2.0,12,2,26.0,6.0,13,0,5,10,6,1.0,2026-07-17 21:15:14
2023-09-08,Friday,Weekday,142.0,2.0,2.0,4.0,2.0,3.0,1.0,2.0,1,15.0,1.0,10,2.0,2.0,1.0,4.0,4,3.0,0,10,17.0,3.0,4,2.0,2,0,2,8.0,0.0,4.0,9,1,1.0,5.0,1,1,2,2,6,3.0,2026-07-17 21:15:14
2023-09-09,Saturday,Weekend,442.0,3.0,7.0,37.0,1.0,5.0,37.0,32.0,2,3.0,10.0,1,16.0,1.0,1.0,10.0,37,7.0,6,76,8.0,5.0,6,2.0,9,8,3,2.0,5.0,9.0,1,1,28.0,8.0,1,13,1,18,13,9.0,2026-07-17 21:15:14
2023-09-10,Sunday,Weekend,459.0,13.0,1.0,19.0,2.0,8.0,35.0,9.0,44,1.0,15.0,1,13.0,1.0,2.0,5.0,20,2.0,28,2,0.0,7.0,58,1.0,1,19,4,16.0,3.0,8.0,4,6,16.0,16.0,8,42,6,3,11,9.0,2026-07-17 21:15:14
2023-09-11,Monday,Weekday,257.0,0.0,3.0,3.0,8.0,17.0,5.0,0.0,7,9.0,2.0,5,21.0,4.0,1.0,1.0,6,16.0,7,4,5.0,6.0,5,1.0,8,3,0,5.0,31.0,3.0,25,0,8.0,1.0,1,5,8,12,5,6.0,2026-07-17 21:15:14
2023-09-12,Tuesday,Weekday,157.0,8.0,2.0,1.0,1.0,2.0,4.0,0.0,1,0.0,4.0,1,1.0,3.0,4.0,1.0,3,0.0,9,2,22.0,13.0,5,0.0,3,0,8,5.0,14.0,3.0,2,2,2.0,1.0,3,9,4,6,6,2.0,2026-07-17 21:15:14
2023-09-13,Wednesday,Weekday,214.0,3.0,6.0,3.0,0.0,4.0,20.0,0.0,6,8.0,8.0,4,7.0,3.0,0.0,18.0,2,5.0,5,0,16.0,8.0,1,18.0,6,3,5,0.0,4.0,0.0,3,3,9.0,5.0,1,11,5,5,1,8.0,2026-07-17 21:15:14
2023-09-14,Thursday,Weekday,121.0,6.0,4.0,8.0,1.0,8.0,2.0,1.0,3,4.0,1.0,0,1.0,1.0,1.0,1.0,2,9.0,4,1,10.0,3.0,1,1.0,1,1,2,2.0,2.0,4.0,1,3,2.0,9.0,1,6,7,4,3,0.0,2026-07-17 21:15:14
2023-09-15,Friday,Weekday,278.0,23.0,1.0,8.0,4.0,7.0,8.0,21.0,4,39.0,10.0,2,2.0,10.0,0.0,6.0,2,5.0,14,6,2.0,4.0,5,0.0,8,8,0,5.0,6.0,4.0,7,3,5.0,14.0,1,7,9,4,9,5.0,2026-07-17 21:15:14
2023-09-16,Saturday,Weekend,423.0,6.0,15.0,20.0,45.0,17.0,22.0,0.0,8,3.0,2.0,11,19.0,7.0,13.0,10.0,7,4.0,6,6,13.0,2.0,1,14.0,9,7,2,7.0,20.0,27.0,14,1,12.0,3.0,3,4,27,13,9,14.0,2026-07-17 21:15:14
2023-09-17,Sunday,Weekend,197.0,2.0,2.0,5.0,4.0,14.0,2.0,6.0,3,6.0,4.0,14,1.0,7.0,6.0,1.0,1,10.0,1,1,19.0,6.0,2,3.0,4,10,6,10.0,1.0,6.0,0,1,6.0,0.0,4,10,3,0,6,10.0,2026-07-17 21:15:14
2023-09-18,Monday,Weekday,142.0,2.0,1.0,0.0,0.0,4.0,1.0,6.0,1,2.0,4.0,4,3.0,9.0,10.0,9.0,5,3.0,4,0,1.0,0.0,1,1.0,1,7,5,0.0,1.0,5.0,4,8,15.0,10.0,1,1,6,1,4,2.0,2026-07-17 21:15:14
2023-09-19,Tuesday,Weekday,304.0,16.0,4.0,7.0,9.0,44.0,3.0,28.0,16,11.0,24.0,9,3.0,2.0,19.0,11.0,1,9.0,5,2,7.0,3.0,1,6.0,9,0,6,3.0,0.0,1.0,2,1,12.0,4.0,1,2,4,15,3,1.0,2026-07-17 21:15:14
2023-09-20,Wednesday,Weekday,284.0,5.0,6.0,0.0,7.0,6.0,0.0,8.0,10,6.0,5.0,5,3.0,9.0,7.0,0.0,8,8.0,4,14,14.0,2.0,16,5.0,10,11,5,3.0,19.0,2.0,2,2,12.0,16.0,1,16,2,30,5,0.0,2026-07-17 21:15:14
2023-09-21,Thursday,Weekday,198.0,0.0,1.0,1.0,5.0,2.0,13.0,6.0,5,1.0,14.0,5,7.0,13.0,0.0,0.0,8,8.0,4,3,5.0,1.0,1,2.0,1,3,13,7.0,13.0,8.0,2,6,10.0,10.0,4,1,0,1,12,2.0,2026-07-17 21:15:14
2023-09-22,Friday,Weekday,269.0,11.0,4.0,8.0,0.0,2.0,4.0,7.0,1,11.0,3.0,13,0.0,8.0,4.0,11.0,4,8.0,19,0,0.0,10.0,8,3.0,5,0,1,5.0,13.0,5.0,8,14,2.0,8.0,14,1,5,24,24,1.0,2026-07-17 21:15:14
2023-09-23,Saturday,Weekend,410.0,0.0,2.0,5.0,7.0,19.0,20.0,6.0,25,1.0,0.0,7,1.0,6.0,28.0,3.0,16,5.0,1,8,21.0,6.0,12,33.0,21,2,16,9.0,17.0,9.0,2,8,8.0,9.0,23,24,9,8,7,6.0,2026-07-17 21:15:14
2023-09-24,Sunday,Weekend,350.0,25.0,9.0,4.0,7.0,18.0,9.0,8.0,2,0.0,6.0,6,1.0,18.0,4.0,32.0,2,1.0,6,3,36.0,0.0,5,30.0,6,1,4,6.0,2.0,7.0,22,17,1.0,1.0,3,11,6,19,11,1.0,2026-07-17 21:15:14
2023-09-25,Monday,Weekday,176.0,4.0,0.0,1.0,1.0,2.0,3.0,3.0,1,20.0,3.0,0,1.0,4.0,16.0,3.0,14,2.0,2,3,5.0,2.0,10,0.0,2,3,5,1.0,2.0,4.0,5,4,4.0,2.0,27,10,2,1,2,2.0,2026-07-17 21:15:14
2023-09-26,Tuesday,Weekday,226.0,11.0,8.0,11.0,1.0,8.0,1.0,0.0,7,1.0,10.0,6,9.0,1.0,7.0,37.0,10,9.0,8,2,7.0,6.0,5,10.0,3,1,4,1.0,3.0,0.0,2,7,4.0,0.0,4,1,6,3,12,0.0,2026-07-17 21:15:14
2023-09-27,Wednesday,Weekday,198.0,4.0,8.0,19.0,1.0,8.0,0.0,3.0,1,9.0,2.0,3,3.0,22.0,6.0,3.0,1,1.0,8,6,4.0,0.0,8,6.0,16,4,2,3.0,2.0,7.0,7,1,1.0,0.0,13,1,4,3,2,6.0,2026-07-17 21:15:14
2023-09-28,Thursday,Weekday,212.0,8.0,1.0,5.0,2.0,29.0,1.0,0.0,4,1.0,0.0,7,5.0,3.0,5.0,4.0,5,6.0,5,1,1.0,2.0,3,8.0,2,1,1,1.0,6.0,2.0,7,2,9.0,17.0,4,9,6,15,6,18.0,2026-07-17 21:15:14
2023-09-29,Friday,Weekday,237.0,6.0,8.0,5.0,2.0,4.0,10.0,0.0,6,3.0,4.0,13,12.0,6.0,1.0,4.0,3,3.0,0,6,3.0,7.0,3,4.0,0,32,4,0.0,6.0,13.0,12,6,1.0,5.0,8,6,20,1,1,9.0,2026-07-17 21:15:14
2023-09-30,Saturday,Weekend,309.0,7.0,0.0,3.0,16.0,0.0,0.0,3.0,21,21.0,9.0,6,3.0,2.0,13.0,1.0,5,8.0,1,7,7.0,11.0,2,3.0,7,33,2,36.0,9.0,16.0,1,3,1.0,3.0,27,1,10,0,9,2.0,2026-07-17 21:15:14
2023-10-01,Sunday,Weekend,434.0,2.0,4.0,18.0,2.0,7.0,0.0,40.0,10,13.0,15.0,2,10.0,1.0,5.0,9.0,9,1.0,0,18,14.0,1.0,1,24.0,16,60,4,6.0,3.0,11.0,1,1,1.0,11.0,7,10,32,16,4,45.0,2026-07-17 21:15:14
2023-10-02,Monday,Weekday,138.0,3.0,1.0,17.0,0.0,3.0,1.0,2.0,3,1.0,3.0,6,1.0,2.0,1.0,6.0,4,7.0,1,0,1.0,1.0,2,10.0,1,10,0,8.0,1.0,8.0,0,9,1.0,1.0,2,1,4,11,2,3.0,2026-07-17 21:15:14
2023-10-03,Tuesday,Weekday,152.0,1.0,4.0,3.0,11.0,3.0,5.0,1.0,1,2.0,3.0,1,0.0,9.0,0.0,11.0,1,0.0,4,2,3.0,4.0,2,4.0,3,2,9,5.0,2.0,8.0,11,3,1.0,11.0,1,0,3,5,9,4.0,2026-07-17 21:15:14
2023-10-04,Wednesday,Weekday,126.0,10.0,0.0,0.0,3.0,16.0,2.0,0.0,1,1.0,2.0,0,8.0,2.0,3.0,0.0,0,3.0,7,2,7.0,5.0,0,1.0,3,2,1,2.0,2.0,8.0,1,1,3.0,4.0,2,10,8,3,1,2.0,2026-07-17 21:15:14
2023-10-05,Thursday,Weekday,168.0,6.0,8.0,13.0,4.0,4.0,0.0,0.0,1,0.0,2.0,2,5.0,3.0,4.0,3.0,1,14.0,0,14,2.0,3.0,1,0.0,3,7,1,5.0,1.0,2.0,11,7,2.0,1.0,1,14,2,7,2,12.0,2026-07-17 21:15:14
2023-10-06,Friday,Weekday,231.0,1.0,1.0,3.0,17.0,29.0,5.0,8.0,4,7.0,14.0,3,5.0,5.0,4.0,12.0,3,2.0,3,1,3.0,12.0,4,10.0,1,12,4,0.0,6.0,15.0,0,4,12.0,0.0,5,4,3,4,0,5.0,2026-07-17 21:15:14
2023-10-07,Saturday,Weekend,422.0,1.0,3.0,9.0,5.0,5.0,15.0,30.0,21,8.0,34.0,25,5.0,3.0,1.0,6.0,29,10.0,12,1,1.0,6.0,32,4.0,19,1,10,10.0,18.0,0.0,2,2,24.0,2.0,0,7,11,17,26,7.0,2026-07-17 21:15:14
2023-10-08,Sunday,Weekend,471.0,21.0,13.0,4.0,27.0,18.0,3.0,11.0,5,1.0,19.0,17,13.0,3.0,32.0,0.0,4,2.0,0,4,8.0,17.0,51,17.0,7,12,19,5.0,17.0,6.0,4,6,10.0,10.0,5,10,30,35,3,2.0,2026-07-17 21:15:14
2023-10-09,Monday,Weekday,219.0,7.0,4.0,0.0,3.0,18.0,8.0,4.0,4,6.0,2.0,5,0.0,4.0,3.0,7.0,6,3.0,0,1,6.0,0.0,1,6.0,8,3,3,16.0,17.0,2.0,11,4,19.0,3.0,8,10,6,9,1,1.0,2026-07-17 21:15:14
2023-10-10,Tuesday,Weekday,231.0,3.0,17.0,6.0,7.0,10.0,1.0,4.0,9,26.0,1.0,3,1.0,1.0,3.0,5.0,1,1.0,10,28,3.0,8.0,2,15.0,7,12,0,7.0,5.0,2.0,2,4,7.0,0.0,4,1,2,7,2,4.0,2026-07-17 21:15:14
2023-10-11,Wednesday,Weekday,233.0,4.0,8.0,5.0,22.0,4.0,7.0,3.0,6,5.0,5.0,4,3.0,0.0,2.0,8.0,9,2.0,5,0,2.0,12.0,6,1.0,3,11,1,4.0,9.0,5.0,5,13,1.0,8.0,1,7,20,5,8,9.0,2026-07-17 21:15:14
2023-10-12,Thursday,Weekday,182.0,1.0,6.0,16.0,6.0,2.0,1.0,2.0,1,4.0,0.0,2,3.0,4.0,5.0,7.0,0,1.0,0,3,0.0,7.0,2,18.0,4,4,11,7.0,7.0,16.0,3,9,3.0,9.0,2,2,9,1,2,2.0,2026-07-17 21:15:14
2023-10-13,Friday,Weekday,227.0,7.0,10.0,6.0,8.0,5.0,0.0,0.0,4,2.0,2.0,5,5.0,2.0,10.0,7.0,6,26.0,1,4,10.0,4.0,9,2.0,5,0,23,8.0,11.0,8.0,1,0,8.0,2.0,1,4,4,6,4,7.0,2026-07-17 21:15:14
2023-10-14,Saturday,Weekend,536.0,18.0,3.0,6.0,8.0,56.0,4.0,5.0,12,6.0,48.0,26,9.0,11.0,1.0,13.0,14,5.0,3,29,6.0,13.0,0,5.0,21,6,10,3.0,7.0,35.0,10,22,27.0,28.0,21,0,43,1,0,1.0,2026-07-17 21:15:14
2023-10-15,Sunday,Weekend,481.0,5.0,11.0,8.0,0.0,12.0,5.0,21.0,4,4.0,5.0,5,14.0,7.0,6.0,8.0,6,44.0,3,23,19.0,0.0,71,19.0,16,9,9,4.0,0.0,28.0,32,2,17.0,13.0,1,7,8,15,19,1.0,2026-07-17 21:15:14
2023-10-16,Monday,Weekday,212.0,5.0,9.0,9.0,1.0,8.0,10.0,2.0,3,11.0,0.0,11,2.0,0.0,1.0,0.0,1,7.0,1,15,5.0,5.0,4,8.0,3,1,14,4.0,0.0,4.0,5,2,8.0,6.0,5,4,29,2,4,3.0,2026-07-17 21:15:14
2023-10-17,Tuesday,Weekday,166.0,6.0,1.0,0.0,8.0,4.0,2.0,4.0,7,1.0,2.0,16,5.0,3.0,10.0,3.0,1,1.0,3,9,0.0,1.0,11,1.0,5,1,5,3.0,1.0,6.0,7,4,4.0,3.0,3,5,9,6,4,1.0,2026-07-17 21:15:14
2023-10-18,Wednesday,Weekday,208.0,0.0,1.0,18.0,7.0,8.0,1.0,1.0,14,13.0,2.0,11,4.0,2.0,11.0,5.0,10,0.0,3,3,2.0,3.0,2,3.0,2,9,6,6.0,1.0,2.0,0,1,2.0,0.0,4,33,1,12,1,4.0,2026-07-17 21:15:14
2023-10-19,Thursday,Weekday,188.0,4.0,9.0,1.0,2.0,0.0,3.0,14.0,7,7.0,7.0,13,3.0,1.0,10.0,2.0,0,1.0,6,5,1.0,6.0,8,13.0,4,8,9,1.0,3.0,4.0,0,2,2.0,1.0,1,3,10,10,4,3.0,2026-07-17 21:15:14
2023-10-20,Friday,Weekday,213.0,4.0,1.0,2.0,8.0,3.0,7.0,7.0,2,4.0,4.0,3,4.0,19.0,9.0,13.0,0,1.0,0,2,3.0,6.0,5,12.0,17,1,11,4.0,3.0,7.0,0,10,5.0,8.0,20,5,0,1,2,0.0,2026-07-17 21:15:14
2023-10-21,Saturday,Weekend,422.0,19.0,4.0,44.0,14.0,4.0,8.0,6.0,8,7.0,0.0,16,8.0,19.0,19.0,4.0,1,16.0,46,9,4.0,2.0,3,5.0,6,14,3,1.0,6.0,22.0,10,21,8.0,2.0,2,14,11,11,14,11.0,2026-07-17 21:15:14
2023-10-22,Sunday,Weekend,460.0,0.0,24.0,13.0,7.0,18.0,14.0,2.0,9,7.0,10.0,1,3.0,2.0,8.0,39.0,3,10.0,7,22,1.0,4.0,4,88.0,13,2,5,3.0,2.0,27.0,10,12,6.0,12.0,4,5,24,2,13,24.0,2026-07-17 21:15:14
2023-10-23,Monday,Weekday,152.0,1.0,7.0,0.0,2.0,5.0,2.0,0.0,7,13.0,1.0,7,3.0,12.0,1.0,6.0,0,9.0,4,2,1.0,6.0,4,2.0,2,6,2,0.0,8.0,2.0,2,1,8.0,1.0,3,9,0,7,2,4.0,2026-07-17 21:15:14
2023-10-24,Tuesday,Weekday,175.0,1.0,4.0,1.0,0.0,22.0,0.0,6.0,1,2.0,11.0,1,8.0,2.0,2.0,7.0,2,2.0,6,2,1.0,8.0,7,3.0,3,4,3,2.0,20.0,1.0,4,6,4.0,9.0,1,1,11,2,4,1.0,2026-07-17 21:15:14
2023-10-25,Wednesday,Weekday,227.0,6.0,4.0,2.0,4.0,12.0,0.0,7.0,6,1.0,14.0,3,3.0,4.0,7.0,17.0,1,3.0,0,10,4.0,8.0,3,11.0,6,17,0,5.0,9.0,5.0,0,19,2.0,1.0,4,6,13,3,3,4.0,2026-07-17 21:15:14
2023-10-26,Thursday,Weekday,250.0,2.0,13.0,12.0,3.0,0.0,11.0,1.0,2,2.0,2.0,11,6.0,18.0,1.0,5.0,26,10.0,8,2,10.0,3.0,5,8.0,6,6,6,0.0,3.0,6.0,2,3,1.0,3.0,25,1,6,10,0,11.0,2026-07-17 21:15:14
2023-10-27,Friday,Weekday,292.0,3.0,10.0,0.0,1.0,5.0,3.0,14.0,0,8.0,3.0,12,13.0,4.0,1.0,5.0,1,1.0,7,39,13.0,8.0,5,46.0,5,4,18,1.0,0.0,7.0,0,3,3.0,4.0,27,1,5,1,5,6.0,2026-07-17 21:15:14
2023-10-28,Saturday,Weekend,305.0,3.0,2.0,7.0,5.0,1.0,4.0,3.0,32,13.0,15.0,17,10.0,18.0,1.0,5.0,10,5.0,2,4,4.0,2.0,2,6.0,14,9,13,15.0,4.0,4.0,1,16,1.0,9.0,3,23,6,12,2,2.0,2026-07-17 21:15:14
2023-10-29,Sunday,Weekend,503.0,6.0,61.0,8.0,32.0,28.0,16.0,6.0,6,2.0,45.0,29,14.0,3.0,2.0,52.0,1,18.0,5,5,16.0,1.0,5,31.0,13,16,16,1.0,2.0,7.0,5,4,13.0,0.0,12,0,1,4,16,1.0,2026-07-17 21:15:14
2023-10-30,Monday,Weekday,236.0,5.0,8.0,4.0,7.0,33.0,5.0,1.0,10,9.0,0.0,1,1.0,1.0,3.0,5.0,4,18.0,9,19,7.0,1.0,5,14.0,1,1,4,4.0,3.0,1.0,3,8,4.0,7.0,7,8,4,7,0,4.0,2026-07-17 21:15:14
2023-10-31,Tuesday,Weekday,201.0,3.0,1.0,1.0,1.0,0.0,2.0,17.0,3,2.0,8.0,5,14.0,9.0,7.0,14.0,1,4.0,9,6,16.0,0.0,3,15.0,3,6,0,4.0,11.0,3.0,0,0,8.0,5.0,0,0,11,8,0,1.0,2026-07-17 21:15:14
2023-11-01,Wednesday,Weekday,144.0,5.0,4.0,16.0,3.0,7.0,3.0,13.0,2,1.0,2.0,8,3.0,2.0,4.0,1.0,0,2.0,4,7,9.0,12.0,3,6.0,0,0,1,3.0,1.0,1.0,5,1,3.0,2.0,1,0,1,0,3,5.0,2026-07-17 21:15:14
2023-11-02,Thursday,Weekday,238.0,1.0,3.0,13.0,1.0,2.0,4.0,8.0,7,9.0,0.0,4,1.0,10.0,14.0,3.0,1,3.0,1,3,5.0,30.0,5,1.0,1,1,1,9.0,0.0,42.0,6,5,2.0,8.0,3,3,5,18,2,3.0,2026-07-17 21:15:14
2023-11-03,Friday,Weekday,451.0,7.0,3.0,5.0,4.0,17.0,4.0,21.0,17,3.0,16.0,15,15.0,11.0,16.0,0.0,17,3.0,12,3,22.0,6.0,13,19.0,25,17,3,22.0,11.0,11.0,28,2,2.0,6.0,15,9,19,9,10,13.0,2026-07-17 21:15:14
2023-11-04,Saturday,Weekend,412.0,2.0,9.0,16.0,6.0,7.0,0.0,14.0,5,4.0,5.0,7,14.0,19.0,5.0,9.0,14,4.0,1,25,13.0,9.0,1,18.0,8,21,39,32.0,17.0,0.0,21,1,17.0,2.0,9,0,19,1,4,14.0,2026-07-17 21:15:14
2023-11-05,Sunday,Weekend,574.0,13.0,0.0,8.0,0.0,25.0,49.0,15.0,4,6.0,76.0,4,11.0,8.0,20.0,35.0,7,14.0,14,5,4.0,12.0,3,25.0,1,1,8,1.0,10.0,9.0,18,44,18.0,3.0,41,6,15,8,5,28.0,2026-07-17 21:15:14
2023-11-06,Monday,Weekday,267.0,3.0,3.0,1.0,9.0,14.0,1.0,8.0,8,4.0,8.0,5,0.0,7.0,5.0,4.0,13,0.0,1,1,0.0,1.0,32,1.0,6,1,7,27.0,1.0,14.0,39,5,1.0,6.0,12,1,4,3,1,10.0,2026-07-17 21:15:14
2023-11-07,Tuesday,Weekday,262.0,5.0,2.0,7.0,1.0,2.0,5.0,4.0,3,0.0,8.0,13,15.0,1.0,7.0,15.0,4,21.0,18,1,3.0,1.0,1,21.0,22,0,6,6.0,4.0,8.0,27,1,1.0,0.0,2,3,6,5,9,4.0,2026-07-17 21:15:14
2023-11-08,Wednesday,Weekday,153.0,1.0,5.0,8.0,1.0,3.0,6.0,0.0,2,3.0,1.0,1,2.0,6.0,6.0,16.0,0,1.0,7,4,2.0,1.0,2,3.0,1,12,1,19.0,9.0,3.0,5,3,1.0,1.0,3,4,4,2,2,2.0,2026-07-17 21:15:14
2023-11-09,Thursday,Weekday,296.0,4.0,5.0,15.0,8.0,15.0,6.0,6.0,6,0.0,76.0,0,4.0,0.0,0.0,11.0,3,13.0,1,1,1.0,7.0,10,4.0,4,22,1,6.0,3.0,0.0,1,0,11.0,4.0,11,4,10,9,14,0.0,2026-07-17 21:15:14
2023-11-10,Friday,Weekday,243.0,1.0,4.0,17.0,20.0,9.0,1.0,0.0,13,2.0,2.0,13,0.0,6.0,4.0,0.0,1,2.0,4,2,0.0,20.0,1,2.0,2,2,34,1.0,3.0,11.0,6,2,9.0,5.0,1,5,18,3,5,12.0,2026-07-17 21:15:14
2023-11-11,Saturday,Weekend,385.0,10.0,0.0,4.0,9.0,5.0,29.0,6.0,8,13.0,9.0,4,1.0,10.0,21.0,12.0,6,1.0,17,29,6.0,14.0,5,7.0,19,1,6,4.0,3.0,12.0,0,7,4.0,11.0,2,13,15,37,22,3.0,2026-07-17 21:15:14
2023-11-12,Sunday,Weekend,305.0,1.0,7.0,7.0,0.0,1.0,6.0,16.0,20,1.0,6.0,0,7.0,11.0,12.0,6.0,1,5.0,23,2,4.0,12.0,11,20.0,4,6,4,25.0,13.0,15.0,2,11,4.0,0.0,0,10,5,20,7,0.0,2026-07-17 21:15:14
2023-11-13,Monday,Weekday,252.0,7.0,2.0,3.0,6.0,22.0,3.0,10.0,11,3.0,7.0,8,0.0,16.0,9.0,1.0,24,1.0,16,3,9.0,4.0,9,1.0,1,0,12,1.0,8.0,10.0,13,0,12.0,1.0,6,7,0,1,3,2.0,2026-07-17 21:15:14
2023-11-14,Tuesday,Weekday,137.0,7.0,1.0,10.0,2.0,20.0,3.0,5.0,0,3.0,1.0,1,3.0,4.0,0.0,2.0,3,0.0,2,4,0.0,4.0,3,6.0,1,5,0,1.0,1.0,8.0,4,0,0.0,1.0,1,3,5,11,8,4.0,2026-07-17 21:15:14
2023-11-15,Wednesday,Weekday,264.0,0.0,2.0,5.0,5.0,8.0,13.0,15.0,0,1.0,13.0,9,1.0,9.0,6.0,3.0,1,11.0,6,1,9.0,8.0,15,2.0,30,1,5,5.0,4.0,4.0,14,6,4.0,1.0,0,0,22,8,17,0.0,2026-07-17 21:15:14
2023-11-16,Thursday,Weekday,208.0,8.0,1.0,11.0,3.0,2.0,4.0,3.0,7,5.0,11.0,31,4.0,4.0,11.0,6.0,0,12.0,0,1,1.0,0.0,0,0.0,4,2,1,7.0,2.0,0.0,4,2,2.0,4.0,6,7,32,5,4,1.0,2026-07-17 21:15:14
2023-11-17,Friday,Weekday,149.0,4.0,1.0,2.0,2.0,6.0,8.0,12.0,1,1.0,7.0,3,2.0,4.0,4.0,14.0,3,2.0,3,6,3.0,3.0,12,4.0,2,4,3,0.0,2.0,4.0,3,4,1.0,12.0,1,0,2,2,1,1.0,2026-07-17 21:15:14
2023-11-18,Saturday,Weekend,380.0,13.0,5.0,12.0,20.0,24.0,4.0,8.0,7,23.0,35.0,5,1.0,2.0,5.0,10.0,12,4.0,11,30,11.0,2.0,9,9.0,22,4,6,9.0,10.0,15.0,0,7,2.0,4.0,9,2,5,13,9,1.0,2026-07-17 21:15:14
2023-11-19,Sunday,Weekend,339.0,6.0,1.0,3.0,3.0,1.0,29.0,2.0,9,12.0,45.0,3,12.0,19.0,2.0,5.0,1,6.0,6,2,11.0,0.0,12,0.0,8,1,2,8.0,3.0,5.0,18,0,11.0,1.0,1,1,52,2,12,24.0,2026-07-17 21:15:14
2023-11-20,Monday,Weekday,179.0,3.0,5.0,8.0,3.0,3.0,4.0,7.0,8,1.0,2.0,15,0.0,7.0,0.0,10.0,12,2.0,0,3,2.0,4.0,6,1.0,2,8,5,2.0,5.0,7.0,6,1,0.0,10.0,7,6,0,5,7,2.0,2026-07-17 21:15:14
2023-11-21,Tuesday,Weekday,117.0,1.0,3.0,7.0,0.0,6.0,3.0,3.0,5,4.0,1.0,1,4.0,0.0,4.0,4.0,1,3.0,3,1,3.0,11.0,2,5.0,0,0,0,6.0,2.0,1.0,5,1,1.0,2.0,2,3,2,2,8,7.0,2026-07-17 21:15:14
2023-11-22,Wednesday,Weekday,140.0,6.0,8.0,4.0,5.0,5.0,5.0,3.0,1,8.0,10.0,9,1.0,1.0,2.0,4.0,1,3.0,1,2,5.0,8.0,0,3.0,0,0,5,6.0,7.0,3.0,9,1,1.0,1.0,6,1,1,4,0,0.0,2026-07-17 21:15:14
2023-11-23,Thursday,Weekday,225.0,0.0,0.0,7.0,5.0,2.0,1.0,12.0,4,7.0,6.0,1,21.0,6.0,1.0,3.0,3,1.0,18,15,1.0,3.0,9,1.0,6,9,6,7.0,7.0,22.0,3,11,0.0,2.0,0,7,0,12,6,0.0,2026-07-17 21:15:14
2023-11-24,Friday,Weekday,378.0,8.0,12.0,8.0,0.0,24.0,9.0,5.0,4,5.0,25.0,2,0.0,18.0,0.0,21.0,2,7.0,2,20,11.0,27.0,8,2.0,2,7,9,21.0,5.0,11.0,27,2,15.0,4.0,10,2,6,0,27,10.0,2026-07-17 21:15:14
2023-11-25,Saturday,Weekend,605.0,0.0,101.0,15.0,36.0,3.0,8.0,21.0,2,13.0,13.0,4,5.0,59.0,6.0,4.0,13,22.0,28,27,0.0,10.0,29,33.0,17,2,9,2.0,25.0,2.0,3,9,10.0,8.0,9,23,12,11,5,6.0,2026-07-17 21:15:14
2023-11-26,Sunday,Weekend,393.0,8.0,7.0,13.0,7.0,29.0,5.0,7.0,12,3.0,7.0,10,0.0,6.0,10.0,31.0,27,4.0,8,1,2.0,16.0,1,3.0,30,20,17,20.0,14.0,1.0,8,5,3.0,18.0,4,1,4,4,17,10.0,2026-07-17 21:15:14
2023-11-27,Monday,Weekday,202.0,2.0,2.0,4.0,5.0,5.0,10.0,14.0,23,6.0,14.0,2,6.0,9.0,9.0,7.0,3,1.0,1,5,1.0,2.0,3,4.0,10,4,7,4.0,7.0,1.0,1,9,4.0,4.0,2,2,5,0,2,2.0,2026-07-17 21:15:14
2023-11-28,Tuesday,Weekday,226.0,3.0,3.0,14.0,5.0,16.0,3.0,4.0,0,0.0,5.0,2,10.0,4.0,10.0,16.0,1,3.0,6,1,1.0,7.0,17,6.0,4,2,3,3.0,3.0,1.0,11,5,4.0,11.0,1,0,9,29,3,0.0,2026-07-17 21:15:14
2023-11-29,Wednesday,Weekday,164.0,6.0,0.0,4.0,2.0,18.0,2.0,10.0,1,2.0,20.0,1,3.0,1.0,6.0,1.0,3,6.0,1,0,6.0,3.0,0,3.0,11,1,4,5.0,0.0,0.0,3,6,1.0,7.0,4,2,4,14,1,2.0,2026-07-17 21:15:14
2023-11-30,Thursday,Weekday,159.0,5.0,2.0,0.0,0.0,3.0,0.0,8.0,23,0.0,3.0,0,1.0,2.0,2.0,12.0,2,2.0,1,0,10.0,0.0,13,1.0,4,28,1,3.0,7.0,0.0,5,0,1.0,1.0,10,1,0,4,2,2.0,2026-07-17 21:15:14
2023-12-01,Friday,Weekday,147.0,1.0,5.0,3.0,2.0,1.0,3.0,6.0,2,0.0,1.0,5,15.0,0.0,2.0,0.0,2,2.0,10,0,5.0,2.0,6,3.0,0,10,0,3.0,9.0,0.0,3,6,15.0,4.0,1,4,7,4,5,0.0,2026-07-17 21:15:14
2023-12-02,Saturday,Weekend,552.0,3.0,13.0,38.0,7.0,63.0,23.0,26.0,27,25.0,32.0,16,0.0,1.0,1.0,0.0,1,31.0,10,4,19.0,9.0,1,28.0,5,15,5,9.0,17.0,1.0,39,1,6.0,23.0,29,2,2,14,0,6.0,2026-07-17 21:15:14
2023-12-03,Sunday,Weekend,587.0,27.0,11.0,4.0,13.0,71.0,12.0,24.0,8,5.0,10.0,13,7.0,15.0,24.0,22.0,3,26.0,22,0,1.0,20.0,10,3.0,1,3,62,23.0,14.0,53.0,18,18,6.0,14.0,3,8,0,4,1,8.0,2026-07-17 21:15:14
2023-12-04,Monday,Weekday,203.0,8.0,2.0,9.0,5.0,5.0,1.0,14.0,0,6.0,7.0,4,1.0,3.0,10.0,11.0,15,2.0,2,0,17.0,2.0,2,14.0,4,4,1,4.0,14.0,6.0,1,0,2.0,5.0,0,4,4,8,0,6.0,2026-07-17 21:15:14
2023-12-05,Tuesday,Weekday,383.0,4.0,1.0,32.0,1.0,12.0,3.0,8.0,9,0.0,15.0,9,15.0,0.0,4.0,10.0,2,9.0,0,4,21.0,14.0,12,23.0,16,6,41,14.0,9.0,4.0,23,5,0.0,1.0,2,4,26,11,2,11.0,2026-07-17 21:15:14
2023-12-06,Wednesday,Weekday,236.0,4.0,4.0,3.0,14.0,4.0,1.0,2.0,8,7.0,2.0,1,7.0,8.0,3.0,14.0,28,1.0,5,0,8.0,3.0,1,8.0,12,1,0,3.0,7.0,11.0,6,5,11.0,4.0,6,5,25,1,2,1.0,2026-07-17 21:15:14
2023-12-07,Thursday,Weekday,224.0,8.0,2.0,3.0,22.0,24.0,15.0,1.0,11,2.0,0.0,2,4.0,0.0,4.0,10.0,2,3.0,3,14,0.0,3.0,1,12.0,0,3,2,12.0,1.0,5.0,1,16,5.0,5.0,2,2,2,5,15,2.0,2026-07-17 21:15:14
2023-12-08,Friday,Weekday,406.0,24.0,4.0,35.0,4.0,10.0,6.0,16.0,18,10.0,14.0,0,5.0,6.0,9.0,9.0,15,16.0,3,19,0.0,18.0,3,16.0,7,9,15,0.0,3.0,12.0,22,6,4.0,7.0,9,8,35,8,0,1.0,2026-07-17 21:15:14
2023-12-09,Saturday,Weekend,364.0,5.0,9.0,2.0,31.0,4.0,4.0,0.0,18,12.0,3.0,23,3.0,9.0,12.0,9.0,18,16.0,45,2,3.0,8.0,11,6.0,1,13,22,4.0,2.0,0.0,2,8,16.0,1.0,6,10,3,6,6,11.0,2026-07-17 21:15:14
2023-12-10,Sunday,Weekend,685.0,13.0,25.0,10.0,7.0,7.0,9.0,1.0,8,29.0,43.0,1,8.0,24.0,10.0,13.0,33,0.0,9,3,4.0,92.0,13,17.0,37,1,7,48.0,63.0,12.0,11,28,7.0,3.0,8,15,3,17,29,17.0,2026-07-17 21:15:14
2023-12-11,Monday,Weekday,177.0,1.0,5.0,8.0,0.0,0.0,2.0,1.0,19,6.0,3.0,9,4.0,1.0,3.0,7.0,0,2.0,2,1,8.0,11.0,8,5.0,18,0,1,2.0,4.0,3.0,1,1,4.0,15.0,2,0,13,2,2,3.0,2026-07-17 21:15:14
2023-12-12,Tuesday,Weekday,239.0,11.0,11.0,7.0,4.0,5.0,1.0,21.0,7,0.0,11.0,4,28.0,15.0,1.0,10.0,5,1.0,10,5,0.0,9.0,9,1.0,3,8,1,17.0,0.0,1.0,1,4,6.0,4.0,2,13,0,3,0,0.0,2026-07-17 21:15:14
2023-12-13,Wednesday,Weekday,267.0,4.0,2.0,2.0,14.0,2.0,10.0,10.0,3,6.0,7.0,1,19.0,8.0,16.0,15.0,0,1.0,1,16,18.0,6.0,1,1.0,14,22,1,0.0,4.0,0.0,14,5,6.0,3.0,3,1,17,9,2,3.0,2026-07-17 21:15:14
2023-12-14,Thursday,Weekday,217.0,1.0,1.0,7.0,4.0,7.0,9.0,4.0,3,1.0,15.0,5,0.0,7.0,4.0,10.0,17,5.0,8,0,5.0,9.0,4,4.0,13,1,1,9.0,10.0,13.0,6,10,7.0,0.0,7,1,2,3,2,2.0,2026-07-17 21:15:14
2023-12-15,Friday,Weekday,263.0,0.0,3.0,0.0,5.0,16.0,10.0,13.0,3,10.0,5.0,0,8.0,8.0,12.0,7.0,2,16.0,9,12,13.0,3.0,0,2.0,0,2,5,19.0,16.0,9.0,0,2,6.0,1.0,8,16,4,11,1,6.0,2026-07-17 21:15:14
2023-12-16,Saturday,Weekend,378.0,1.0,1.0,9.0,9.0,11.0,4.0,8.0,11,30.0,22.0,13,11.0,6.0,1.0,1.0,14,12.0,7,4,0.0,2.0,4,5.0,21,1,7,3.0,38.0,13.0,5,48,4.0,1.0,5,2,10,23,9,2.0,2026-07-17 21:15:14
2023-12-17,Sunday,Weekend,387.0,4.0,1.0,5.0,1.0,13.0,13.0,15.0,1,5.0,5.0,1,7.0,4.0,11.0,24.0,7,16.0,2,25,2.0,3.0,1,4.0,9,51,19,6.0,10.0,10.0,22,12,9.0,11.0,15,3,4,15,16,5.0,2026-07-17 21:15:14
2023-12-18,Monday,Weekday,197.0,16.0,1.0,4.0,3.0,22.0,2.0,3.0,1,5.0,17.0,2,11.0,14.0,0.0,8.0,1,1.0,4,6,3.0,0.0,14,8.0,3,4,0,2.0,4.0,5.0,1,8,2.0,5.0,2,4,2,6,3,0.0,2026-07-17 21:15:14
2023-12-19,Tuesday,Weekday,213.0,0.0,3.0,1.0,5.0,3.0,5.0,17.0,3,9.0,11.0,16,1.0,10.0,15.0,2.0,3,18.0,6,3,8.0,2.0,1,4.0,5,10,4,9.0,3.0,4.0,1,2,9.0,1.0,8,3,0,1,6,1.0,2026-07-17 21:15:14
2023-12-20,Wednesday,Weekday,265.0,6.0,4.0,3.0,3.0,5.0,14.0,1.0,1,3.0,8.0,6,15.0,11.0,1.0,3.0,7,16.0,3,3,15.0,3.0,3,14.0,9,1,1,3.0,15.0,37.0,10,3,0.0,6.0,3,6,6,3,14,0.0,2026-07-17 21:15:14
2023-12-21,Thursday,Weekday,248.0,6.0,3.0,9.0,9.0,0.0,2.0,1.0,1,10.0,2.0,4,1.0,7.0,11.0,3.0,7,18.0,1,9,4.0,1.0,8,1.0,14,0,2,6.0,8.0,12.0,4,10,19.0,6.0,9,7,0,3,0,30.0,2026-07-17 21:15:14
2023-12-22,Friday,Weekday,404.0,4.0,11.0,4.0,13.0,4.0,17.0,3.0,27,25.0,22.0,0,3.0,25.0,3.0,3.0,10,4.0,2,12,7.0,2.0,8,7.0,15,3,12,8.0,7.0,3.0,0,21,5.0,10.0,37,12,11,4,28,12.0,2026-07-17 21:15:14
2023-12-23,Saturday,Weekend,437.0,12.0,7.0,28.0,15.0,8.0,12.0,8.0,0,23.0,3.0,10,6.0,6.0,10.0,75.0,7,2.0,13,4,1.0,1.0,0,9.0,7,2,24,2.0,35.0,11.0,0,33,4.0,7.0,4,18,12,3,1,14.0,2026-07-17 21:15:14
2023-12-24,Sunday,Weekend,536.0,3.0,1.0,10.0,18.0,6.0,4.0,22.0,3,13.0,54.0,24,2.0,5.0,1.0,36.0,56,4.0,14,23,4.0,3.0,0,8.0,29,34,1,3.0,7.0,19.0,12,9,10.0,1.0,7,65,1,10,3,11.0,2026-07-17 21:15:14
2023-12-25,Monday,Weekday,179.0,4.0,4.0,16.0,3.0,8.0,0.0,11.0,3,12.0,3.0,0,1.0,30.0,3.0,1.0,1,2.0,0,6,2.0,5.0,1,5.0,6,0,3,2.0,2.0,6.0,6,5,1.0,2.0,2,4,6,3,9,1.0,2026-07-17 21:15:14
2023-12-26,Tuesday,Weekday,250.0,15.0,1.0,9.0,3.0,19.0,0.0,3.0,2,28.0,45.0,1,5.0,4.0,1.0,1.0,32,5.0,1,1,1.0,3.0,3,3.0,1,2,0,13.0,1.0,8.0,3,3,2.0,6.0,9,1,2,8,1,4.0,2026-07-17 21:15:14
2023-12-27,Wednesday,Weekday,377.0,0.0,8.0,9.0,2.0,21.0,6.0,2.0,4,7.0,3.0,40,13.0,3.0,24.0,4.0,11,4.0,20,16,11.0,5.0,5,6.0,2,4,14,20.0,4.0,4.0,21,21,6.0,0.0,15,18,0,11,9,4.0,2026-07-17 21:15:14
2023-12-28,Thursday,Weekday,175.0,3.0,2.0,6.0,3.0,2.0,5.0,6.0,17,2.0,0.0,19,4.0,13.0,0.0,3.0,1,7.0,10,4,1.0,1.0,4,3.0,5,1,2,0.0,4.0,2.0,9,3,2.0,1.0,8,0,2,13,4,3.0,2026-07-17 21:15:14
2023-12-29,Friday,Weekday,436.0,0.0,18.0,2.0,4.0,3.0,2.0,29.0,8,9.0,48.0,2,0.0,8.0,8.0,6.0,0,8.0,3,3,3.0,4.0,7,5.0,44,33,10,39.0,50.0,5.0,8,32,8.0,2.0,10,3,7,3,2,0.0,2026-07-17 21:15:14
2023-12-30,Saturday,Weekend,517.0,30.0,6.0,1.0,1.0,22.0,61.0,3.0,1,9.0,16.0,5,6.0,8.0,6.0,35.0,0,4.0,25,30,1.0,49.0,18,4.0,11,6,3,5.0,11.0,29.0,7,6,8.0,14.0,21,6,22,7,17,3.0,2026-07-17 21:15:14
2023-12-31,Sunday,Weekend,445.0,4.0,4.0,23.0,9.0,47.0,1.0,7.0,5,11.0,28.0,24,13.0,11.0,31.0,5.0,19,26.0,8,14,5.0,2.0,9,2.0,6,21,1,0.0,10.0,4.0,7,4,1.0,0.0,19,2,7,38,16,1.0,2026-07-17 21:15:14
2024-01-01,Monday,Weekday,241.0,5.0,11.0,10.0,11.0,10.0,1.0,6.0,9,7.0,0.0,0,27.0,1.0,4.0,13.0,4,1.0,6,8,4.0,24.0,3,9.0,1,5,11,1.0,8.0,1.0,1,5,9.0,1.0,18,1,2,1,1,1.0,2026-07-17 21:15:14
2024-01-02,Tuesday,Weekday,276.0,14.0,6.0,4.0,24.0,6.0,1.0,3.0,2,5.0,4.0,7,10.0,15.0,11.0,2.0,1,7.0,2,0,7.0,4.0,12,3.0,36,11,0,7.0,6.0,10.0,5,5,2.0,2.0,19,4,0,1,13,5.0,2026-07-17 21:15:14
2024-01-03,Wednesday,Weekday,257.0,10.0,10.0,13.0,6.0,2.0,1.0,5.0,3,5.0,6.0,6,0.0,0.0,10.0,1.0,8,6.0,28,14,5.0,7.0,1,3.0,9,8,4,2.0,13.0,3.0,12,5,3.0,0.0,1,13,19,5,4,6.0,2026-07-17 21:15:14
2024-01-04,Thursday,Weekday,288.0,6.0,9.0,6.0,14.0,13.0,4.0,13.0,6,1.0,0.0,8,17.0,12.0,9.0,1.0,0,3.0,15,25,2.0,11.0,5,0.0,4,12,2,19.0,2.0,0.0,2,11,3.0,11.0,5,6,17,3,11,0.0,2026-07-17 21:15:14
2024-01-05,Friday,Weekday,208.0,5.0,5.0,13.0,1.0,6.0,2.0,3.0,0,1.0,14.0,9,3.0,9.0,0.0,5.0,10,8.0,3,8,2.0,10.0,4,8.0,0,5,3,4.0,5.0,12.0,9,1,7.0,1.0,4,10,0,9,7,2.0,2026-07-17 21:15:14
2024-01-06,Saturday,Weekend,446.0,3.0,4.0,40.0,2.0,15.0,1.0,2.0,18,5.0,72.0,8,8.0,0.0,40.0,2.0,8,6.0,5,10,12.0,2.0,7,14.0,6,2,4,2.0,1.0,5.0,9,1,8.0,48.0,33,21,4,0,17,1.0,2026-07-17 21:15:14
2024-01-07,Sunday,Weekend,446.0,3.0,8.0,1.0,25.0,37.0,13.0,25.0,3,19.0,7.0,15,3.0,17.0,51.0,1.0,1,2.0,9,5,26.0,10.0,9,16.0,5,5,18,20.0,0.0,2.0,4,5,3.0,12.0,21,3,17,5,9,11.0,2026-07-17 21:15:14
2024-01-08,Monday,Weekday,190.0,8.0,2.0,0.0,5.0,4.0,1.0,1.0,4,2.0,43.0,2,1.0,6.0,1.0,4.0,2,4.0,6,1,12.0,8.0,2,1.0,2,2,4,0.0,12.0,0.0,2,1,1.0,7.0,4,1,13,7,6,8.0,2026-07-17 21:15:14
2024-01-09,Tuesday,Weekday,263.0,5.0,4.0,4.0,1.0,6.0,11.0,5.0,14,2.0,11.0,6,4.0,6.0,1.0,1.0,23,0.0,3,3,3.0,9.0,8,15.0,3,5,13,28.0,18.0,9.0,1,0,10.0,10.0,5,1,9,1,2,3.0,2026-07-17 21:15:14
2024-01-10,Wednesday,Weekday,180.0,12.0,1.0,5.0,2.0,10.0,3.0,13.0,1,1.0,11.0,2,1.0,5.0,5.0,0.0,2,9.0,4,0,3.0,6.0,1,10.0,6,3,15,4.0,1.0,6.0,5,2,2.0,3.0,2,8,8,4,2,2.0,2026-07-17 21:15:14
2024-01-11,Thursday,Weekday,205.0,2.0,1.0,2.0,3.0,6.0,5.0,2.0,15,8.0,29.0,9,4.0,4.0,1.0,5.0,5,4.0,5,3,3.0,2.0,5,10.0,10,7,0,11.0,1.0,11.0,1,2,6.0,4.0,2,6,6,1,3,1.0,2026-07-17 21:15:14
2024-01-12,Friday,Weekday,260.0,8.0,0.0,6.0,5.0,6.0,5.0,7.0,28,11.0,16.0,4,5.0,0.0,3.0,16.0,4,4.0,3,3,0.0,7.0,4,7.0,6,12,9,12.0,6.0,3.0,19,0,1.0,4.0,6,0,16,6,4,4.0,2026-07-17 21:15:14
2024-01-13,Saturday,Weekend,400.0,7.0,2.0,1.0,4.0,20.0,9.0,6.0,7,7.0,5.0,1,22.0,10.0,13.0,7.0,20,9.0,1,25,4.0,2.0,1,16.0,14,10,29,5.0,8.0,10.0,40,4,29.0,2.0,13,11,24,0,1,1.0,2026-07-17 21:15:14
2024-01-14,Sunday,Weekend,588.0,11.0,11.0,37.0,10.0,3.0,3.0,0.0,23,24.0,118.0,6,0.0,4.0,15.0,53.0,1,1.0,18,16,4.0,25.0,1,44.0,2,1,5,3.0,13.0,15.0,9,11,6.0,0.0,49,19,3,10,11,3.0,2026-07-17 21:15:14
2024-01-15,Monday,Weekday,260.0,8.0,5.0,2.0,1.0,18.0,2.0,1.0,10,13.0,4.0,16,8.0,3.0,4.0,10.0,1,5.0,8,6,6.0,5.0,1,5.0,6,13,9,4.0,31.0,1.0,1,2,1.0,7.0,0,2,5,9,14,13.0,2026-07-17 21:15:14
2024-01-16,Tuesday,Weekday,116.0,0.0,1.0,0.0,2.0,8.0,1.0,0.0,2,1.0,2.0,2,2.0,9.0,3.0,5.0,4,3.0,2,0,3.0,1.0,0,2.0,4,12,1,2.0,6.0,1.0,0,1,7.0,1.0,1,2,8,8,2,7.0,2026-07-17 21:15:14
2024-01-17,Wednesday,Weekday,174.0,2.0,1.0,13.0,4.0,2.0,3.0,7.0,9,8.0,7.0,8,3.0,4.0,5.0,2.0,0,2.0,5,1,1.0,1.0,0,7.0,1,1,5,10.0,0.0,1.0,12,2,11.0,1.0,1,1,0,10,12,11.0,2026-07-17 21:15:14
2024-01-18,Thursday,Weekday,198.0,9.0,8.0,5.0,8.0,1.0,2.0,4.0,9,5.0,10.0,2,6.0,16.0,1.0,12.0,3,5.0,9,2,2.0,4.0,0,4.0,1,12,0,3.0,13.0,13.0,7,3,1.0,2.0,0,6,1,5,2,2.0,2026-07-17 21:15:14
2024-01-19,Friday,Weekday,229.0,7.0,11.0,2.0,4.0,2.0,1.0,7.0,2,0.0,32.0,6,2.0,0.0,2.0,5.0,10,8.0,1,10,5.0,5.0,17,4.0,1,17,3,2.0,10.0,10.0,14,1,3.0,1.0,5,2,13,0,0,4.0,2026-07-17 21:15:14
2024-01-20,Saturday,Weekend,374.0,26.0,19.0,56.0,6.0,2.0,2.0,13.0,2,4.0,2.0,7,3.0,1.0,6.0,5.0,10,16.0,1,17,0.0,8.0,10,35.0,10,3,8,5.0,7.0,3.0,8,2,11.0,9.0,1,26,16,4,1,9.0,2026-07-17 21:15:14
2024-01-21,Sunday,Weekend,477.0,6.0,30.0,1.0,0.0,62.0,40.0,0.0,16,3.0,25.0,30,1.0,3.0,0.0,1.0,0,27.0,4,11,24.0,12.0,10,0.0,9,2,21,4.0,17.0,15.0,14,4,3.0,24.0,0,2,16,22,6,12.0,2026-07-17 21:15:14
2024-01-22,Monday,Weekday,229.0,5.0,1.0,7.0,11.0,51.0,0.0,9.0,4,0.0,10.0,1,2.0,2.0,3.0,3.0,2,5.0,1,6,11.0,1.0,4,7.0,4,2,6,0.0,2.0,4.0,0,4,5.0,8.0,1,30,9,3,1,4.0,2026-07-17 21:15:14
2024-01-23,Tuesday,Weekday,293.0,17.0,7.0,11.0,4.0,8.0,2.0,12.0,3,1.0,5.0,18,11.0,2.0,23.0,0.0,0,1.0,2,0,10.0,8.0,10,9.0,14,1,9,8.0,24.0,2.0,0,7,9.0,2.0,7,0,45,1,0,0.0,2026-07-17 21:15:14
2024-01-24,Wednesday,Weekday,200.0,2.0,0.0,6.0,12.0,2.0,3.0,0.0,3,2.0,2.0,6,1.0,9.0,6.0,6.0,12,15.0,5,3,3.0,7.0,3,12.0,2,3,2,8.0,0.0,3.0,2,0,2.0,4.0,0,4,23,21,3,3.0,2026-07-17 21:15:14
2024-01-25,Thursday,Weekday,171.0,1.0,22.0,0.0,3.0,0.0,2.0,0.0,6,5.0,6.0,2,8.0,0.0,2.0,5.0,12,1.0,4,3,11.0,0.0,3,2.0,0,1,17,1.0,12.0,1.0,12,4,1.0,4.0,2,2,4,3,4,5.0,2026-07-17 21:15:14
2024-01-26,Friday,Weekday,240.0,3.0,18.0,24.0,0.0,0.0,4.0,8.0,3,3.0,13.0,8,2.0,20.0,7.0,3.0,8,2.0,5,2,0.0,3.0,2,8.0,9,2,0,13.0,0.0,3.0,5,10,13.0,8.0,3,9,4,2,5,8.0,2026-07-17 21:15:14
2024-01-27,Saturday,Weekend,451.0,0.0,0.0,15.0,23.0,15.0,5.0,21.0,10,9.0,7.0,2,6.0,4.0,5.0,7.0,2,15.0,1,7,13.0,6.0,6,7.0,19,57,11,18.0,0.0,24.0,40,8,10.0,6.0,2,21,11,10,9,19.0,2026-07-17 21:15:14
2024-01-28,Sunday,Weekend,360.0,10.0,2.0,6.0,40.0,10.0,18.0,19.0,9,3.0,4.0,9,6.0,14.0,13.0,4.0,11,5.0,4,5,19.0,3.0,3,4.0,2,6,2,14.0,2.0,9.0,1,29,5.0,14.0,11,12,19,1,9,3.0,2026-07-17 21:15:14
2024-01-29,Monday,Weekday,299.0,10.0,16.0,14.0,0.0,5.0,2.0,0.0,0,4.0,48.0,5,7.0,4.0,6.0,19.0,6,0.0,5,33,3.0,5.0,0,1.0,11,1,1,4.0,21.0,0.0,11,3,10.0,26.0,3,1,3,9,1,1.0,2026-07-17 21:15:14
2024-01-30,Tuesday,Weekday,215.0,0.0,1.0,0.0,10.0,18.0,3.0,8.0,6,7.0,6.0,3,6.0,8.0,2.0,2.0,2,5.0,3,4,3.0,11.0,0,5.0,5,3,4,11.0,2.0,14.0,13,4,7.0,5.0,4,19,4,1,2,4.0,2026-07-17 21:15:14
2024-01-31,Wednesday,Weekday,169.0,2.0,9.0,3.0,9.0,1.0,1.0,0.0,1,3.0,16.0,2,4.0,2.0,0.0,3.0,0,9.0,5,2,4.0,1.0,6,7.0,9,1,1,3.0,16.0,11.0,2,5,10.0,1.0,7,1,2,1,2,7.0,2026-07-17 21:15:14
2024-02-01,Thursday,Weekday,332.0,4.0,0.0,1.0,6.0,9.0,5.0,0.0,11,19.0,9.0,11,15.0,8.0,7.0,9.0,1,7.0,16,3,14.0,6.0,4,9.0,4,14,4,14.0,5.0,8.0,42,1,7.0,1.0,12,5,27,13,0,1.0,2026-07-17 21:15:14
2024-02-02,Friday,Weekday,408.0,6.0,7.0,3.0,3.0,12.0,0.0,19.0,13,15.0,0.0,0,8.0,47.0,4.0,5.0,3,12.0,12,0,4.0,9.0,5,10.0,17,9,8,19.0,21.0,6.0,3,13,3.0,22.0,0,27,11,15,4,33.0,2026-07-17 21:15:14
2024-02-03,Saturday,Weekend,414.0,2.0,2.0,1.0,27.0,11.0,10.0,11.0,18,11.0,12.0,10,15.0,2.0,1.0,1.0,5,7.0,12,30,4.0,14.0,9,3.0,10,38,1,6.0,1.0,4.0,9,17,13.0,7.0,21,4,22,8,22,13.0,2026-07-17 21:15:14
2024-02-04,Sunday,Weekend,388.0,24.0,3.0,13.0,15.0,26.0,7.0,0.0,4,5.0,28.0,20,1.0,32.0,2.0,6.0,3,19.0,14,5,14.0,2.0,7,6.0,3,23,12,4.0,3.0,0.0,4,7,4.0,10.0,5,5,40,3,4,5.0,2026-07-17 21:15:14
2024-02-05,Monday,Weekday,222.0,1.0,1.0,4.0,20.0,20.0,11.0,5.0,6,3.0,2.0,4,6.0,0.0,1.0,3.0,4,5.0,1,3,2.0,0.0,4,1.0,12,4,4,1.0,3.0,2.0,37,12,0.0,8.0,2,1,16,1,4,8.0,2026-07-17 21:15:14
2024-02-06,Tuesday,Weekday,218.0,3.0,14.0,8.0,8.0,4.0,0.0,6.0,39,3.0,27.0,2,1.0,1.0,3.0,8.0,2,11.0,4,2,7.0,0.0,7,1.0,1,3,11,3.0,6.0,7.0,1,8,2.0,1.0,3,2,2,2,1,4.0,2026-07-17 21:15:14
2024-02-07,Wednesday,Weekday,266.0,4.0,5.0,4.0,9.0,2.0,3.0,1.0,5,3.0,11.0,12,7.0,1.0,1.0,13.0,4,16.0,4,19,16.0,6.0,0,3.0,14,17,1,2.0,11.0,4.0,11,8,14.0,1.0,1,0,26,5,0,2.0,2026-07-17 21:15:14
2024-02-08,Thursday,Weekday,200.0,3.0,10.0,9.0,8.0,0.0,12.0,1.0,6,0.0,0.0,0,5.0,6.0,0.0,3.0,12,1.0,1,4,12.0,2.0,39,3.0,4,1,8,1.0,5.0,1.0,3,12,7.0,1.0,5,6,0,4,2,3.0,2026-07-17 21:15:14
2024-02-09,Friday,Weekday,242.0,7.0,1.0,1.0,2.0,25.0,7.0,0.0,3,2.0,8.0,5,23.0,2.0,5.0,7.0,11,3.0,7,3,5.0,13.0,16,8.0,2,13,0,0.0,6.0,3.0,17,4,2.0,4.0,7,5,2,10,2,1.0,2026-07-17 21:15:14
2024-02-10,Saturday,Weekend,370.0,6.0,1.0,29.0,9.0,58.0,3.0,34.0,2,0.0,0.0,6,1.0,7.0,3.0,3.0,8,2.0,11,8,19.0,3.0,31,7.0,28,0,11,14.0,1.0,8.0,13,6,1.0,8.0,1,18,0,1,3,6.0,2026-07-17 21:15:14
2024-02-11,Sunday,Weekend,294.0,25.0,1.0,1.0,4.0,19.0,4.0,3.0,6,2.0,6.0,3,13.0,21.0,11.0,5.0,6,1.0,11,6,15.0,1.0,11,10.0,2,8,21,17.0,10.0,1.0,16,7,2.0,1.0,1,1,17,2,0,3.0,2026-07-17 21:15:14
2024-02-12,Monday,Weekday,230.0,2.0,1.0,0.0,1.0,10.0,0.0,6.0,1,1.0,3.0,1,1.0,3.0,2.0,12.0,0,13.0,10,10,2.0,9.0,1,1.0,0,16,3,14.0,3.0,13.0,14,14,3.0,13.0,21,2,5,8,2,9.0,2026-07-17 21:15:14
2024-02-13,Tuesday,Weekday,185.0,0.0,3.0,1.0,2.0,2.0,7.0,1.0,9,10.0,5.0,1,1.0,3.0,0.0,5.0,15,1.0,4,18,9.0,10.0,10,2.0,10,15,3,2.0,3.0,2.0,2,4,3.0,3.0,1,9,1,1,4,3.0,2026-07-17 21:15:14
2024-02-14,Wednesday,Weekday,221.0,1.0,2.0,9.0,6.0,3.0,1.0,6.0,12,6.0,15.0,4,7.0,14.0,8.0,13.0,4,15.0,7,13,0.0,6.0,13,1.0,7,9,2,3.0,4.0,3.0,0,0,1.0,1.0,1,7,6,8,0,3.0,2026-07-17 21:15:14
2024-02-15,Thursday,Weekday,142.0,3.0,6.0,4.0,7.0,0.0,3.0,3.0,6,2.0,3.0,0,3.0,1.0,0.0,0.0,13,2.0,7,11,8.0,7.0,6,1.0,1,4,3,0.0,3.0,2.0,7,3,3.0,2.0,1,10,1,2,3,1.0,2026-07-17 21:15:14
2024-02-16,Friday,Weekday,224.0,3.0,2.0,2.0,3.0,18.0,3.0,1.0,2,1.0,18.0,3,19.0,3.0,9.0,1.0,0,0.0,5,3,4.0,10.0,1,3.0,12,4,12,3.0,3.0,1.0,13,12,21.0,2.0,8,2,5,10,1,1.0,2026-07-17 21:15:14
2024-02-17,Saturday,Weekend,393.0,2.0,10.0,4.0,4.0,97.0,4.0,3.0,9,15.0,2.0,9,0.0,6.0,3.0,4.0,5,24.0,11,21,8.0,0.0,3,26.0,10,36,1,4.0,5.0,4.0,2,4,9.0,3.0,1,11,7,7,4,15.0,2026-07-17 21:15:14
2024-02-18,Sunday,Weekend,543.0,11.0,31.0,13.0,5.0,11.0,8.0,11.0,18,4.0,22.0,25,19.0,10.0,73.0,9.0,1,24.0,4,21,2.0,0.0,3,6.0,1,2,22,23.0,27.0,35.0,8,23,9.0,7.0,15,3,25,9,2,1.0,2026-07-17 21:15:14
2024-02-19,Monday,Weekday,244.0,1.0,8.0,23.0,3.0,2.0,1.0,11.0,1,15.0,8.0,11,5.0,6.0,7.0,9.0,9,4.0,7,14,16.0,5.0,0,0.0,9,0,2,2.0,6.0,4.0,1,1,8.0,15.0,0,1,8,8,7,6.0,2026-07-17 21:15:14
2024-02-20,Tuesday,Weekday,295.0,14.0,3.0,3.0,6.0,17.0,4.0,24.0,12,10.0,0.0,0,11.0,1.0,0.0,14.0,13,1.0,11,0,1.0,7.0,10,0.0,1,1,50,7.0,4.0,0.0,5,4,10.0,1.0,23,4,3,4,3,13.0,2026-07-17 21:15:14
2024-02-21,Wednesday,Weekday,202.0,5.0,3.0,1.0,1.0,6.0,6.0,8.0,1,1.0,3.0,14,6.0,3.0,3.0,1.0,4,9.0,18,4,1.0,7.0,10,0.0,12,11,4,4.0,8.0,6.0,0,1,1.0,7.0,3,5,12,3,7,3.0,2026-07-17 21:15:14
2024-02-22,Thursday,Weekday,226.0,5.0,2.0,26.0,10.0,0.0,16.0,8.0,2,0.0,4.0,7,7.0,3.0,5.0,1.0,0,5.0,3,6,19.0,1.0,0,0.0,4,9,7,5.0,3.0,3.0,5,5,1.0,10.0,6,3,8,26,0,1.0,2026-07-17 21:15:14
2024-02-23,Friday,Weekday,286.0,4.0,6.0,3.0,18.0,11.0,11.0,4.0,10,3.0,3.0,14,0.0,19.0,3.0,31.0,4,12.0,0,5,9.0,10.0,2,3.0,3,0,4,11.0,2.0,3.0,25,0,4.0,7.0,9,8,12,0,4,9.0,2026-07-17 21:15:14
2024-02-24,Saturday,Weekend,408.0,1.0,0.0,17.0,13.0,8.0,18.0,12.0,30,24.0,8.0,12,11.0,16.0,12.0,1.0,2,3.0,14,16,6.0,8.0,17,3.0,0,6,22,14.0,4.0,1.0,11,11,8.0,5.0,1,25,5,2,11,30.0,2026-07-17 21:15:14
2024-02-25,Sunday,Weekend,441.0,16.0,12.0,5.0,0.0,6.0,11.0,2.0,28,3.0,15.0,11,14.0,6.0,28.0,7.0,16,17.0,2,14,12.0,35.0,33,2.0,1,5,59,0.0,19.0,13.0,14,2,3.0,6.0,1,1,1,12,5,4.0,2026-07-17 21:15:14
2024-02-26,Monday,Weekday,243.0,2.0,1.0,3.0,2.0,10.0,1.0,17.0,0,17.0,15.0,8,16.0,2.0,1.0,2.0,1,3.0,5,0,3.0,1.0,4,32.0,4,3,3,9.0,0.0,18.0,3,2,16.0,15.0,6,0,11,3,3,1.0,2026-07-17 21:15:14
2024-02-27,Tuesday,Weekday,257.0,5.0,8.0,3.0,15.0,2.0,0.0,6.0,13,20.0,13.0,2,24.0,13.0,2.0,4.0,4,3.0,30,0,5.0,1.0,5,9.0,2,3,17,10.0,4.0,2.0,3,7,10.0,1.0,6,0,0,4,1,0.0,2026-07-17 21:15:14
2024-02-28,Wednesday,Weekday,252.0,9.0,4.0,9.0,7.0,15.0,2.0,2.0,6,1.0,14.0,4,1.0,6.0,17.0,0.0,1,11.0,1,0,3.0,5.0,6,4.0,17,8,28,5.0,0.0,21.0,0,10,0.0,7.0,17,3,2,1,4,1.0,2026-07-17 21:15:14
2024-02-29,Thursday,Weekday,187.0,4.0,1.0,2.0,3.0,8.0,1.0,7.0,10,2.0,2.0,8,1.0,0.0,6.0,1.0,1,24.0,2,10,1.0,9.0,3,0.0,6,11,2,7.0,3.0,8.0,9,0,1.0,3.0,11,2,8,0,6,4.0,2026-07-17 21:15:14
2024-03-01,Friday,Weekday,219.0,6.0,10.0,3.0,2.0,38.0,1.0,6.0,8,5.0,2.0,2,6.0,2.0,6.0,4.0,3,1.0,15,4,4.0,13.0,5,14.0,0,8,2,9.0,8.0,1.0,2,5,0.0,6.0,0,11,2,4,0,1.0,2026-07-17 21:15:14
2024-03-02,Saturday,Weekend,485.0,6.0,8.0,0.0,35.0,0.0,19.0,11.0,15,5.0,23.0,12,2.0,5.0,1.0,1.0,0,4.0,18,8,6.0,2.0,15,6.0,20,20,14,6.0,11.0,6.0,40,20,9.0,53.0,12,7,2,14,27,22.0,2026-07-17 21:15:14
2024-03-03,Sunday,Weekend,453.0,9.0,4.0,11.0,13.0,8.0,7.0,10.0,18,15.0,0.0,1,19.0,16.0,5.0,8.0,23,25.0,17,2,13.0,1.0,23,1.0,10,10,13,8.0,1.0,13.0,4,3,35.0,7.0,12,7,19,15,8,39.0,2026-07-17 21:15:14
2024-03-04,Monday,Weekday,288.0,3.0,7.0,13.0,3.0,7.0,27.0,0.0,3,5.0,0.0,21,3.0,3.0,15.0,4.0,9,17.0,15,13,0.0,0.0,3,0.0,6,5,8,4.0,5.0,3.0,2,7,8.0,14.0,15,11,16,0,1,12.0,2026-07-17 21:15:14
2024-03-05,Tuesday,Weekday,355.0,1.0,4.0,2.0,1.0,21.0,1.0,5.0,2,9.0,20.0,4,13.0,2.0,9.0,10.0,33,2.0,0,3,3.0,3.0,4,5.0,21,1,27,15.0,19.0,25.0,13,13,5.0,5.0,19,5,0,13,6,11.0,2026-07-17 21:15:14
2024-03-06,Wednesday,Weekday,251.0,1.0,5.0,4.0,13.0,0.0,10.0,0.0,0,1.0,5.0,6,1.0,4.0,1.0,12.0,0,3.0,6,14,14.0,15.0,0,13.0,10,16,4,17.0,3.0,6.0,4,2,5.0,2.0,10,6,9,1,21,7.0,2026-07-17 21:15:14
2024-03-07,Thursday,Weekday,237.0,0.0,5.0,0.0,0.0,8.0,3.0,1.0,4,16.0,2.0,1,23.0,2.0,6.0,1.0,5,3.0,18,3,4.0,18.0,23,0.0,9,3,5,3.0,4.0,1.0,5,5,1.0,5.0,18,8,5,14,4,1.0,2026-07-17 21:15:14
2024-03-08,Friday,Weekday,270.0,4.0,1.0,8.0,18.0,4.0,3.0,3.0,1,11.0,9.0,0,11.0,2.0,23.0,3.0,6,0.0,3,10,3.0,16.0,5,17.0,24,3,4,11.0,1.0,10.0,4,8,0.0,6.0,1,10,5,2,14,6.0,2026-07-17 21:15:14
2024-03-09,Saturday,Weekend,313.0,22.0,3.0,7.0,6.0,16.0,0.0,2.0,21,4.0,31.0,1,33.0,8.0,11.0,4.0,16,6.0,9,1,8.0,13.0,2,9.0,0,17,31,3.0,1.0,7.0,0,4,2.0,3.0,0,0,0,6,4,2.0,2026-07-17 21:15:14
2024-03-10,Sunday,Weekend,425.0,11.0,14.0,3.0,18.0,18.0,0.0,5.0,9,12.0,4.0,39,14.0,5.0,1.0,2.0,7,8.0,16,15,2.0,7.0,0,5.0,16,5,18,37.0,11.0,1.0,4,0,8.0,15.0,9,17,25,23,2,19.0,2026-07-17 21:15:14
2024-03-11,Monday,Weekday,180.0,6.0,2.0,22.0,16.0,7.0,8.0,3.0,3,1.0,5.0,4,1.0,7.0,1.0,0.0,2,4.0,3,2,2.0,1.0,4,14.0,1,7,1,3.0,3.0,14.0,3,6,4.0,1.0,13,2,0,2,2,0.0,2026-07-17 21:15:14
2024-03-12,Tuesday,Weekday,244.0,6.0,2.0,6.0,0.0,38.0,1.0,6.0,8,1.0,2.0,1,1.0,1.0,7.0,2.0,4,0.0,13,1,3.0,0.0,1,6.0,7,7,5,21.0,4.0,4.0,2,0,4.0,2.0,3,1,14,50,2,8.0,2026-07-17 21:15:14
2024-03-13,Wednesday,Weekday,174.0,5.0,19.0,2.0,5.0,2.0,4.0,6.0,5,1.0,10.0,2,1.0,3.0,9.0,14.0,7,0.0,1,0,0.0,2.0,2,0.0,8,5,7,2.0,2.0,2.0,2,4,3.0,6.0,8,3,2,12,4,4.0,2026-07-17 21:15:14
2024-03-14,Thursday,Weekday,286.0,10.0,0.0,0.0,1.0,2.0,4.0,1.0,16,7.0,6.0,0,9.0,1.0,14.0,14.0,7,1.0,14,4,3.0,5.0,23,4.0,20,0,0,11.0,1.0,4.0,1,2,4.0,11.0,9,28,14,10,9,16.0,2026-07-17 21:15:14
2024-03-15,Friday,Weekday,237.0,2.0,2.0,8.0,2.0,20.0,4.0,1.0,6,1.0,20.0,21,5.0,0.0,1.0,2.0,11,2.0,0,0,3.0,9.0,0,1.0,6,8,8,6.0,0.0,3.0,21,16,4.0,4.0,13,3,2,5,13,4.0,2026-07-17 21:15:14
2024-03-16,Saturday,Weekend,542.0,17.0,5.0,0.0,3.0,76.0,8.0,0.0,40,10.0,32.0,9,1.0,13.0,73.0,0.0,28,4.0,7,6,30.0,9.0,8,20.0,1,1,0,15.0,12.0,27.0,9,3,18.0,4.0,35,4,3,10,1,0.0,2026-07-17 21:15:14
2024-03-17,Sunday,Weekend,540.0,9.0,2.0,0.0,6.0,15.0,8.0,3.0,13,20.0,27.0,8,3.0,13.0,34.0,10.0,3,1.0,48,16,5.0,6.0,35,3.0,12,21,8,0.0,4.0,38.0,12,21,10.0,39.0,31,11,6,14,15,10.0,2026-07-17 21:15:14
2024-03-18,Monday,Weekday,275.0,9.0,0.0,2.0,8.0,2.0,4.0,25.0,6,21.0,10.0,8,5.0,1.0,4.0,1.0,49,1.0,3,7,4.0,0.0,2,10.0,5,1,3,1.0,1.0,20.0,4,0,15.0,9.0,1,4,17,4,4,4.0,2026-07-17 21:15:14
2024-03-19,Tuesday,Weekday,288.0,1.0,4.0,4.0,0.0,18.0,1.0,5.0,6,8.0,5.0,12,1.0,8.0,13.0,15.0,8,4.0,1,4,5.0,1.0,23,18.0,0,6,12,1.0,4.0,4.0,1,6,31.0,3.0,5,3,21,13,1,12.0,2026-07-17 21:15:14
2024-03-20,Wednesday,Weekday,260.0,3.0,1.0,8.0,3.0,6.0,5.0,0.0,1,4.0,2.0,0,0.0,9.0,15.0,1.0,1,7.0,21,1,10.0,4.0,22,1.0,25,4,17,3.0,5.0,11.0,7,4,3.0,8.0,16,0,9,11,5,7.0,2026-07-17 21:15:14
2024-03-21,Thursday,Weekday,193.0,8.0,6.0,7.0,17.0,14.0,7.0,0.0,1,4.0,9.0,2,0.0,2.0,8.0,9.0,16,2.0,2,2,2.0,6.0,2,0.0,3,1,0,3.0,1.0,4.0,1,5,21.0,4.0,5,12,3,1,1,2.0,2026-07-17 21:15:14
2024-03-22,Friday,Weekday,238.0,4.0,0.0,11.0,0.0,21.0,12.0,23.0,8,2.0,10.0,2,13.0,3.0,3.0,14.0,0,2.0,3,7,7.0,9.0,13,1.0,4,6,6,3.0,0.0,0.0,2,2,1.0,3.0,1,9,15,3,3,12.0,2026-07-17 21:15:14
2024-03-23,Saturday,Weekend,595.0,8.0,78.0,1.0,32.0,14.0,0.0,53.0,52,8.0,66.0,1,15.0,3.0,4.0,21.0,9,0.0,7,3,19.0,3.0,23,4.0,7,6,13,1.0,10.0,5.0,33,1,20.0,3.0,2,3,1,10,56,0.0,2026-07-17 21:15:14
2024-03-24,Sunday,Weekend,354.0,4.0,3.0,4.0,4.0,33.0,0.0,11.0,3,4.0,7.0,3,1.0,1.0,4.0,17.0,1,12.0,3,18,5.0,2.0,39,2.0,8,7,4,27.0,17.0,14.0,33,4,1.0,12.0,4,2,9,18,1,12.0,2026-07-17 21:15:14
2024-03-25,Monday,Weekday,230.0,2.0,1.0,10.0,20.0,2.0,2.0,4.0,9,0.0,2.0,8,2.0,3.0,13.0,15.0,17,1.0,16,9,1.0,6.0,0,6.0,6,9,1,6.0,1.0,19.0,6,0,1.0,7.0,4,8,2,7,1,3.0,2026-07-17 21:15:14
2024-03-26,Tuesday,Weekday,211.0,13.0,4.0,0.0,25.0,2.0,5.0,5.0,1,1.0,2.0,9,12.0,4.0,0.0,13.0,4,3.0,3,3,4.0,6.0,4,14.0,4,5,1,7.0,0.0,1.0,10,1,5.0,14.0,3,1,4,11,2,5.0,2026-07-17 21:15:14
2024-03-27,Wednesday,Weekday,196.0,8.0,3.0,8.0,3.0,6.0,5.0,1.0,1,4.0,7.0,4,7.0,4.0,12.0,6.0,2,3.0,5,11,1.0,4.0,1,1.0,5,0,5,9.0,16.0,1.0,6,10,0.0,2.0,10,1,19,3,0,2.0,2026-07-17 21:15:14
2024-03-28,Thursday,Weekday,210.0,1.0,1.0,4.0,4.0,6.0,0.0,7.0,4,10.0,14.0,3,0.0,14.0,9.0,1.0,9,0.0,0,4,0.0,18.0,13,6.0,0,3,3,3.0,1.0,5.0,4,13,16.0,5.0,5,1,2,14,6,1.0,2026-07-17 21:15:14
2024-03-29,Friday,Weekday,345.0,8.0,23.0,4.0,2.0,41.0,6.0,4.0,2,18.0,20.0,5,0.0,5.0,2.0,2.0,5,0.0,27,0,4.0,2.0,9,0.0,5,12,24,10.0,0.0,0.0,9,2,5.0,23.0,12,16,19,7,9,3.0,2026-07-17 21:15:14
2024-03-30,Saturday,Weekend,267.0,43.0,1.0,6.0,2.0,1.0,4.0,3.0,5,5.0,7.0,1,4.0,10.0,2.0,3.0,5,14.0,7,1,12.0,11.0,9,5.0,10,4,9,15.0,15.0,4.0,14,1,1.0,4.0,6,1,7,1,5,9.0,2026-07-17 21:15:14
2024-03-31,Sunday,Weekend,324.0,6.0,2.0,40.0,6.0,16.0,6.0,29.0,11,5.0,4.0,7,6.0,7.0,2.0,4.0,5,12.0,10,1,2.0,0.0,0,1.0,10,16,3,5.0,8.0,23.0,14,0,2.0,0.0,6,8,4,12,3,28.0,2026-07-17 21:15:14
2024-04-01,Monday,Weekday,152.0,0.0,1.0,2.0,0.0,8.0,0.0,6.0,0,1.0,11.0,13,3.0,16.0,4.0,3.0,7,2.0,1,4,2.0,1.0,0,8.0,4,2,9,3.0,5.0,10.0,6,2,4.0,2.0,4,1,3,1,0,3.0,2026-07-17 21:15:14
2024-04-02,Tuesday,Weekday,240.0,11.0,0.0,2.0,3.0,9.0,1.0,0.0,4,12.0,0.0,3,5.0,2.0,2.0,4.0,21,2.0,4,2,16.0,0.0,5,13.0,30,7,3,3.0,3.0,5.0,7,9,2.0,6.0,12,14,9,5,3,1.0,2026-07-17 21:15:14
2024-04-03,Wednesday,Weekday,315.0,0.0,7.0,3.0,11.0,19.0,6.0,0.0,0,2.0,2.0,53,5.0,4.0,0.0,11.0,14,2.0,33,17,4.0,7.0,6,6.0,18,2,8,7.0,7.0,23.0,3,1,9.0,1.0,2,8,5,5,3,1.0,2026-07-17 21:15:14
2024-04-04,Thursday,Weekday,340.0,5.0,1.0,30.0,4.0,15.0,12.0,2.0,11,16.0,2.0,36,0.0,3.0,10.0,1.0,9,16.0,24,5,31.0,4.0,2,7.0,7,7,9,4.0,5.0,22.0,5,1,9.0,4.0,11,0,5,0,0,5.0,2026-07-17 21:15:14
2024-04-05,Friday,Weekday,383.0,5.0,20.0,8.0,4.0,19.0,9.0,17.0,12,3.0,16.0,4,7.0,32.0,4.0,12.0,5,0.0,6,9,7.0,4.0,17,0.0,5,17,30,7.0,29.0,3.0,3,17,17.0,1.0,0,0,3,20,5,6.0,2026-07-17 21:15:14
2024-04-06,Saturday,Weekend,517.0,13.0,28.0,1.0,20.0,61.0,3.0,26.0,18,0.0,6.0,16,12.0,13.0,4.0,16.0,5,9.0,7,18,1.0,4.0,5,1.0,5,12,24,14.0,12.0,1.0,48,2,16.0,37.0,20,3,10,0,13,13.0,2026-07-17 21:15:14
2024-04-07,Sunday,Weekend,338.0,14.0,0.0,15.0,11.0,3.0,3.0,10.0,8,1.0,1.0,17,2.0,2.0,18.0,10.0,9,6.0,8,8,33.0,2.0,2,1.0,11,7,1,4.0,1.0,5.0,28,9,0.0,2.0,0,13,8,49,10,6.0,2026-07-17 21:15:14
2024-04-08,Monday,Weekday,180.0,7.0,6.0,1.0,5.0,6.0,2.0,1.0,1,2.0,0.0,12,4.0,5.0,4.0,5.0,18,2.0,7,2,11.0,10.0,11,0.0,2,1,3,3.0,1.0,6.0,1,8,1.0,2.0,5,4,0,9,4,8.0,2026-07-17 21:15:14
2024-04-09,Tuesday,Weekday,182.0,7.0,2.0,10.0,7.0,18.0,8.0,9.0,3,1.0,14.0,6,1.0,2.0,6.0,3.0,0,1.0,5,3,3.0,8.0,6,1.0,0,4,6,1.0,3.0,9.0,12,2,0.0,1.0,1,1,5,4,1,8.0,2026-07-17 21:15:14
2024-04-10,Wednesday,Weekday,300.0,5.0,6.0,34.0,6.0,26.0,1.0,2.0,4,4.0,2.0,9,0.0,6.0,3.0,9.0,5,23.0,3,23,0.0,6.0,3,12.0,10,9,0,11.0,1.0,0.0,2,4,6.0,1.0,0,7,41,6,7,3.0,2026-07-17 21:15:14
2024-04-11,Thursday,Weekday,210.0,6.0,13.0,4.0,3.0,13.0,13.0,1.0,3,6.0,5.0,3,4.0,1.0,3.0,19.0,6,9.0,6,4,7.0,1.0,4,4.0,3,1,1,1.0,4.0,16.0,16,1,1.0,0.0,2,9,14,1,1,1.0,2026-07-17 21:15:14
2024-04-12,Friday,Weekday,253.0,4.0,10.0,6.0,9.0,11.0,3.0,1.0,0,11.0,21.0,12,0.0,8.0,0.0,1.0,4,5.0,14,8,1.0,2.0,3,2.0,3,9,2,13.0,5.0,3.0,5,7,6.0,0.0,15,0,35,0,9,5.0,2026-07-17 21:15:14
2024-04-13,Saturday,Weekend,562.0,10.0,2.0,5.0,23.0,58.0,9.0,8.0,1,23.0,8.0,1,21.0,14.0,0.0,2.0,22,1.0,32,8,1.0,24.0,14,7.0,9,0,21,9.0,24.0,18.0,19,24,16.0,9.0,8,3,43,28,4,33.0,2026-07-17 21:15:14
2024-04-14,Sunday,Weekend,363.0,5.0,4.0,0.0,3.0,14.0,1.0,5.0,41,10.0,8.0,6,0.0,20.0,22.0,9.0,1,2.0,2,5,1.0,9.0,6,0.0,8,2,16,4.0,4.0,0.0,29,5,3.0,1.0,8,2,49,27,10,21.0,2026-07-17 21:15:14
2024-04-15,Monday,Weekday,251.0,1.0,1.0,1.0,0.0,35.0,0.0,13.0,10,2.0,0.0,0,1.0,4.0,4.0,5.0,11,3.0,1,9,3.0,3.0,10,18.0,16,1,4,0.0,23.0,1.0,1,13,23.0,7.0,1,4,15,5,1,1.0,2026-07-17 21:15:14
2024-04-16,Tuesday,Weekday,273.0,10.0,4.0,8.0,4.0,7.0,24.0,3.0,9,2.0,2.0,12,17.0,7.0,2.0,2.0,18,2.0,11,2,19.0,17.0,0,11.0,2,2,5,5.0,3.0,6.0,2,0,5.0,4.0,7,8,21,5,0,5.0,2026-07-17 21:15:14
2024-04-17,Wednesday,Weekday,239.0,6.0,5.0,9.0,3.0,2.0,6.0,2.0,4,5.0,6.0,6,0.0,31.0,9.0,4.0,1,0.0,9,3,2.0,3.0,7,9.0,7,14,1,6.0,1.0,5.0,7,1,4.0,10.0,1,4,23,6,7,10.0,2026-07-17 21:15:14
2024-04-18,Thursday,Weekday,344.0,3.0,3.0,16.0,14.0,0.0,3.0,3.0,16,6.0,31.0,49,14.0,9.0,3.0,0.0,9,5.0,5,10,5.0,11.0,4,2.0,6,31,12,2.0,5.0,24.0,2,2,2.0,7.0,4,0,14,0,7,5.0,2026-07-17 21:15:14
2024-04-19,Friday,Weekday,366.0,7.0,1.0,12.0,4.0,7.0,7.0,9.0,0,3.0,3.0,11,7.0,12.0,13.0,17.0,4,4.0,18,3,7.0,2.0,25,4.0,3,11,3,30.0,4.0,11.0,4,13,18.0,13.0,13,0,33,8,13,9.0,2026-07-17 21:15:14
2024-04-20,Saturday,Weekend,617.0,2.0,12.0,1.0,16.0,9.0,1.0,49.0,31,30.0,21.0,12,13.0,2.0,29.0,29.0,14,39.0,12,7,33.0,8.0,10,6.0,12,19,10,10.0,5.0,13.0,32,0,1.0,1.0,28,13,55,12,6,14.0,2026-07-17 21:15:14
2024-04-21,Sunday,Weekend,370.0,1.0,4.0,8.0,5.0,8.0,1.0,3.0,5,22.0,4.0,6,1.0,11.0,13.0,22.0,19,5.0,2,2,49.0,13.0,1,2.0,9,3,24,11.0,14.0,7.0,4,8,13.0,5.0,9,24,3,12,5,12.0,2026-07-17 21:15:14
2024-04-22,Monday,Weekday,196.0,0.0,3.0,0.0,0.0,10.0,4.0,11.0,3,4.0,8.0,1,0.0,1.0,1.0,2.0,13,6.0,13,27,2.0,1.0,3,10.0,3,4,1,2.0,2.0,2.0,11,0,14.0,0.0,13,3,6,1,3,8.0,2026-07-17 21:15:14
2024-04-23,Tuesday,Weekday,177.0,0.0,1.0,2.0,1.0,2.0,5.0,1.0,6,11.0,9.0,1,6.0,3.0,2.0,2.0,14,6.0,1,4,3.0,20.0,18,2.0,1,5,3,2.0,6.0,3.0,6,3,5.0,5.0,3,7,4,1,1,2.0,2026-07-17 21:15:14
2024-04-24,Wednesday,Weekday,164.0,0.0,4.0,1.0,0.0,10.0,3.0,2.0,1,1.0,2.0,9,1.0,3.0,12.0,4.0,2,5.0,7,2,7.0,3.0,6,11.0,2,4,4,6.0,7.0,0.0,5,5,4.0,4.0,0,3,10,10,1,3.0,2026-07-17 21:15:14
2024-04-25,Thursday,Weekday,192.0,7.0,5.0,4.0,0.0,10.0,6.0,5.0,7,2.0,27.0,6,5.0,11.0,11.0,6.0,3,4.0,3,1,3.0,4.0,1,10.0,3,4,2,0.0,9.0,2.0,4,4,3.0,3.0,1,1,5,7,2,1.0,2026-07-17 21:15:14
2024-04-26,Friday,Weekday,297.0,0.0,6.0,5.0,2.0,14.0,1.0,6.0,3,25.0,2.0,5,28.0,3.0,10.0,3.0,2,7.0,25,5,8.0,7.0,5,9.0,2,3,6,17.0,3.0,7.0,1,1,6.0,11.0,4,4,31,2,9,9.0,2026-07-17 21:15:14
2024-04-27,Saturday,Weekend,561.0,14.0,34.0,23.0,6.0,12.0,8.0,0.0,35,1.0,29.0,24,32.0,15.0,21.0,5.0,23,8.0,37,3,6.0,14.0,25,23.0,4,3,5,12.0,15.0,10.0,17,6,33.0,4.0,13,17,8,8,6,2.0,2026-07-17 21:15:14
2024-04-28,Sunday,Weekend,384.0,4.0,5.0,2.0,7.0,9.0,2.0,2.0,13,14.0,45.0,1,1.0,1.0,8.0,11.0,7,21.0,14,44,2.0,1.0,4,0.0,28,4,8,4.0,3.0,2.0,5,7,30.0,8.0,8,0,28,1,22,8.0,2026-07-17 21:15:14
2024-04-29,Monday,Weekday,188.0,2.0,3.0,26.0,4.0,3.0,1.0,4.0,0,6.0,16.0,14,0.0,4.0,0.0,5.0,7,3.0,9,9,1.0,4.0,0,2.0,1,9,3,4.0,5.0,7.0,7,1,4.0,3.0,4,0,2,12,1,2.0,2026-07-17 21:15:14
2024-04-30,Tuesday,Weekday,290.0,2.0,1.0,2.0,6.0,32.0,2.0,3.0,6,4.0,27.0,3,5.0,6.0,13.0,6.0,1,1.0,21,11,0.0,15.0,6,6.0,0,13,2,10.0,0.0,12.0,0,1,3.0,1.0,4,3,48,7,6,1.0,2026-07-17 21:15:14
2024-05-01,Wednesday,Weekday,200.0,1.0,0.0,7.0,3.0,11.0,2.0,19.0,1,0.0,7.0,15,5.0,0.0,4.0,11.0,0,1.0,7,10,6.0,20.0,0,4.0,6,5,7,14.0,3.0,0.0,2,4,1.0,6.0,1,0,4,5,2,6.0,2026-07-17 21:15:14
2024-05-02,Thursday,Weekday,280.0,6.0,1.0,0.0,10.0,4.0,16.0,7.0,2,3.0,2.0,7,7.0,14.0,1.0,2.0,1,4.0,6,24,10.0,14.0,4,1.0,1,1,7,3.0,15.0,41.0,3,8,8.0,1.0,17,1,18,4,2,4.0,2026-07-17 21:15:14
2024-05-03,Friday,Weekday,348.0,10.0,0.0,0.0,3.0,0.0,8.0,10.0,15,7.0,27.0,10,21.0,2.0,5.0,36.0,8,14.0,0,13,8.0,2.0,0,2.0,19,8,19,4.0,25.0,4.0,2,2,29.0,1.0,2,0,3,17,5,7.0,2026-07-17 21:15:14
2024-05-04,Saturday,Weekend,421.0,19.0,5.0,18.0,4.0,53.0,1.0,13.0,11,2.0,8.0,4,1.0,7.0,43.0,9.0,8,0.0,1,7,46.0,19.0,4,8.0,7,11,12,16.0,0.0,28.0,1,6,22.0,5.0,1,2,10,1,5,3.0,2026-07-17 21:15:14
2024-05-05,Sunday,Weekend,484.0,21.0,2.0,15.0,7.0,15.0,2.0,15.0,14,1.0,33.0,25,1.0,11.0,12.0,0.0,6,50.0,9,35,14.0,0.0,1,16.0,10,1,13,20.0,16.0,4.0,4,31,24.0,4.0,20,3,4,2,1,22.0,2026-07-17 21:15:14
2024-05-06,Monday,Weekday,229.0,5.0,1.0,10.0,7.0,0.0,5.0,9.0,7,6.0,2.0,1,9.0,12.0,1.0,0.0,9,3.0,3,3,3.0,3.0,4,0.0,20,14,16,13.0,6.0,2.0,0,0,2.0,4.0,24,3,5,6,1,10.0,2026-07-17 21:15:14
2024-05-07,Tuesday,Weekday,269.0,4.0,2.0,16.0,6.0,6.0,3.0,7.0,1,12.0,27.0,5,6.0,9.0,3.0,32.0,5,3.0,6,4,0.0,9.0,5,9.0,2,4,7,26.0,11.0,12.0,1,9,1.0,1.0,0,9,0,2,1,3.0,2026-07-17 21:15:14
2024-05-08,Wednesday,Weekday,299.0,14.0,4.0,6.0,2.0,6.0,1.0,4.0,8,4.0,28.0,31,1.0,0.0,13.0,2.0,3,5.0,22,9,0.0,0.0,2,5.0,9,17,4,6.0,3.0,0.0,32,1,3.0,1.0,7,26,2,6,0,12.0,2026-07-17 21:15:14
2024-05-09,Thursday,Weekday,344.0,9.0,9.0,6.0,23.0,5.0,5.0,11.0,7,1.0,6.0,0,6.0,8.0,1.0,11.0,19,4.0,3,20,12.0,3.0,4,9.0,9,7,8,15.0,4.0,13.0,46,4,15.0,1.0,4,26,0,1,5,4.0,2026-07-17 21:15:14
2024-05-10,Friday,Weekday,371.0,9.0,2.0,0.0,3.0,9.0,8.0,10.0,9,2.0,19.0,0,2.0,13.0,5.0,8.0,5,7.0,4,45,4.0,12.0,25,11.0,9,9,7,20.0,0.0,27.0,10,16,0.0,18.0,2,12,8,10,9,2.0,2026-07-17 21:15:14
2024-05-11,Saturday,Weekend,494.0,6.0,3.0,11.0,17.0,2.0,7.0,12.0,5,42.0,13.0,2,1.0,10.0,7.0,2.0,0,9.0,12,2,10.0,37.0,46,26.0,23,3,3,7.0,13.0,25.0,4,6,12.0,6.0,7,3,81,8,8,3.0,2026-07-17 21:15:14
2024-05-12,Sunday,Weekend,614.0,10.0,4.0,4.0,7.0,0.0,14.0,10.0,46,1.0,3.0,47,3.0,0.0,3.0,34.0,37,8.0,20,17,48.0,1.0,35,3.0,9,5,24,24.0,18.0,25.0,19,27,4.0,8.0,3,11,34,23,19,6.0,2026-07-17 21:15:14
2024-05-13,Monday,Weekday,287.0,4.0,2.0,18.0,4.0,11.0,8.0,14.0,4,4.0,4.0,4,6.0,17.0,1.0,3.0,13,0.0,5,12,16.0,5.0,0,0.0,6,1,1,9.0,8.0,14.0,0,1,10.0,8.0,10,34,19,5,2,4.0,2026-07-17 21:15:14
2024-05-14,Tuesday,Weekday,343.0,8.0,5.0,15.0,0.0,24.0,0.0,5.0,20,0.0,12.0,2,22.0,18.0,24.0,18.0,15,3.0,3,6,7.0,15.0,2,2.0,6,2,10,7.0,14.0,0.0,33,0,3.0,9.0,0,0,0,7,19,7.0,2026-07-17 21:15:14
2024-05-15,Wednesday,Weekday,307.0,5.0,2.0,0.0,0.0,22.0,0.0,48.0,2,9.0,32.0,3,9.0,3.0,2.0,1.0,14,2.0,1,48,3.0,3.0,34,5.0,3,13,2,2.0,3.0,7.0,0,3,3.0,1.0,5,2,9,4,1,1.0,2026-07-17 21:15:14
2024-05-16,Thursday,Weekday,281.0,1.0,0.0,8.0,9.0,2.0,7.0,31.0,0,6.0,15.0,0,14.0,36.0,0.0,17.0,3,1.0,7,0,6.0,0.0,11,5.0,5,2,3,2.0,11.0,2.0,9,3,8.0,6.0,4,11,7,15,9,5.0,2026-07-17 21:15:14
2024-05-17,Friday,Weekday,246.0,12.0,11.0,5.0,0.0,9.0,2.0,6.0,8,8.0,14.0,9,2.0,2.0,8.0,5.0,11,2.0,2,5,5.0,2.0,4,0.0,0,2,5,12.0,3.0,0.0,9,10,1.0,3.0,1,2,10,26,7,23.0,2026-07-17 21:15:14
2024-05-18,Saturday,Weekend,294.0,6.0,22.0,1.0,1.0,20.0,4.0,4.0,12,5.0,13.0,4,21.0,3.0,9.0,0.0,17,10.0,2,3,4.0,9.0,8,3.0,13,21,1,6.0,12.0,10.0,0,2,1.0,8.0,9,2,7,4,15,2.0,2026-07-17 21:15:14
2024-05-19,Sunday,Weekend,277.0,4.0,7.0,11.0,6.0,3.0,8.0,8.0,6,1.0,0.0,9,15.0,9.0,10.0,6.0,2,7.0,7,6,19.0,3.0,0,15.0,1,7,11,2.0,11.0,2.0,9,1,6.0,6.0,4,8,20,10,14,3.0,2026-07-17 21:15:14
2024-05-20,Monday,Weekday,264.0,5.0,2.0,24.0,0.0,5.0,2.0,3.0,16,3.0,25.0,4,12.0,5.0,4.0,5.0,4,1.0,1,1,4.0,6.0,4,9.0,31,3,4,1.0,4.0,11.0,1,1,2.0,9.0,4,22,23,1,0,2.0,2026-07-17 21:15:14
2024-05-21,Tuesday,Weekday,332.0,2.0,5.0,3.0,2.0,0.0,16.0,23.0,2,3.0,0.0,16,25.0,3.0,4.0,4.0,6,10.0,6,28,0.0,12.0,3,3.0,11,22,9,12.0,11.0,4.0,12,10,5.0,5.0,10,14,5,14,11,1.0,2026-07-17 21:15:14
2024-05-22,Wednesday,Weekday,131.0,4.0,1.0,0.0,3.0,12.0,0.0,5.0,3,6.0,9.0,6,5.0,6.0,1.0,2.0,1,5.0,1,1,6.0,4.0,6,1.0,1,1,0,1.0,1.0,0.0,3,1,0.0,3.0,4,6,2,10,7,3.0,2026-07-17 21:15:14
2024-05-23,Thursday,Weekday,186.0,1.0,0.0,4.0,3.0,18.0,3.0,25.0,7,10.0,1.0,1,7.0,6.0,1.0,6.0,3,0.0,3,11,3.0,5.0,0,5.0,12,2,1,4.0,10.0,1.0,2,1,2.0,3.0,7,2,5,7,1,3.0,2026-07-17 21:15:14
2024-05-24,Friday,Weekday,290.0,7.0,2.0,0.0,4.0,5.0,1.0,24.0,5,14.0,2.0,20,10.0,13.0,3.0,5.0,7,10.0,12,0,13.0,17.0,6,1.0,11,5,12,14.0,0.0,7.0,5,13,2.0,2.0,13,2,12,2,4,5.0,2026-07-17 21:15:14
2024-05-25,Saturday,Weekend,345.0,5.0,30.0,1.0,5.0,6.0,8.0,5.0,1,28.0,7.0,3,7.0,3.0,1.0,1.0,2,2.0,4,9,9.0,0.0,25,17.0,34,5,11,2.0,16.0,1.0,3,5,8.0,6.0,1,5,36,21,6,6.0,2026-07-17 21:15:14
2024-05-26,Sunday,Weekend,484.0,1.0,2.0,3.0,7.0,29.0,8.0,1.0,7,2.0,32.0,2,8.0,16.0,4.0,1.0,12,1.0,13,19,5.0,9.0,37,10.0,71,2,17,14.0,26.0,1.0,5,2,35.0,7.0,31,5,1,5,10,23.0,2026-07-17 21:15:14
2024-05-27,Monday,Weekday,227.0,4.0,13.0,1.0,9.0,14.0,2.0,0.0,2,0.0,22.0,20,9.0,9.0,2.0,0.0,10,5.0,9,11,5.0,1.0,11,5.0,12,4,1,1.0,9.0,4.0,4,4,4.0,1.0,2,3,6,4,1,3.0,2026-07-17 21:15:14
2024-05-28,Tuesday,Weekday,145.0,2.0,2.0,28.0,0.0,7.0,1.0,7.0,12,3.0,10.0,1,1.0,2.0,2.0,2.0,2,2.0,5,1,0.0,2.0,3,0.0,1,4,1,10.0,1.0,0.0,2,15,4.0,1.0,0,2,1,4,3,1.0,2026-07-17 21:15:14
2024-05-29,Wednesday,Weekday,228.0,0.0,10.0,6.0,14.0,4.0,7.0,1.0,3,8.0,16.0,3,12.0,8.0,3.0,16.0,6,9.0,6,4,12.0,2.0,0,17.0,11,3,1,9.0,0.0,3.0,0,6,0.0,7.0,8,5,2,1,2,3.0,2026-07-17 21:15:14
2024-05-30,Thursday,Weekday,182.0,6.0,1.0,6.0,5.0,4.0,2.0,10.0,7,22.0,3.0,10,0.0,2.0,3.0,3.0,4,1.0,10,5,12.0,0.0,5,2.0,4,8,1,1.0,7.0,3.0,1,2,2.0,5.0,0,4,5,6,8,2.0,2026-07-17 21:15:14
2024-05-31,Friday,Weekday,360.0,5.0,1.0,5.0,0.0,30.0,17.0,6.0,4,2.0,32.0,26,4.0,10.0,4.0,2.0,0,10.0,2,0,3.0,5.0,14,2.0,30,4,4,2.0,4.0,0.0,4,20,10.0,21.0,1,7,2,15,37,15.0,2026-07-17 21:15:14
2024-06-01,Saturday,Weekend,408.0,1.0,5.0,0.0,1.0,2.0,3.0,6.0,7,8.0,30.0,2,2.0,16.0,13.0,3.0,25,7.0,7,9,5.0,12.0,8,5.0,34,6,16,6.0,8.0,4.0,24,20,0.0,1.0,33,30,16,9,22,2.0,2026-07-17 21:15:14
2024-06-02,Sunday,Weekend,431.0,10.0,5.0,12.0,0.0,16.0,6.0,19.0,13,20.0,36.0,6,2.0,10.0,26.0,1.0,9,1.0,0,14,14.0,12.0,21,1.0,1,23,8,4.0,17.0,27.0,13,17,3.0,4.0,21,11,4,10,11,3.0,2026-07-17 21:15:14
2024-06-03,Monday,Weekday,188.0,3.0,0.0,1.0,6.0,2.0,1.0,10.0,5,3.0,2.0,2,5.0,1.0,4.0,2.0,3,1.0,1,13,20.0,3.0,7,6.0,1,3,2,4.0,4.0,14.0,9,9,10.0,7.0,2,1,6,6,2,7.0,2026-07-17 21:15:14
2024-06-04,Tuesday,Weekday,185.0,11.0,3.0,3.0,8.0,0.0,1.0,8.0,5,3.0,12.0,2,4.0,5.0,1.0,1.0,9,1.0,1,3,0.0,8.0,0,5.0,2,7,3,2.0,17.0,0.0,4,16,4.0,5.0,0,0,0,18,11,2.0,2026-07-17 21:15:14
2024-06-05,Wednesday,Weekday,140.0,1.0,1.0,2.0,1.0,7.0,6.0,6.0,4,6.0,6.0,3,2.0,1.0,4.0,11.0,3,10.0,0,7,7.0,4.0,8,4.0,1,1,3,9.0,0.0,3.0,6,1,1.0,1.0,1,1,1,1,3,3.0,2026-07-17 21:15:14
2024-06-06,Thursday,Weekday,154.0,3.0,2.0,10.0,8.0,17.0,2.0,7.0,5,1.0,0.0,4,1.0,1.0,3.0,4.0,9,3.0,4,1,5.0,2.0,7,2.0,3,2,6,12.0,2.0,3.0,4,6,3.0,0.0,2,3,2,1,0,4.0,2026-07-17 21:15:14
2024-06-07,Friday,Weekday,217.0,16.0,10.0,5.0,9.0,2.0,4.0,0.0,7,19.0,13.0,4,7.0,13.0,1.0,10.0,1,10.0,0,1,7.0,1.0,1,5.0,9,1,10,9.0,4.0,6.0,0,2,1.0,1.0,2,3,8,4,10,1.0,2026-07-17 21:15:14
2024-06-08,Saturday,Weekend,293.0,1.0,7.0,1.0,18.0,12.0,7.0,5.0,6,7.0,0.0,1,7.0,3.0,17.0,3.0,1,3.0,6,1,1.0,4.0,5,18.0,21,2,1,10.0,19.0,44.0,0,4,13.0,15.0,1,14,6,1,6,2.0,2026-07-17 21:15:14
2024-06-09,Sunday,Weekend,570.0,18.0,25.0,35.0,9.0,0.0,4.0,11.0,21,10.0,18.0,14,3.0,20.0,9.0,27.0,21,1.0,12,23,1.0,26.0,5,10.0,44,17,10,0.0,3.0,16.0,10,8,37.0,6.0,11,15,19,12,6,33.0,2026-07-17 21:15:14
2024-06-10,Monday,Weekday,253.0,2.0,4.0,9.0,0.0,17.0,4.0,9.0,11,20.0,7.0,14,2.0,10.0,1.0,0.0,1,3.0,0,7,3.0,11.0,0,1.0,5,4,1,43.0,4.0,10.0,1,15,3.0,15.0,2,0,6,6,1,1.0,2026-07-17 21:15:14
2024-06-11,Tuesday,Weekday,230.0,6.0,0.0,3.0,4.0,7.0,0.0,4.0,0,1.0,5.0,14,0.0,1.0,6.0,3.0,5,28.0,21,2,5.0,12.0,0,3.0,2,1,25,6.0,3.0,8.0,2,8,1.0,1.0,1,4,2,1,27,8.0,2026-07-17 21:15:14
2024-06-12,Wednesday,Weekday,210.0,5.0,11.0,17.0,8.0,6.0,10.0,5.0,1,2.0,4.0,15,6.0,9.0,7.0,2.0,6,1.0,2,8,5.0,8.0,1,6.0,1,4,3,4.0,1.0,2.0,6,3,3.0,3.0,13,14,3,2,3,0.0,2026-07-17 21:15:14
2024-06-13,Thursday,Weekday,249.0,2.0,2.0,1.0,5.0,4.0,1.0,12.0,10,10.0,4.0,0,0.0,2.0,1.0,10.0,23,9.0,8,4,8.0,18.0,4,1.0,2,4,2,15.0,5.0,6.0,0,2,2.0,5.0,2,19,8,7,10,21.0,2026-07-17 21:15:14
2024-06-14,Friday,Weekday,282.0,2.0,10.0,1.0,5.0,0.0,6.0,6.0,7,9.0,10.0,1,11.0,5.0,7.0,29.0,1,5.0,8,1,4.0,12.0,2,5.0,6,9,7,15.0,4.0,7.0,8,1,20.0,13.0,1,8,12,4,12,8.0,2026-07-17 21:15:14
2024-06-15,Saturday,Weekend,396.0,8.0,1.0,4.0,5.0,16.0,5.0,1.0,4,5.0,16.0,10,4.0,1.0,2.0,3.0,10,2.0,5,9,29.0,51.0,21,10.0,9,12,17,21.0,5.0,4.0,5,7,10.0,15.0,4,4,49,2,2,8.0,2026-07-17 21:15:14
2024-06-16,Sunday,Weekend,437.0,3.0,7.0,4.0,2.0,18.0,5.0,6.0,3,19.0,7.0,6,3.0,8.0,10.0,9.0,51,31.0,11,0,11.0,1.0,17,6.0,24,35,6,8.0,11.0,3.0,33,7,2.0,18.0,3,2,14,12,9,12.0,2026-07-17 21:15:14
2024-06-17,Monday,Weekday,209.0,2.0,5.0,4.0,19.0,0.0,2.0,15.0,23,11.0,0.0,5,3.0,10.0,0.0,1.0,4,1.0,7,11,7.0,4.0,13,1.0,1,4,0,0.0,2.0,19.0,15,3,1.0,1.0,2,1,0,6,4,2.0,2026-07-17 21:15:14
2024-06-18,Tuesday,Weekday,183.0,7.0,5.0,4.0,1.0,19.0,5.0,1.0,4,3.0,7.0,3,3.0,8.0,5.0,0.0,0,2.0,3,2,4.0,1.0,8,7.0,1,7,18,1.0,12.0,4.0,5,0,6.0,3.0,6,9,5,2,1,1.0,2026-07-17 21:15:14
2024-06-19,Wednesday,Weekday,251.0,9.0,1.0,3.0,3.0,21.0,3.0,37.0,8,13.0,0.0,1,1.0,5.0,9.0,1.0,1,6.0,1,4,0.0,7.0,4,6.0,1,1,10,8.0,7.0,7.0,0,10,9.0,4.0,14,1,11,22,2,0.0,2026-07-17 21:15:14
2024-06-20,Thursday,Weekday,225.0,6.0,0.0,11.0,0.0,12.0,2.0,1.0,13,9.0,4.0,1,7.0,10.0,7.0,6.0,1,13.0,6,4,4.0,5.0,11,9.0,12,4,6,12.0,1.0,5.0,5,11,0.0,1.0,1,2,2,5,11,5.0,2026-07-17 21:15:14
2024-06-21,Friday,Weekday,212.0,1.0,9.0,5.0,1.0,5.0,6.0,8.0,5,1.0,16.0,2,10.0,6.0,2.0,1.0,2,1.0,1,6,5.0,6.0,6,11.0,15,2,5,0.0,2.0,7.0,4,8,3.0,1.0,12,0,1,2,31,3.0,2026-07-17 21:15:14
2024-06-22,Saturday,Weekend,432.0,8.0,12.0,12.0,21.0,13.0,41.0,21.0,7,5.0,50.0,14,11.0,15.0,10.0,2.0,4,9.0,0,7,17.0,2.0,1,19.0,13,2,20,14.0,4.0,5.0,2,17,7.0,8.0,23,0,1,2,0,13.0,2026-07-17 21:15:14
2024-06-23,Sunday,Weekend,319.0,5.0,1.0,1.0,1.0,36.0,8.0,7.0,3,4.0,1.0,46,12.0,7.0,7.0,5.0,2,2.0,6,1,1.0,5.0,23,18.0,0,1,8,14.0,24.0,17.0,9,1,1.0,0.0,6,0,13,9,1,13.0,2026-07-17 21:15:14
2024-06-24,Monday,Weekday,227.0,4.0,12.0,16.0,1.0,4.0,1.0,10.0,5,16.0,2.0,7,30.0,6.0,0.0,6.0,1,0.0,3,1,9.0,3.0,8,0.0,0,0,1,3.0,6.0,24.0,3,0,1.0,12.0,6,10,2,1,1,12.0,2026-07-17 21:15:14
2024-06-25,Tuesday,Weekday,214.0,0.0,5.0,4.0,5.0,2.0,6.0,0.0,30,0.0,0.0,3,9.0,1.0,3.0,0.0,0,5.0,1,9,9.0,12.0,1,4.0,19,10,1,4.0,15.0,4.0,11,3,1.0,1.0,0,1,20,6,5,4.0,2026-07-17 21:15:14
2024-06-26,Wednesday,Weekday,275.0,1.0,1.0,17.0,5.0,5.0,31.0,3.0,10,12.0,2.0,0,22.0,4.0,0.0,5.0,8,10.0,17,13,15.0,0.0,9,1.0,1,11,4,16.0,0.0,9.0,2,1,2.0,2.0,2,19,10,1,1,3.0,2026-07-17 21:15:14
2024-06-27,Thursday,Weekday,227.0,1.0,4.0,1.0,7.0,0.0,4.0,7.0,1,7.0,6.0,5,2.0,13.0,5.0,3.0,2,0.0,2,24,3.0,12.0,1,3.0,18,0,4,11.0,13.0,11.0,11,5,1.0,6.0,16,5,2,5,5,1.0,2026-07-17 21:15:14
2024-06-28,Friday,Weekday,239.0,6.0,6.0,7.0,4.0,2.0,6.0,6.0,2,3.0,4.0,4,21.0,9.0,14.0,5.0,6,2.0,8,4,10.0,3.0,2,2.0,11,2,3,20.0,6.0,2.0,2,2,4.0,9.0,3,14,1,2,20,2.0,2026-07-17 21:15:14
2024-06-29,Saturday,Weekend,454.0,26.0,11.0,1.0,9.0,15.0,24.0,6.0,7,1.0,21.0,2,1.0,70.0,4.0,2.0,12,17.0,1,1,1.0,0.0,13,11.0,12,8,21,10.0,30.0,9.0,21,4,6.0,17.0,1,9,19,18,8,5.0,2026-07-17 21:15:14
2024-06-30,Sunday,Weekend,388.0,3.0,24.0,5.0,20.0,0.0,3.0,5.0,12,4.0,0.0,2,3.0,2.0,3.0,15.0,6,6.0,35,7,31.0,4.0,6,7.0,8,9,3,19.0,8.0,0.0,9,15,2.0,0.0,14,40,1,32,3,22.0,2026-07-17 21:15:14
2024-07-01,Monday,Weekday,244.0,7.0,12.0,12.0,0.0,0.0,5.0,1.0,4,23.0,4.0,4,3.0,6.0,1.0,1.0,13,12.0,11,12,4.0,9.0,3,2.0,3,1,3,3.0,6.0,3.0,9,3,16.0,0.0,6,8,28,3,2,1.0,2026-07-17 21:15:14
2024-07-02,Tuesday,Weekday,323.0,1.0,5.0,17.0,5.0,3.0,2.0,2.0,26,19.0,4.0,1,21.0,0.0,9.0,25.0,7,0.0,1,23,0.0,6.0,15,17.0,6,1,10,3.0,4.0,17.0,2,0,3.0,6.0,9,17,14,9,9,4.0,2026-07-17 21:15:14
2024-07-03,Wednesday,Weekday,258.0,3.0,6.0,0.0,3.0,6.0,7.0,6.0,10,6.0,29.0,4,6.0,0.0,3.0,18.0,4,3.0,6,1,6.0,3.0,4,16.0,10,6,6,14.0,15.0,1.0,3,3,1.0,0.0,1,15,11,4,7,11.0,2026-07-17 21:15:14
2024-07-04,Thursday,Weekday,311.0,4.0,5.0,0.0,11.0,7.0,5.0,6.0,10,9.0,9.0,0,11.0,18.0,12.0,39.0,2,1.0,7,1,0.0,5.0,4,4.0,28,3,3,2.0,12.0,12.0,1,1,10.0,4.0,30,7,3,20,2,3.0,2026-07-17 21:15:14
2024-07-05,Friday,Weekday,427.0,3.0,19.0,3.0,4.0,0.0,19.0,4.0,3,13.0,20.0,22,6.0,19.0,6.0,1.0,24,10.0,13,35,9.0,0.0,29,4.0,10,3,5,17.0,8.0,13.0,21,4,8.0,18.0,16,10,12,7,5,4.0,2026-07-17 21:15:14
2024-07-06,Saturday,Weekend,671.0,17.0,1.0,74.0,25.0,8.0,0.0,21.0,23,60.0,8.0,1,36.0,6.0,23.0,1.0,26,2.0,25,13,57.0,0.0,6,2.0,37,12,14,1.0,12.0,7.0,7,18,1.0,16.0,23,38,32,5,12,1.0,2026-07-17 21:15:14
2024-07-07,Sunday,Weekend,201.0,1.0,5.0,12.0,1.0,1.0,4.0,1.0,6,2.0,1.0,5,13.0,6.0,11.0,2.0,12,2.0,12,4,2.0,2.0,5,1.0,16,2,3,2.0,0.0,8.0,5,9,0.0,14.0,2,14,1,8,4,2.0,2026-07-17 21:15:14
2024-07-08,Monday,Weekday,186.0,0.0,3.0,0.0,3.0,4.0,4.0,17.0,1,1.0,2.0,5,9.0,11.0,9.0,6.0,14,1.0,8,5,1.0,0.0,1,6.0,3,1,4,0.0,5.0,5.0,14,0,6.0,1.0,2,2,5,17,3,7.0,2026-07-17 21:15:14
2024-07-09,Tuesday,Weekday,216.0,0.0,3.0,5.0,2.0,35.0,7.0,4.0,8,4.0,0.0,5,4.0,24.0,0.0,5.0,1,1.0,6,1,10.0,5.0,1,3.0,0,13,0,0.0,5.0,25.0,11,1,1.0,5.0,9,2,5,1,1,3.0,2026-07-17 21:15:14
2024-07-10,Wednesday,Weekday,280.0,0.0,0.0,2.0,5.0,0.0,5.0,25.0,0,9.0,25.0,4,2.0,0.0,9.0,7.0,2,16.0,11,3,12.0,4.0,9,2.0,13,3,9,2.0,11.0,0.0,2,1,0.0,11.0,32,15,21,0,1,7.0,2026-07-17 21:15:14
2024-07-11,Thursday,Weekday,287.0,15.0,4.0,1.0,1.0,3.0,3.0,6.0,0,11.0,23.0,13,16.0,0.0,19.0,2.0,12,1.0,4,0,0.0,17.0,9,5.0,5,7,1,8.0,4.0,5.0,20,2,4.0,12.0,13,32,7,1,1,0.0,2026-07-17 21:15:14
2024-07-12,Friday,Weekday,337.0,9.0,1.0,6.0,20.0,30.0,0.0,2.0,15,7.0,18.0,13,4.0,4.0,4.0,7.0,4,8.0,17,3,23.0,8.0,16,0.0,3,2,2,2.0,13.0,4.0,22,4,2.0,5.0,30,6,0,17,1,5.0,2026-07-17 21:15:14
2024-07-13,Saturday,Weekend,491.0,8.0,3.0,4.0,40.0,44.0,8.0,3.0,1,2.0,15.0,4,0.0,7.0,19.0,26.0,15,16.0,7,9,20.0,18.0,9,10.0,35,12,15,22.0,1.0,10.0,39,5,6.0,12.0,3,11,4,12,9,7.0,2026-07-17 21:15:14
2024-07-14,Sunday,Weekend,389.0,5.0,4.0,4.0,8.0,6.0,14.0,13.0,2,1.0,0.0,9,4.0,0.0,6.0,36.0,14,23.0,2,1,0.0,35.0,3,7.0,6,14,4,6.0,52.0,6.0,10,6,15.0,3.0,2,16,9,27,8,8.0,2026-07-17 21:15:14
2024-07-15,Monday,Weekday,236.0,1.0,7.0,7.0,5.0,2.0,13.0,3.0,1,27.0,12.0,3,17.0,0.0,0.0,7.0,1,13.0,12,1,13.0,0.0,5,18.0,11,3,1,1.0,4.0,5.0,0,2,8.0,2.0,1,16,2,9,1,2.0,2026-07-17 21:15:14
2024-07-16,Tuesday,Weekday,206.0,3.0,3.0,3.0,1.0,6.0,2.0,1.0,18,11.0,14.0,5,1.0,4.0,7.0,0.0,3,3.0,2,2,17.0,5.0,2,3.0,2,5,10,4.0,7.0,2.0,3,4,6.0,4.0,14,7,11,8,1,2.0,2026-07-17 21:15:14
2024-07-17,Wednesday,Weekday,287.0,6.0,4.0,13.0,0.0,3.0,13.0,0.0,1,3.0,15.0,4,21.0,2.0,14.0,2.0,1,4.0,0,3,3.0,1.0,13,3.0,30,13,2,6.0,6.0,10.0,17,5,0.0,5.0,14,7,17,7,0,19.0,2026-07-17 21:15:14
2024-07-18,Thursday,Weekday,141.0,7.0,1.0,1.0,3.0,8.0,1.0,1.0,3,2.0,2.0,3,8.0,4.0,4.0,4.0,2,1.0,1,2,9.0,6.0,4,8.0,7,10,1,4.0,3.0,5.0,1,3,2.0,5.0,4,1,1,4,2,3.0,2026-07-17 21:15:14
2024-07-19,Friday,Weekday,267.0,6.0,11.0,2.0,7.0,21.0,15.0,3.0,2,2.0,29.0,4,5.0,0.0,0.0,8.0,6,6.0,2,3,12.0,2.0,15,2.0,2,4,23,3.0,7.0,7.0,2,1,15.0,2.0,8,23,2,3,1,1.0,2026-07-17 21:15:14
2024-07-20,Saturday,Weekend,346.0,1.0,8.0,12.0,9.0,35.0,2.0,3.0,4,2.0,3.0,6,18.0,32.0,1.0,18.0,15,4.0,1,39,9.0,31.0,6,4.0,2,33,2,0.0,6.0,4.0,2,7,3.0,3.0,0,8,1,1,8,3.0,2026-07-17 21:15:14
2024-07-21,Sunday,Weekend,502.0,1.0,12.0,3.0,6.0,23.0,17.0,19.0,9,11.0,33.0,3,2.0,16.0,8.0,21.0,5,6.0,37,10,13.0,1.0,2,0.0,9,74,29,16.0,26.0,12.0,7,2,14.0,4.0,8,23,3,3,3,11.0,2026-07-17 21:15:14
2024-07-22,Monday,Weekday,174.0,0.0,4.0,2.0,4.0,3.0,17.0,3.0,8,7.0,5.0,1,4.0,6.0,3.0,0.0,0,2.0,1,13,1.0,3.0,7,10.0,4,1,2,3.0,2.0,2.0,1,11,0.0,3.0,17,5,3,1,15,0.0,2026-07-17 21:15:14
2024-07-23,Tuesday,Weekday,266.0,8.0,11.0,0.0,10.0,84.0,5.0,5.0,13,5.0,13.0,6,0.0,1.0,0.0,1.0,0,4.0,1,15,9.0,5.0,5,1.0,4,6,8,0.0,9.0,10.0,6,1,6.0,3.0,3,3,2,1,1,1.0,2026-07-17 21:15:14
2024-07-24,Wednesday,Weekday,176.0,1.0,1.0,1.0,7.0,12.0,1.0,2.0,9,3.0,3.0,4,2.0,4.0,20.0,2.0,13,2.0,3,3,9.0,0.0,4,5.0,3,0,1,5.0,10.0,2.0,4,1,2.0,1.0,5,19,8,1,3,0.0,2026-07-17 21:15:14
2024-07-25,Thursday,Weekday,199.0,2.0,2.0,2.0,8.0,6.0,13.0,1.0,2,2.0,2.0,31,2.0,13.0,2.0,1.0,1,12.0,0,24,5.0,1.0,6,1.0,0,12,4,5.0,1.0,0.0,2,3,8.0,3.0,7,1,0,1,7,6.0,2026-07-17 21:15:14
2024-07-26,Friday,Weekday,272.0,3.0,0.0,9.0,14.0,20.0,1.0,5.0,12,1.0,10.0,3,2.0,24.0,19.0,5.0,1,10.0,1,1,3.0,7.0,0,6.0,0,15,20,10.0,4.0,1.0,10,15,1.0,4.0,3,3,5,19,1,4.0,2026-07-17 21:15:14
2024-07-27,Saturday,Weekend,542.0,26.0,6.0,26.0,1.0,53.0,3.0,42.0,3,8.0,6.0,8,2.0,39.0,4.0,15.0,1,21.0,8,38,7.0,2.0,6,15.0,11,15,1,9.0,31.0,1.0,1,12,3.0,10.0,9,48,34,10,4,3.0,2026-07-17 21:15:14
2024-07-28,Sunday,Weekend,483.0,21.0,12.0,19.0,8.0,2.0,5.0,3.0,19,16.0,1.0,12,25.0,18.0,9.0,5.0,27,6.0,24,21,22.0,50.0,19,0.0,2,0,2,1.0,11.0,0.0,7,27,16.0,32.0,3,10,8,10,10,0.0,2026-07-17 21:15:14
2024-07-29,Monday,Weekday,160.0,2.0,6.0,7.0,6.0,2.0,2.0,1.0,14,10.0,0.0,1,5.0,1.0,14.0,8.0,2,0.0,9,3,6.0,2.0,1,6.0,3,1,1,5.0,7.0,2.0,6,1,2.0,7.0,6,2,2,0,7,0.0,2026-07-17 21:15:14
2024-07-30,Tuesday,Weekday,356.0,3.0,5.0,6.0,18.0,3.0,8.0,0.0,8,1.0,3.0,4,17.0,17.0,6.0,2.0,4,8.0,17,39,10.0,5.0,13,3.0,13,1,4,0.0,6.0,10.0,18,17,41.0,0.0,6,8,24,4,0,4.0,2026-07-17 21:15:14
2024-07-31,Wednesday,Weekday,290.0,28.0,15.0,5.0,16.0,0.0,3.0,11.0,1,1.0,21.0,6,32.0,1.0,3.0,3.0,18,2.0,3,1,12.0,2.0,0,4.0,3,1,1,18.0,0.0,0.0,2,19,0.0,10.0,16,3,3,9,8,9.0,2026-07-17 21:15:14
2024-08-01,Thursday,Weekday,228.0,11.0,2.0,9.0,1.0,8.0,6.0,1.0,0,1.0,5.0,20,6.0,9.0,1.0,1.0,3,3.0,7,20,4.0,6.0,0,0.0,1,8,6,1.0,8.0,7.0,1,6,10.0,2.0,8,1,17,22,4,2.0,2026-07-17 21:15:14
2024-08-02,Friday,Weekday,217.0,2.0,1.0,0.0,4.0,0.0,1.0,6.0,4,0.0,6.0,10,0.0,2.0,5.0,5.0,1,2.0,7,13,7.0,15.0,5,12.0,5,11,2,7.0,1.0,0.0,3,1,0.0,14.0,4,12,45,2,1,1.0,2026-07-17 21:15:14
2024-08-03,Saturday,Weekend,483.0,7.0,11.0,9.0,7.0,4.0,7.0,1.0,28,1.0,10.0,1,23.0,5.0,1.0,12.0,34,36.0,4,17,0.0,3.0,10,3.0,21,37,0,3.0,8.0,9.0,37,25,10.0,2.0,17,4,65,0,10,1.0,2026-07-17 21:15:14
2024-08-04,Sunday,Weekend,351.0,3.0,5.0,10.0,13.0,12.0,2.0,21.0,15,2.0,18.0,29,9.0,2.0,8.0,4.0,9,7.0,22,9,2.0,12.0,2,3.0,4,0,27,7.0,12.0,3.0,10,6,4.0,22.0,4,9,0,3,13,8.0,2026-07-17 21:15:14
2024-08-05,Monday,Weekday,138.0,3.0,8.0,3.0,4.0,3.0,3.0,1.0,1,12.0,1.0,1,0.0,1.0,1.0,0.0,3,4.0,6,15,4.0,1.0,0,7.0,4,1,1,6.0,4.0,4.0,1,3,5.0,6.0,4,3,5,2,1,6.0,2026-07-17 21:15:14
2024-08-06,Tuesday,Weekday,172.0,3.0,2.0,13.0,14.0,5.0,0.0,2.0,9,1.0,35.0,0,3.0,2.0,1.0,9.0,3,1.0,2,4,1.0,7.0,1,1.0,1,0,1,24.0,0.0,1.0,1,2,4.0,4.0,0,4,4,2,1,4.0,2026-07-17 21:15:14
2024-08-07,Wednesday,Weekday,190.0,1.0,0.0,2.0,3.0,2.0,4.0,11.0,5,3.0,10.0,6,3.0,5.0,7.0,1.0,3,0.0,21,0,1.0,3.0,10,3.0,8,5,3,7.0,0.0,14.0,9,10,7.0,9.0,1,3,2,1,6,1.0,2026-07-17 21:15:14
2024-08-08,Thursday,Weekday,194.0,0.0,5.0,14.0,7.0,13.0,4.0,11.0,3,21.0,0.0,7,6.0,5.0,7.0,10.0,10,1.0,1,0,1.0,1.0,7,3.0,8,4,5,1.0,7.0,6.0,3,2,1.0,6.0,6,5,2,1,0,0.0,2026-07-17 21:15:14
2024-08-09,Friday,Weekday,481.0,0.0,0.0,10.0,5.0,11.0,9.0,16.0,13,2.0,31.0,32,5.0,0.0,33.0,34.0,0,0.0,22,5,34.0,3.0,22,0.0,3,43,3,3.0,30.0,3.0,0,5,11.0,13.0,25,11,6,5,19,14.0,2026-07-17 21:15:14
2024-08-10,Saturday,Weekend,424.0,19.0,29.0,3.0,7.0,13.0,2.0,1.0,18,8.0,12.0,9,13.0,1.0,10.0,6.0,22,8.0,29,5,35.0,21.0,11,5.0,4,16,9,5.0,10.0,11.0,0,1,1.0,2.0,5,16,7,0,6,44.0,2026-07-17 21:15:14
2024-08-11,Sunday,Weekend,454.0,4.0,38.0,1.0,2.0,32.0,7.0,15.0,25,4.0,24.0,12,29.0,7.0,1.0,13.0,39,0.0,4,5,19.0,5.0,4,14.0,1,3,7,8.0,7.0,1.0,7,17,6.0,9.0,2,1,43,7,5,26.0,2026-07-17 21:15:14
2024-08-12,Monday,Weekday,192.0,3.0,4.0,5.0,0.0,19.0,7.0,1.0,7,2.0,7.0,1,3.0,0.0,4.0,1.0,3,4.0,9,1,8.0,2.0,7,3.0,8,5,2,1.0,15.0,6.0,2,1,4.0,15.0,1,12,0,14,4,1.0,2026-07-17 21:15:14
2024-08-13,Tuesday,Weekday,207.0,1.0,3.0,4.0,14.0,10.0,3.0,12.0,4,9.0,14.0,13,0.0,5.0,4.0,4.0,4,9.0,2,4,1.0,1.0,5,1.0,1,4,0,1.0,9.0,8.0,3,2,11.0,0.0,4,4,11,17,2,3.0,2026-07-17 21:15:14
2024-08-14,Wednesday,Weekday,243.0,5.0,18.0,13.0,6.0,19.0,0.0,2.0,0,1.0,9.0,13,8.0,7.0,0.0,7.0,4,7.0,3,6,4.0,6.0,1,2.0,3,10,8,17.0,7.0,3.0,9,3,1.0,7.0,1,1,12,11,7,2.0,2026-07-17 21:15:14
2024-08-15,Thursday,Weekday,152.0,5.0,3.0,6.0,5.0,4.0,0.0,5.0,4,1.0,7.0,2,2.0,2.0,0.0,1.0,4,1.0,0,22,1.0,4.0,9,4.0,5,13,5,3.0,1.0,3.0,6,6,5.0,3.0,2,1,0,5,1,1.0,2026-07-17 21:15:14
2024-08-16,Friday,Weekday,170.0,7.0,0.0,12.0,0.0,17.0,2.0,0.0,4,11.0,5.0,4,17.0,1.0,6.0,2.0,2,2.0,3,0,2.0,3.0,5,4.0,4,2,14,2.0,1.0,4.0,6,0,1.0,6.0,2,2,13,0,3,1.0,2026-07-17 21:15:14
2024-08-17,Saturday,Weekend,315.0,0.0,1.0,8.0,0.0,12.0,22.0,12.0,4,1.0,8.0,4,34.0,39.0,5.0,1.0,19,12.0,6,4,4.0,22.0,1,12.0,0,21,5,3.0,0.0,7.0,2,8,2.0,1.0,6,6,7,6,5,5.0,2026-07-17 21:15:14
2024-08-18,Sunday,Weekend,505.0,0.0,1.0,1.0,14.0,13.0,6.0,21.0,5,10.0,2.0,18,13.0,19.0,23.0,16.0,23,5.0,5,33,33.0,9.0,5,24.0,5,2,11,0.0,6.0,15.0,4,25,28.0,16.0,42,8,14,19,6,5.0,2026-07-17 21:15:14
2024-08-19,Monday,Weekday,244.0,5.0,5.0,9.0,8.0,14.0,6.0,5.0,1,9.0,0.0,30,9.0,7.0,19.0,6.0,0,5.0,1,4,3.0,10.0,6,5.0,2,5,1,1.0,10.0,2.0,0,2,4.0,9.0,19,10,5,1,1,5.0,2026-07-17 21:15:14
2024-08-20,Tuesday,Weekday,199.0,5.0,8.0,1.0,2.0,4.0,8.0,1.0,6,0.0,8.0,0,1.0,1.0,2.0,2.0,11,1.0,0,5,6.0,2.0,6,11.0,2,5,1,0.0,28.0,2.0,3,22,7.0,5.0,7,8,13,0,3,2.0,2026-07-17 21:15:14
2024-08-21,Wednesday,Weekday,252.0,0.0,2.0,6.0,1.0,2.0,5.0,4.0,13,8.0,28.0,4,7.0,11.0,10.0,7.0,4,1.0,13,8,10.0,1.0,1,3.0,10,14,1,5.0,0.0,3.0,4,7,10.0,2.0,5,5,2,24,10,1.0,2026-07-17 21:15:14
2024-08-22,Thursday,Weekday,260.0,2.0,0.0,4.0,8.0,0.0,11.0,6.0,33,0.0,21.0,10,1.0,2.0,15.0,4.0,2,14.0,0,5,9.0,7.0,1,6.0,9,5,6,1.0,11.0,5.0,26,0,2.0,1.0,3,1,13,14,1,1.0,2026-07-17 21:15:14
2024-08-23,Friday,Weekday,248.0,9.0,2.0,5.0,1.0,4.0,1.0,7.0,4,9.0,4.0,5,1.0,19.0,5.0,1.0,1,0.0,0,5,3.0,21.0,1,12.0,3,1,24,9.0,6.0,7.0,29,4,0.0,0.0,7,7,12,1,14,4.0,2026-07-17 21:15:14
2024-08-24,Saturday,Weekend,727.0,12.0,0.0,52.0,12.0,22.0,33.0,44.0,4,46.0,32.0,0,3.0,10.0,16.0,18.0,5,27.0,28,16,29.0,21.0,3,22.0,41,2,51,0.0,12.0,20.0,24,20,9.0,12.0,13,10,18,26,4,10.0,2026-07-17 21:15:14
2024-08-25,Sunday,Weekend,479.0,1.0,10.0,3.0,8.0,4.0,0.0,8.0,7,6.0,3.0,33,0.0,28.0,18.0,2.0,8,54.0,13,1,8.0,7.0,21,33.0,1,4,4,64.0,9.0,24.0,6,10,4.0,22.0,7,22,5,16,5,0.0,2026-07-17 21:15:14
2024-08-26,Monday,Weekday,243.0,2.0,7.0,1.0,1.0,10.0,3.0,5.0,5,1.0,2.0,18,1.0,10.0,4.0,34.0,0,15.0,5,0,2.0,5.0,4,5.0,21,4,4,14.0,14.0,1.0,10,4,1.0,2.0,0,5,4,5,5,9.0,2026-07-17 21:15:14
2024-08-27,Tuesday,Weekday,150.0,2.0,4.0,10.0,9.0,13.0,1.0,1.0,3,2.0,2.0,1,15.0,1.0,3.0,0.0,5,1.0,1,14,6.0,5.0,14,2.0,6,1,5,0.0,1.0,2.0,0,2,2.0,3.0,0,1,5,4,0,3.0,2026-07-17 21:15:14
2024-08-28,Wednesday,Weekday,322.0,9.0,0.0,4.0,4.0,27.0,1.0,4.0,17,4.0,8.0,0,31.0,13.0,9.0,0.0,0,8.0,2,9,7.0,17.0,1,8.0,13,5,15,1.0,11.0,21.0,4,2,0.0,8.0,7,0,15,14,17,6.0,2026-07-17 21:15:14
2024-08-29,Thursday,Weekday,250.0,4.0,16.0,3.0,10.0,15.0,4.0,1.0,0,6.0,9.0,17,5.0,2.0,6.0,2.0,1,1.0,2,0,2.0,15.0,3,1.0,31,9,0,0.0,10.0,9.0,0,2,23.0,6.0,5,4,2,5,19,0.0,2026-07-17 21:15:14
2024-08-30,Friday,Weekday,227.0,24.0,1.0,2.0,0.0,8.0,3.0,7.0,5,3.0,10.0,0,4.0,2.0,4.0,9.0,2,17.0,13,3,0.0,10.0,13,2.0,14,13,3,9.0,4.0,5.0,2,1,7.0,0.0,4,13,2,3,4,1.0,2026-07-17 21:15:14
2024-08-31,Saturday,Weekend,484.0,19.0,5.0,11.0,4.0,0.0,3.0,0.0,8,11.0,0.0,1,10.0,23.0,12.0,1.0,32,37.0,4,14,8.0,37.0,8,48.0,2,6,21,21.0,21.0,24.0,17,9,6.0,8.0,5,11,8,2,1,26.0,2026-07-17 21:15:14
2024-09-01,Sunday,Weekend,393.0,0.0,1.0,11.0,5.0,11.0,2.0,2.0,22,21.0,2.0,16,12.0,18.0,9.0,4.0,15,7.0,4,8,20.0,9.0,5,22.0,35,8,8,14.0,1.0,16.0,26,7,3.0,0.0,13,5,13,6,3,9.0,2026-07-17 21:15:14
2024-09-02,Monday,Weekday,287.0,6.0,7.0,4.0,1.0,21.0,6.0,12.0,1,1.0,8.0,16,17.0,13.0,0.0,13.0,14,0.0,4,6,1.0,5.0,15,17.0,19,5,4,9.0,3.0,0.0,9,1,0.0,0.0,17,1,7,20,4,0.0,2026-07-17 21:15:14
2024-09-03,Tuesday,Weekday,187.0,4.0,0.0,0.0,9.0,2.0,5.0,4.0,1,3.0,0.0,2,3.0,1.0,5.0,0.0,3,6.0,2,10,4.0,16.0,1,13.0,5,8,14,4.0,9.0,4.0,4,2,1.0,3.0,14,8,9,5,2,1.0,2026-07-17 21:15:14
2024-09-04,Wednesday,Weekday,294.0,1.0,0.0,9.0,17.0,6.0,0.0,4.0,5,6.0,5.0,4,19.0,5.0,14.0,9.0,3,15.0,10,0,0.0,11.0,5,6.0,1,1,14,16.0,7.0,4.0,28,7,13.0,0.0,5,16,6,13,8,1.0,2026-07-17 21:15:14
2024-09-05,Thursday,Weekday,229.0,9.0,0.0,6.0,27.0,26.0,6.0,4.0,6,6.0,0.0,0,5.0,0.0,12.0,4.0,1,3.0,9,14,0.0,7.0,4,5.0,8,1,4,3.0,0.0,0.0,1,4,0.0,3.0,5,11,6,24,0,5.0,2026-07-17 21:15:14
2024-09-06,Friday,Weekday,287.0,0.0,6.0,4.0,7.0,2.0,1.0,8.0,14,1.0,21.0,1,8.0,24.0,1.0,4.0,4,4.0,9,6,23.0,1.0,5,4.0,17,0,34,5.0,7.0,2.0,13,3,5.0,7.0,2,0,16,1,11,6.0,2026-07-17 21:15:14
2024-09-07,Saturday,Weekend,461.0,4.0,7.0,10.0,13.0,27.0,2.0,27.0,8,21.0,4.0,0,9.0,3.0,43.0,1.0,0,0.0,2,8,7.0,5.0,1,2.0,3,13,14,14.0,32.0,18.0,7,5,20.0,7.0,3,9,71,17,3,21.0,2026-07-17 21:15:14
2024-09-08,Sunday,Weekend,473.0,27.0,1.0,24.0,23.0,0.0,10.0,4.0,12,27.0,10.0,6,26.0,39.0,1.0,29.0,1,5.0,14,15,12.0,0.0,1,29.0,1,1,18,11.0,5.0,2.0,23,35,0.0,8.0,4,17,6,14,7,5.0,2026-07-17 21:15:14
2024-09-09,Monday,Weekday,203.0,7.0,2.0,8.0,2.0,2.0,2.0,2.0,2,8.0,7.0,9,3.0,1.0,0.0,9.0,0,0.0,0,2,4.0,0.0,3,3.0,6,8,6,2.0,1.0,10.0,1,2,9.0,15.0,8,25,15,5,1,13.0,2026-07-17 21:15:14
2024-09-10,Tuesday,Weekday,185.0,8.0,1.0,4.0,0.0,27.0,4.0,1.0,2,22.0,7.0,3,4.0,1.0,0.0,5.0,4,3.0,5,0,18.0,2.0,0,1.0,1,1,3,6.0,2.0,3.0,12,2,8.0,1.0,1,3,2,14,0,4.0,2026-07-17 21:15:14
2024-09-11,Wednesday,Weekday,222.0,7.0,0.0,9.0,4.0,16.0,10.0,2.0,5,2.0,2.0,0,24.0,4.0,0.0,0.0,2,0.0,4,0,0.0,7.0,14,5.0,16,0,11,0.0,13.0,15.0,11,9,5.0,2.0,7,5,0,5,6,0.0,2026-07-17 21:15:14
2024-09-12,Thursday,Weekday,329.0,8.0,9.0,1.0,4.0,36.0,13.0,4.0,4,3.0,0.0,4,22.0,33.0,12.0,4.0,1,6.0,10,4,11.0,12.0,12,6.0,13,0,11,1.0,3.0,0.0,3,33,2.0,17.0,1,3,10,4,6,3.0,2026-07-17 21:15:14
2024-09-13,Friday,Weekday,304.0,10.0,2.0,5.0,3.0,15.0,7.0,3.0,2,7.0,29.0,2,10.0,4.0,4.0,20.0,6,10.0,5,2,8.0,19.0,12,2.0,5,6,5,2.0,2.0,10.0,7,9,14.0,1.0,12,7,27,2,1,7.0,2026-07-17 21:15:14
2024-09-14,Saturday,Weekend,447.0,25.0,20.0,16.0,6.0,19.0,13.0,15.0,12,0.0,18.0,6,39.0,8.0,10.0,54.0,1,3.0,11,4,5.0,28.0,10,1.0,4,1,9,2.0,25.0,9.0,1,4,8.0,3.0,6,23,6,5,14,3.0,2026-07-17 21:15:14
2024-09-15,Sunday,Weekend,374.0,1.0,2.0,31.0,30.0,4.0,7.0,2.0,12,2.0,2.0,22,5.0,1.0,21.0,23.0,13,33.0,8,2,1.0,4.0,1,8.0,0,7,2,8.0,15.0,5.0,5,42,10.0,7.0,9,12,0,1,12,4.0,2026-07-17 21:15:14
2024-09-16,Monday,Weekday,296.0,0.0,2.0,2.0,23.0,2.0,1.0,7.0,7,8.0,9.0,5,12.0,2.0,4.0,27.0,1,3.0,1,0,3.0,0.0,3,3.0,0,14,15,6.0,41.0,10.0,12,1,14.0,21.0,1,11,16,4,4,1.0,2026-07-17 21:15:14
2024-09-17,Tuesday,Weekday,209.0,2.0,0.0,5.0,7.0,26.0,3.0,3.0,0,12.0,5.0,7,0.0,4.0,2.0,0.0,8,5.0,3,9,4.0,0.0,17,3.0,10,11,1,4.0,0.0,3.0,8,1,1.0,4.0,4,7,13,6,10,1.0,2026-07-17 21:15:14
2024-09-18,Wednesday,Weekday,171.0,2.0,2.0,14.0,2.0,21.0,4.0,5.0,3,2.0,4.0,1,9.0,7.0,7.0,2.0,0,4.0,2,7,6.0,1.0,3,4.0,3,3,1,1.0,5.0,0.0,6,2,9.0,18.0,3,2,3,1,0,2.0,2026-07-17 21:15:14
2024-09-19,Thursday,Weekday,282.0,12.0,1.0,6.0,6.0,32.0,1.0,1.0,17,0.0,11.0,8,3.0,6.0,13.0,2.0,1,4.0,6,7,18.0,22.0,1,3.0,1,22,3,4.0,11.0,6.0,1,4,6.0,7.0,7,1,4,9,15,0.0,2026-07-17 21:15:14
2024-09-20,Friday,Weekday,230.0,1.0,6.0,4.0,1.0,5.0,15.0,5.0,3,8.0,2.0,3,5.0,5.0,15.0,2.0,0,14.0,1,4,4.0,20.0,4,3.0,6,16,9,2.0,12.0,10.0,7,4,2.0,5.0,7,1,2,2,9,6.0,2026-07-17 21:15:14
2024-09-21,Saturday,Weekend,379.0,4.0,11.0,12.0,23.0,2.0,6.0,10.0,2,4.0,6.0,16,5.0,6.0,5.0,2.0,20,4.0,7,2,4.0,20.0,46,4.0,2,4,4,9.0,6.0,12.0,11,2,11.0,13.0,8,25,16,10,18,7.0,2026-07-17 21:15:14
2024-09-22,Sunday,Weekend,569.0,11.0,6.0,39.0,3.0,17.0,13.0,16.0,18,13.0,8.0,32,20.0,36.0,7.0,18.0,23,8.0,31,0,16.0,14.0,13,18.0,3,20,6,11.0,6.0,14.0,16,27,11.0,6.0,10,23,10,11,11,4.0,2026-07-17 21:15:14
2024-09-23,Monday,Weekday,205.0,2.0,2.0,2.0,0.0,8.0,1.0,2.0,1,7.0,15.0,6,5.0,7.0,0.0,1.0,0,0.0,1,4,1.0,18.0,12,18.0,0,12,9,13.0,3.0,8.0,0,0,1.0,12.0,0,0,19,1,7,7.0,2026-07-17 21:15:14
2024-09-24,Tuesday,Weekday,261.0,1.0,0.0,5.0,38.0,24.0,3.0,3.0,4,11.0,5.0,1,10.0,5.0,0.0,12.0,6,5.0,10,6,8.0,15.0,8,8.0,9,6,1,2.0,9.0,6.0,5,9,0.0,8.0,4,3,3,1,3,4.0,2026-07-17 21:15:14
2024-09-25,Wednesday,Weekday,215.0,1.0,4.0,4.0,9.0,7.0,1.0,1.0,0,15.0,17.0,0,5.0,17.0,7.0,4.0,1,1.0,7,7,4.0,1.0,14,9.0,1,0,4,1.0,1.0,0.0,17,7,1.0,9.0,4,3,15,5,8,3.0,2026-07-17 21:15:14
2024-09-26,Thursday,Weekday,229.0,1.0,0.0,2.0,4.0,21.0,3.0,1.0,0,9.0,3.0,1,8.0,13.0,7.0,1.0,2,7.0,10,37,2.0,9.0,0,1.0,2,18,0,1.0,11.0,1.0,1,6,5.0,2.0,10,1,14,6,2,7.0,2026-07-17 21:15:14
2024-09-27,Friday,Weekday,306.0,3.0,3.0,21.0,0.0,0.0,4.0,0.0,15,21.0,7.0,3,5.0,1.0,3.0,0.0,6,8.0,21,12,10.0,4.0,15,24.0,17,0,6,7.0,1.0,39.0,1,1,5.0,4.0,14,4,5,7,0,9.0,2026-07-17 21:15:14
2024-09-28,Saturday,Weekend,291.0,8.0,5.0,21.0,6.0,13.0,15.0,7.0,4,0.0,11.0,25,5.0,3.0,5.0,9.0,0,14.0,13,4,1.0,7.0,1,5.0,1,7,3,13.0,11.0,42.0,3,1,3.0,1.0,2,6,8,0,3,5.0,2026-07-17 21:15:14
2024-09-29,Sunday,Weekend,518.0,3.0,24.0,2.0,4.0,3.0,1.0,34.0,5,18.0,11.0,15,36.0,27.0,1.0,24.0,9,7.0,17,46,1.0,22.0,3,6.0,32,11,1,11.0,19.0,11.0,2,6,30.0,15.0,17,22,1,14,5,2.0,2026-07-17 21:15:14
2024-09-30,Monday,Weekday,161.0,1.0,8.0,1.0,2.0,3.0,0.0,4.0,7,0.0,2.0,6,5.0,7.0,1.0,9.0,4,5.0,1,1,9.0,1.0,1,4.0,5,5,7,4.0,3.0,13.0,4,3,2.0,11.0,0,5,4,6,2,5.0,2026-07-17 21:15:14
2024-10-01,Tuesday,Weekday,302.0,1.0,3.0,14.0,3.0,0.0,4.0,27.0,0,0.0,10.0,1,4.0,13.0,1.0,10.0,7,18.0,31,7,9.0,13.0,4,1.0,21,4,0,15.0,8.0,1.0,0,1,18.0,15.0,3,14,6,8,3,4.0,2026-07-17 21:15:14
2024-10-02,Wednesday,Weekday,282.0,4.0,0.0,2.0,3.0,55.0,24.0,16.0,3,4.0,6.0,4,0.0,6.0,0.0,18.0,10,5.0,11,4,3.0,3.0,14,2.0,9,1,3,3.0,10.0,7.0,11,1,0.0,10.0,1,3,4,13,8,1.0,2026-07-17 21:15:14
2024-10-03,Thursday,Weekday,306.0,7.0,12.0,5.0,3.0,16.0,6.0,0.0,9,7.0,21.0,2,3.0,7.0,7.0,5.0,11,8.0,13,2,13.0,5.0,0,2.0,0,5,3,44.0,18.0,18.0,6,14,3.0,6.0,4,2,0,8,1,10.0,2026-07-17 21:15:14
2024-10-04,Friday,Weekday,263.0,17.0,1.0,4.0,9.0,3.0,15.0,11.0,0,0.0,33.0,16,3.0,0.0,7.0,2.0,19,11.0,7,2,8.0,2.0,0,5.0,5,10,15,3.0,5.0,5.0,3,8,4.0,13.0,5,2,2,3,3,2.0,2026-07-17 21:15:14
2024-10-05,Saturday,Weekend,525.0,1.0,43.0,2.0,15.0,0.0,5.0,5.0,7,10.0,15.0,13,13.0,24.0,34.0,16.0,1,44.0,29,19,9.0,3.0,18,24.0,13,12,2,6.0,20.0,0.0,12,15,4.0,1.0,21,3,10,16,21,19.0,2026-07-17 21:15:14
2024-10-06,Sunday,Weekend,385.0,6.0,6.0,14.0,8.0,12.0,4.0,3.0,5,3.0,6.0,52,3.0,3.0,4.0,8.0,25,16.0,18,17,22.0,3.0,6,5.0,5,11,5,9.0,4.0,4.0,4,13,8.0,29.0,13,5,3,9,10,4.0,2026-07-17 21:15:14
2024-10-07,Monday,Weekday,228.0,2.0,6.0,2.0,24.0,12.0,2.0,2.0,12,12.0,11.0,7,6.0,4.0,20.0,6.0,0,4.0,1,4,11.0,0.0,18,8.0,2,2,5,4.0,0.0,0.0,4,1,0.0,14.0,2,6,2,0,11,1.0,2026-07-17 21:15:14
2024-10-08,Tuesday,Weekday,156.0,1.0,3.0,0.0,3.0,3.0,2.0,0.0,14,2.0,5.0,5,6.0,4.0,7.0,3.0,1,7.0,10,1,4.0,5.0,0,12.0,3,5,1,1.0,1.0,1.0,3,6,2.0,1.0,0,4,2,19,5,4.0,2026-07-17 21:15:14
2024-10-09,Wednesday,Weekday,277.0,0.0,9.0,1.0,6.0,7.0,5.0,1.0,5,0.0,0.0,9,19.0,12.0,6.0,0.0,0,1.0,30,3,17.0,9.0,9,27.0,1,5,15,6.0,1.0,1.0,11,0,16.0,0.0,6,6,9,5,12,7.0,2026-07-17 21:15:14
2024-10-10,Thursday,Weekday,257.0,6.0,1.0,0.0,0.0,2.0,6.0,5.0,10,2.0,4.0,13,15.0,14.0,10.0,8.0,17,8.0,20,0,16.0,5.0,0,1.0,14,5,25,2.0,3.0,3.0,5,5,8.0,0.0,0,0,15,3,3,3.0,2026-07-17 21:15:14
2024-10-11,Friday,Weekday,273.0,7.0,0.0,0.0,6.0,32.0,6.0,1.0,5,18.0,7.0,3,3.0,23.0,7.0,7.0,1,5.0,3,1,15.0,4.0,1,17.0,1,8,8,12.0,10.0,6.0,1,2,16.0,0.0,6,2,2,1,0,26.0,2026-07-17 21:15:14
2024-10-12,Saturday,Weekend,470.0,17.0,6.0,14.0,10.0,20.0,16.0,2.0,5,10.0,55.0,12,22.0,18.0,8.0,24.0,4,5.0,16,1,3.0,10.0,6,28.0,34,7,8,13.0,6.0,2.0,13,11,2.0,16.0,8,2,16,2,3,15.0,2026-07-17 21:15:14
2024-10-13,Sunday,Weekend,302.0,22.0,3.0,23.0,2.0,1.0,1.0,2.0,5,21.0,3.0,4,11.0,3.0,12.0,6.0,2,11.0,0,3,5.0,5.0,10,6.0,7,9,4,25.0,24.0,8.0,1,5,2.0,5.0,2,11,1,27,1,9.0,2026-07-17 21:15:14
2024-10-14,Monday,Weekday,228.0,13.0,0.0,14.0,2.0,28.0,17.0,1.0,10,1.0,2.0,0,1.0,6.0,4.0,10.0,2,19.0,0,0,7.0,13.0,10,4.0,1,0,5,5.0,2.0,5.0,8,6,1.0,5.0,1,1,10,7,6,1.0,2026-07-17 21:15:14
2024-10-15,Tuesday,Weekday,195.0,9.0,1.0,9.0,3.0,0.0,1.0,1.0,4,12.0,4.0,4,11.0,4.0,3.0,19.0,1,4.0,7,0,6.0,1.0,1,1.0,17,10,1,1.0,3.0,5.0,9,12,7.0,4.0,1,0,7,3,7,2.0,2026-07-17 21:15:14
2024-10-16,Wednesday,Weekday,157.0,0.0,3.0,17.0,9.0,0.0,9.0,4.0,3,2.0,6.0,4,6.0,4.0,1.0,2.0,9,5.0,4,1,0.0,2.0,0,4.0,10,2,11,7.0,1.0,6.0,1,5,1.0,1.0,4,0,1,2,2,8.0,2026-07-17 21:15:14
2024-10-17,Thursday,Weekday,218.0,2.0,3.0,4.0,3.0,9.0,1.0,8.0,4,0.0,6.0,6,3.0,0.0,1.0,3.0,1,7.0,6,10,6.0,6.0,4,25.0,1,1,2,4.0,0.0,1.0,4,16,18.0,6.0,2,13,14,13,4,1.0,2026-07-17 21:15:14
2024-10-18,Friday,Weekday,343.0,1.0,20.0,0.0,3.0,9.0,0.0,23.0,4,0.0,68.0,3,18.0,6.0,10.0,3.0,7,2.0,25,0,2.0,19.0,6,8.0,10,0,0,25.0,2.0,3.0,10,1,9.0,5.0,13,3,2,16,3,4.0,2026-07-17 21:15:14
2024-10-19,Saturday,Weekend,279.0,9.0,6.0,3.0,2.0,20.0,1.0,21.0,1,12.0,7.0,1,5.0,2.0,1.0,2.0,16,1.0,27,0,10.0,15.0,22,2.0,8,1,4,10.0,4.0,3.0,1,1,1.0,13.0,0,10,17,6,8,6.0,2026-07-17 21:15:14
2024-10-20,Sunday,Weekend,454.0,6.0,4.0,38.0,43.0,20.0,1.0,5.0,7,18.0,22.0,9,14.0,0.0,18.0,4.0,12,1.0,1,0,25.0,11.0,5,20.0,11,13,8,0.0,4.0,1.0,12,3,6.0,5.0,1,35,45,1,18,7.0,2026-07-17 21:15:14
2024-10-21,Monday,Weekday,302.0,9.0,1.0,1.0,18.0,29.0,4.0,20.0,9,2.0,4.0,2,13.0,39.0,6.0,9.0,10,1.0,3,6,6.0,13.0,1,4.0,14,0,5,1.0,7.0,13.0,1,12,3.0,1.0,4,18,0,4,6,3.0,2026-07-17 21:15:14
2024-10-22,Tuesday,Weekday,191.0,0.0,1.0,8.0,16.0,0.0,4.0,0.0,6,0.0,0.0,7,0.0,2.0,17.0,24.0,1,6.0,4,2,13.0,7.0,7,1.0,4,4,2,0.0,1.0,1.0,1,1,1.0,3.0,3,3,19,4,7,11.0,2026-07-17 21:15:14
2024-10-23,Wednesday,Weekday,215.0,1.0,2.0,2.0,2.0,0.0,8.0,1.0,26,7.0,8.0,1,4.0,1.0,1.0,10.0,3,4.0,11,0,6.0,5.0,2,11.0,14,4,5,3.0,7.0,6.0,1,0,17.0,1.0,4,12,4,5,0,16.0,2026-07-17 21:15:14
2024-10-24,Thursday,Weekday,216.0,1.0,3.0,5.0,9.0,0.0,2.0,1.0,1,7.0,0.0,5,10.0,11.0,5.0,3.0,3,19.0,11,3,11.0,10.0,15,5.0,10,9,0,17.0,2.0,2.0,7,4,9.0,2.0,2,0,3,6,1,2.0,2026-07-17 21:15:14
2024-10-25,Friday,Weekday,165.0,1.0,4.0,0.0,4.0,3.0,0.0,6.0,2,4.0,7.0,4,6.0,5.0,3.0,2.0,1,8.0,10,2,0.0,1.0,4,1.0,5,9,13,0.0,12.0,5.0,0,1,4.0,9.0,1,0,3,14,10,1.0,2026-07-17 21:15:14
2024-10-26,Saturday,Weekend,558.0,4.0,20.0,12.0,32.0,36.0,3.0,13.0,0,18.0,14.0,36,36.0,0.0,1.0,7.0,23,19.0,39,10,3.0,0.0,2,11.0,30,5,22,6.0,4.0,7.0,6,22,7.0,2.0,17,71,15,3,2,0.0,2026-07-17 21:15:14
2024-10-27,Sunday,Weekend,248.0,0.0,11.0,0.0,4.0,12.0,9.0,2.0,3,2.0,2.0,2,6.0,0.0,3.0,1.0,19,5.0,12,1,11.0,3.0,2,7.0,9,37,8,1.0,2.0,4.0,1,6,4.0,15.0,4,4,1,1,10,24.0,2026-07-17 21:15:14
2024-10-28,Monday,Weekday,190.0,3.0,8.0,6.0,15.0,2.0,2.0,3.0,3,1.0,5.0,5,0.0,5.0,6.0,8.0,3,0.0,2,1,5.0,0.0,2,0.0,0,13,26,3.0,1.0,11.0,11,7,3.0,0.0,0,9,13,2,2,4.0,2026-07-17 21:15:14
2024-10-29,Tuesday,Weekday,122.0,6.0,3.0,3.0,0.0,3.0,5.0,6.0,1,1.0,6.0,2,3.0,4.0,6.0,6.0,1,3.0,1,7,6.0,1.0,1,0.0,3,1,4,4.0,3.0,8.0,2,7,0.0,1.0,2,3,0,2,1,6.0,2026-07-17 21:15:14
2024-10-30,Wednesday,Weekday,211.0,5.0,4.0,14.0,8.0,3.0,2.0,5.0,1,0.0,2.0,7,1.0,1.0,1.0,6.0,4,5.0,1,13,2.0,3.0,14,23.0,5,13,3,1.0,1.0,3.0,5,2,7.0,2.0,1,0,22,9,4,8.0,2026-07-17 21:15:14
2024-10-31,Thursday,Weekday,200.0,4.0,8.0,3.0,2.0,0.0,10.0,17.0,8,3.0,4.0,3,1.0,2.0,0.0,20.0,2,10.0,6,1,1.0,22.0,6,1.0,0,5,1,1.0,5.0,6.0,2,9,5.0,8.0,1,1,0,1,10,11.0,2026-07-17 21:15:14
2024-11-01,Friday,Weekday,403.0,19.0,9.0,18.0,10.0,0.0,4.0,11.0,3,3.0,3.0,15,3.0,17.0,9.0,6.0,24,6.0,4,25,4.0,20.0,7,3.0,10,4,3,0.0,3.0,13.0,20,16,1.0,10.0,3,14,31,0,36,16.0,2026-07-17 21:15:14
2024-11-02,Saturday,Weekend,498.0,15.0,12.0,16.0,54.0,22.0,5.0,12.0,5,35.0,41.0,11,18.0,26.0,2.0,9.0,8,16.0,4,14,6.0,1.0,1,1.0,0,8,12,1.0,11.0,11.0,1,4,13.0,0.0,1,52,20,6,8,16.0,2026-07-17 21:15:14
2024-11-03,Sunday,Weekend,275.0,11.0,3.0,4.0,8.0,1.0,14.0,4.0,3,17.0,1.0,0,8.0,3.0,10.0,1.0,3,1.0,9,1,4.0,11.0,14,7.0,3,6,7,15.0,15.0,17.0,12,1,8.0,9.0,11,16,6,7,0,4.0,2026-07-17 21:15:14
2024-11-04,Monday,Weekday,328.0,2.0,16.0,16.0,10.0,0.0,3.0,7.0,0,2.0,25.0,2,0.0,4.0,23.0,15.0,25,10.0,4,23,5.0,4.0,3,11.0,15,3,3,17.0,0.0,11.0,4,4,3.0,3.0,8,18,6,15,7,1.0,2026-07-17 21:15:14
2024-11-05,Tuesday,Weekday,235.0,5.0,5.0,0.0,4.0,56.0,7.0,3.0,3,1.0,5.0,2,1.0,3.0,5.0,2.0,0,0.0,3,1,5.0,5.0,2,13.0,5,2,3,24.0,29.0,3.0,1,3,4.0,3.0,4,1,2,6,13,1.0,2026-07-17 21:15:14
2024-11-06,Wednesday,Weekday,201.0,8.0,3.0,3.0,15.0,7.0,5.0,5.0,1,7.0,4.0,1,7.0,0.0,1.0,12.0,0,9.0,23,1,4.0,5.0,5,6.0,3,1,1,10.0,3.0,13.0,11,0,1.0,2.0,5,12,0,3,3,1.0,2026-07-17 21:15:14
2024-11-07,Thursday,Weekday,282.0,5.0,5.0,5.0,9.0,7.0,5.0,2.0,8,7.0,3.0,0,2.0,0.0,6.0,4.0,6,5.0,10,14,8.0,0.0,0,4.0,7,0,4,26.0,1.0,38.0,21,18,22.0,1.0,1,1,3,5,17,2.0,2026-07-17 21:15:14
2024-11-08,Friday,Weekday,256.0,1.0,6.0,0.0,4.0,2.0,11.0,5.0,6,1.0,22.0,4,9.0,18.0,5.0,5.0,1,3.0,13,1,16.0,7.0,4,5.0,1,1,1,2.0,16.0,4.0,5,1,7.0,3.0,2,18,20,7,15,4.0,2026-07-17 21:15:14
2024-11-09,Saturday,Weekend,348.0,12.0,4.0,1.0,46.0,3.0,2.0,2.0,4,2.0,12.0,50,0.0,12.0,1.0,0.0,9,18.0,1,3,2.0,20.0,3,4.0,18,7,22,19.0,5.0,8.0,2,28,2.0,9.0,2,3,1,8,2,1.0,2026-07-17 21:15:14
2024-11-10,Sunday,Weekend,338.0,2.0,2.0,8.0,5.0,2.0,8.0,16.0,7,37.0,1.0,19,7.0,7.0,8.0,5.0,5,12.0,1,10,14.0,4.0,3,3.0,1,1,2,0.0,4.0,4.0,55,38,3.0,2.0,6,2,11,4,4,15.0,2026-07-17 21:15:14
2024-11-11,Monday,Weekday,171.0,6.0,14.0,1.0,10.0,5.0,4.0,10.0,11,6.0,3.0,3,4.0,8.0,5.0,2.0,2,0.0,12,0,4.0,10.0,2,5.0,7,0,2,5.0,2.0,3.0,4,1,2.0,0.0,1,3,6,1,5,2.0,2026-07-17 21:15:14
2024-11-12,Tuesday,Weekday,194.0,15.0,4.0,1.0,8.0,7.0,3.0,2.0,1,2.0,0.0,4,12.0,11.0,0.0,12.0,4,1.0,9,2,2.0,1.0,3,1.0,12,4,3,0.0,11.0,6.0,3,9,0.0,2.0,4,3,2,2,2,26.0,2026-07-17 21:15:14
2024-11-13,Wednesday,Weekday,167.0,2.0,1.0,9.0,3.0,5.0,3.0,5.0,5,0.0,14.0,1,2.0,1.0,9.0,4.0,8,5.0,1,2,4.0,2.0,1,10.0,7,2,7,5.0,0.0,3.0,2,1,2.0,12.0,3,10,2,1,11,2.0,2026-07-17 21:15:14
2024-11-14,Thursday,Weekday,248.0,11.0,0.0,12.0,4.0,2.0,6.0,12.0,0,29.0,10.0,3,1.0,2.0,1.0,4.0,9,6.0,4,1,20.0,1.0,1,5.0,7,23,23,15.0,3.0,1.0,6,0,1.0,0.0,1,4,3,2,9,6.0,2026-07-17 21:15:14
2024-11-15,Friday,Weekday,297.0,19.0,5.0,1.0,2.0,11.0,12.0,2.0,16,5.0,2.0,8,6.0,0.0,3.0,14.0,7,3.0,20,1,2.0,3.0,18,5.0,8,26,11,2.0,12.0,10.0,1,3,10.0,1.0,1,11,28,0,4,4.0,2026-07-17 21:15:14
2024-11-16,Saturday,Weekend,521.0,13.0,62.0,15.0,11.0,82.0,1.0,1.0,10,6.0,2.0,5,16.0,33.0,1.0,12.0,5,14.0,9,28,0.0,8.0,3,9.0,27,35,7,24.0,4.0,0.0,23,1,0.0,4.0,5,1,29,6,6,3.0,2026-07-17 21:15:14
2024-11-17,Sunday,Weekend,348.0,4.0,9.0,16.0,23.0,6.0,24.0,3.0,0,13.0,2.0,0,18.0,11.0,1.0,8.0,13,16.0,5,7,10.0,9.0,7,6.0,5,35,3,1.0,11.0,2.0,6,1,5.0,17.0,7,2,32,3,3,4.0,2026-07-17 21:15:14
2024-11-18,Monday,Weekday,315.0,26.0,1.0,8.0,1.0,0.0,13.0,5.0,8,2.0,11.0,10,4.0,6.0,19.0,13.0,4,6.0,9,0,5.0,25.0,20,12.0,0,30,5,1.0,5.0,10.0,0,10,12.0,0.0,13,18,0,1,1,1.0,2026-07-17 21:15:14
2024-11-19,Tuesday,Weekday,232.0,9.0,2.0,20.0,32.0,3.0,3.0,6.0,6,3.0,2.0,0,1.0,14.0,1.0,0.0,6,0.0,0,6,6.0,0.0,4,4.0,6,8,3,4.0,10.0,17.0,15,3,4.0,3.0,12,10,4,1,2,2.0,2026-07-17 21:15:14
2024-11-20,Wednesday,Weekday,180.0,13.0,2.0,1.0,13.0,0.0,1.0,4.0,4,2.0,6.0,1,5.0,3.0,9.0,3.0,3,5.0,1,2,9.0,2.0,7,0.0,9,20,2,4.0,4.0,12.0,0,4,4.0,2.0,1,2,14,0,4,2.0,2026-07-17 21:15:14
2024-11-21,Thursday,Weekday,189.0,2.0,4.0,13.0,4.0,13.0,4.0,6.0,3,14.0,5.0,4,3.0,2.0,1.0,0.0,7,2.0,2,14,4.0,0.0,9,2.0,4,4,1,1.0,1.0,0.0,1,23,3.0,8.0,4,6,2,1,3,9.0,2026-07-17 21:15:14
2024-11-22,Friday,Weekday,269.0,1.0,5.0,0.0,4.0,9.0,6.0,1.0,2,5.0,65.0,3,3.0,3.0,0.0,10.0,2,7.0,4,5,0.0,13.0,2,6.0,11,5,3,25.0,1.0,18.0,2,2,2.0,0.0,1,0,34,8,0,1.0,2026-07-17 21:15:14
2024-11-23,Saturday,Weekend,441.0,9.0,4.0,20.0,7.0,17.0,6.0,8.0,2,5.0,0.0,10,6.0,13.0,2.0,6.0,2,10.0,20,13,27.0,36.0,15,3.0,2,6,53,5.0,2.0,25.0,4,9,12.0,14.0,12,15,15,4,9,13.0,2026-07-17 21:15:14
2024-11-24,Sunday,Weekend,295.0,2.0,2.0,3.0,6.0,1.0,9.0,2.0,1,2.0,10.0,3,4.0,24.0,15.0,13.0,7,16.0,10,27,1.0,0.0,2,16.0,6,4,6,11.0,20.0,10.0,12,3,4.0,14.0,10,11,1,0,1,6.0,2026-07-17 21:15:14
2024-11-25,Monday,Weekday,195.0,2.0,9.0,4.0,1.0,1.0,6.0,2.0,4,3.0,0.0,0,2.0,2.0,5.0,3.0,16,8.0,2,2,4.0,0.0,34,2.0,8,13,3,0.0,3.0,3.0,5,0,2.0,8.0,18,1,11,1,6,1.0,2026-07-17 21:15:14
2024-11-26,Tuesday,Weekday,156.0,12.0,3.0,3.0,1.0,2.0,4.0,8.0,4,6.0,8.0,15,5.0,1.0,6.0,1.0,19,2.0,1,1,3.0,0.0,11,1.0,1,0,1,2.0,2.0,1.0,0,1,6.0,2.0,1,1,4,1,3,13.0,2026-07-17 21:15:14
2024-11-27,Wednesday,Weekday,145.0,1.0,1.0,1.0,2.0,0.0,2.0,13.0,0,1.0,9.0,1,0.0,4.0,0.0,8.0,0,4.0,6,1,1.0,1.0,9,4.0,1,6,4,27.0,2.0,8.0,3,6,0.0,1.0,5,7,2,3,1,0.0,2026-07-17 21:15:14
2024-11-28,Thursday,Weekday,222.0,1.0,0.0,4.0,2.0,2.0,14.0,1.0,6,15.0,2.0,1,6.0,3.0,4.0,5.0,18,0.0,8,1,2.0,0.0,3,10.0,0,3,3,1.0,9.0,9.0,11,4,3.0,1.0,5,4,28,19,12,2.0,2026-07-17 21:15:14
2024-11-29,Friday,Weekday,341.0,5.0,12.0,12.0,13.0,5.0,14.0,9.0,6,20.0,5.0,11,5.0,8.0,0.0,5.0,8,5.0,21,3,21.0,4.0,11,0.0,2,14,0,30.0,2.0,23.0,7,7,0.0,4.0,2,7,11,10,15,4.0,2026-07-17 21:15:14
2024-11-30,Saturday,Weekend,502.0,3.0,6.0,35.0,2.0,26.0,0.0,5.0,14,10.0,16.0,16,5.0,6.0,17.0,15.0,0,17.0,17,1,20.0,12.0,4,14.0,14,44,25,5.0,2.0,33.0,38,4,1.0,17.0,17,4,23,5,5,4.0,2026-07-17 21:15:14
2024-12-01,Sunday,Weekend,385.0,5.0,11.0,7.0,4.0,29.0,1.0,15.0,15,3.0,3.0,21,8.0,0.0,20.0,4.0,4,8.0,11,4,2.0,7.0,9,19.0,6,9,1,25.0,4.0,8.0,24,12,9.0,9.0,22,13,14,12,2,5.0,2026-07-17 21:15:14
2024-12-02,Monday,Weekday,145.0,1.0,1.0,5.0,1.0,0.0,1.0,1.0,2,10.0,6.0,1,1.0,4.0,4.0,3.0,1,0.0,1,3,7.0,8.0,2,7.0,18,4,5,9.0,1.0,0.0,15,2,5.0,5.0,1,2,4,1,1,2.0,2026-07-17 21:15:14
2024-12-03,Tuesday,Weekday,293.0,0.0,1.0,0.0,13.0,29.0,6.0,5.0,59,0.0,5.0,4,4.0,1.0,3.0,4.0,7,5.0,9,6,1.0,16.0,7,1.0,1,14,13,7.0,4.0,5.0,10,17,6.0,2.0,0,1,12,2,4,9.0,2026-07-17 21:15:14
2024-12-04,Wednesday,Weekday,178.0,2.0,5.0,4.0,3.0,14.0,4.0,2.0,8,8.0,13.0,5,2.0,2.0,5.0,1.0,7,2.0,5,3,3.0,8.0,5,1.0,0,10,11,1.0,2.0,2.0,13,1,1.0,1.0,5,11,3,1,3,1.0,2026-07-17 21:15:14
2024-12-05,Thursday,Weekday,206.0,1.0,12.0,9.0,22.0,6.0,2.0,9.0,1,1.0,2.0,17,8.0,1.0,0.0,11.0,10,6.0,1,4,5.0,13.0,1,4.0,1,4,1,12.0,1.0,4.0,3,8,7.0,0.0,0,5,5,1,7,1.0,2026-07-17 21:15:14
2024-12-06,Friday,Weekday,343.0,26.0,0.0,0.0,4.0,13.0,1.0,13.0,4,0.0,31.0,29,9.0,15.0,2.0,3.0,4,31.0,8,0,4.0,0.0,2,6.0,3,0,2,8.0,12.0,6.0,15,1,1.0,15.0,3,7,36,6,0,23.0,2026-07-17 21:15:14
2024-12-07,Saturday,Weekend,463.0,1.0,12.0,5.0,8.0,17.0,6.0,18.0,34,1.0,28.0,2,1.0,41.0,9.0,2.0,13,3.0,8,13,27.0,0.0,3,1.0,1,35,35,15.0,13.0,25.0,1,1,4.0,20.0,5,11,5,11,24,4.0,2026-07-17 21:15:14
2024-12-08,Sunday,Weekend,566.0,11.0,3.0,19.0,6.0,6.0,5.0,1.0,21,34.0,9.0,3,10.0,8.0,4.0,0.0,23,20.0,24,7,15.0,10.0,6,20.0,79,26,17,15.0,12.0,22.0,9,2,14.0,24.0,4,20,5,34,10,8.0,2026-07-17 21:15:14
2024-12-09,Monday,Weekday,157.0,6.0,6.0,10.0,10.0,0.0,1.0,7.0,11,2.0,0.0,2,3.0,5.0,0.0,1.0,8,1.0,7,2,5.0,0.0,2,2.0,10,4,0,8.0,0.0,14.0,2,2,0.0,3.0,2,1,0,11,6,3.0,2026-07-17 21:15:14
2024-12-10,Tuesday,Weekday,222.0,3.0,6.0,1.0,17.0,5.0,5.0,7.0,7,12.0,4.0,7,8.0,0.0,4.0,11.0,3,4.0,4,7,17.0,1.0,5,4.0,3,16,0,1.0,9.0,3.0,10,8,1.0,1.0,1,1,4,14,8,0.0,2026-07-17 21:15:14
2024-12-11,Wednesday,Weekday,223.0,11.0,0.0,6.0,1.0,0.0,8.0,4.0,6,4.0,0.0,9,10.0,0.0,3.0,6.0,6,5.0,9,23,2.0,6.0,7,6.0,2,6,6,6.0,1.0,4.0,15,8,8.0,7.0,1,4,2,12,2,7.0,2026-07-17 21:15:14
2024-12-12,Thursday,Weekday,204.0,6.0,9.0,6.0,4.0,8.0,2.0,1.0,1,1.0,20.0,1,6.0,1.0,16.0,3.0,2,3.0,9,1,9.0,4.0,1,0.0,7,1,11,1.0,5.0,7.0,5,2,7.0,6.0,4,5,5,15,8,1.0,2026-07-17 21:15:14
2024-12-13,Friday,Weekday,198.0,2.0,18.0,2.0,17.0,11.0,0.0,2.0,3,10.0,4.0,2,15.0,0.0,5.0,4.0,0,0.0,2,1,4.0,6.0,8,5.0,3,1,1,4.0,17.0,2.0,3,5,5.0,15.0,1,0,4,1,4,11.0,2026-07-17 21:15:14
2024-12-14,Saturday,Weekend,478.0,13.0,2.0,1.0,33.0,14.0,26.0,20.0,69,23.0,10.0,18,7.0,3.0,3.0,7.0,1,2.0,10,35,12.0,7.0,4,2.0,12,27,6,11.0,16.0,1.0,7,14,15.0,1.0,4,16,5,20,0,1.0,2026-07-17 21:15:14
2024-12-15,Sunday,Weekend,489.0,2.0,20.0,14.0,21.0,6.0,12.0,18.0,4,50.0,22.0,39,19.0,15.0,28.0,5.0,19,2.0,12,14,12.0,18.0,5,7.0,0,1,10,7.0,3.0,3.0,3,9,6.0,1.0,11,3,16,1,50,1.0,2026-07-17 21:15:14
2024-12-16,Monday,Weekday,228.0,8.0,3.0,0.0,0.0,3.0,8.0,0.0,7,6.0,2.0,0,16.0,1.0,0.0,7.0,1,4.0,0,24,3.0,42.0,3,3.0,13,2,2,0.0,19.0,0.0,8,3,0.0,0.0,12,8,10,3,1,6.0,2026-07-17 21:15:14
2024-12-17,Tuesday,Weekday,222.0,4.0,7.0,2.0,21.0,0.0,0.0,14.0,6,2.0,11.0,4,0.0,8.0,1.0,1.0,1,3.0,0,13,5.0,2.0,7,10.0,6,1,1,10.0,1.0,0.0,7,1,27.0,10.0,5,12,6,8,5,0.0,2026-07-17 21:15:14
2024-12-18,Wednesday,Weekday,192.0,11.0,7.0,16.0,6.0,4.0,1.0,1.0,2,1.0,6.0,4,1.0,4.0,3.0,6.0,20,5.0,0,3,8.0,4.0,15,0.0,1,1,7,4.0,1.0,1.0,4,17,2.0,1.0,4,1,5,2,4,9.0,2026-07-17 21:15:14
2024-12-19,Thursday,Weekday,301.0,2.0,10.0,21.0,3.0,0.0,8.0,9.0,2,4.0,7.0,1,10.0,7.0,14.0,5.0,6,8.0,2,9,7.0,13.0,8,8.0,2,21,4,23.0,4.0,2.0,16,9,9.0,0.0,12,6,5,17,6,1.0,2026-07-17 21:15:14
2024-12-20,Friday,Weekday,337.0,4.0,9.0,23.0,3.0,31.0,12.0,2.0,0,7.0,20.0,10,16.0,10.0,9.0,0.0,0,11.0,11,6,7.0,9.0,2,9.0,7,7,8,12.0,4.0,4.0,4,11,5.0,2.0,33,6,2,9,8,4.0,2026-07-17 21:15:14
2024-12-21,Saturday,Weekend,567.0,15.0,3.0,9.0,3.0,13.0,12.0,11.0,14,12.0,9.0,3,7.0,4.0,23.0,34.0,23,19.0,7,24,14.0,1.0,40,1.0,12,12,31,36.0,54.0,12.0,24,1,11.0,38.0,9,1,5,9,4,7.0,2026-07-17 21:15:14
2024-12-22,Sunday,Weekend,261.0,3.0,3.0,1.0,16.0,13.0,6.0,7.0,4,13.0,24.0,0,1.0,7.0,2.0,18.0,8,3.0,3,8,1.0,15.0,0,28.0,1,9,0,4.0,7.0,1.0,5,2,5.0,4.0,9,1,1,3,14,11.0,2026-07-17 21:15:14
2024-12-23,Monday,Weekday,204.0,3.0,9.0,8.0,1.0,2.0,1.0,1.0,5,3.0,7.0,1,7.0,3.0,4.0,28.0,1,3.0,4,9,1.0,6.0,11,3.0,1,6,1,2.0,11.0,4.0,0,2,3.0,3.0,3,8,6,23,10,0.0,2026-07-17 21:15:14
2024-12-24,Tuesday,Weekday,254.0,4.0,3.0,1.0,3.0,7.0,0.0,1.0,1,0.0,6.0,2,19.0,1.0,21.0,0.0,8,1.0,14,0,20.0,0.0,1,4.0,12,23,4,10.0,10.0,7.0,8,0,3.0,10.0,4,14,16,14,1,1.0,2026-07-17 21:15:14
2024-12-25,Wednesday,Weekday,212.0,1.0,19.0,2.0,2.0,2.0,0.0,2.0,0,3.0,27.0,6,6.0,4.0,9.0,13.0,20,0.0,10,1,3.0,2.0,6,4.0,2,9,3,0.0,3.0,4.0,0,1,21.0,11.0,1,5,4,3,3,0.0,2026-07-17 21:15:14
2024-12-26,Thursday,Weekday,302.0,3.0,0.0,4.0,15.0,50.0,11.0,23.0,0,6.0,3.0,12,6.0,4.0,4.0,1.0,1,20.0,11,1,1.0,0.0,25,12.0,4,8,7,1.0,16.0,4.0,0,3,4.0,1.0,7,12,13,5,3,1.0,2026-07-17 21:15:14
2024-12-27,Friday,Weekday,198.0,2.0,1.0,10.0,8.0,2.0,5.0,4.0,13,2.0,6.0,2,0.0,0.0,0.0,2.0,1,5.0,4,14,1.0,11.0,3,2.0,4,4,2,5.0,5.0,21.0,11,5,4.0,10.0,10,6,8,0,4,1.0,2026-07-17 21:15:14
2024-12-28,Saturday,Weekend,376.0,7.0,3.0,4.0,3.0,22.0,9.0,6.0,8,35.0,6.0,7,6.0,21.0,4.0,34.0,4,1.0,2,6,9.0,5.0,3,7.0,14,16,10,24.0,8.0,0.0,3,3,7.0,17.0,15,2,7,8,30,0.0,2026-07-17 21:15:14
2024-12-29,Sunday,Weekend,383.0,5.0,36.0,37.0,4.0,0.0,5.0,14.0,4,21.0,5.0,9,13.0,4.0,4.0,6.0,13,1.0,10,11,8.0,22.0,9,10.0,9,11,1,22.0,0.0,10.0,9,2,0.0,1.0,2,21,26,1,2,15.0,2026-07-17 21:15:14
2024-12-30,Monday,Weekday,222.0,3.0,31.0,3.0,10.0,7.0,1.0,3.0,9,3.0,9.0,1,6.0,6.0,4.0,1.0,5,11.0,26,13,2.0,3.0,0,1.0,2,1,2,3.0,3.0,1.0,2,8,2.0,1.0,0,6,19,0,7,7.0,2026-07-17 21:15:14
2024-12-31,Tuesday,Weekday,217.0,6.0,11.0,12.0,0.0,4.0,7.0,23.0,12,1.0,3.0,7,4.0,5.0,7.0,1.0,13,13.0,4,5,7.0,1.0,1,0.0,17,3,0,3.0,0.0,0.0,4,4,5.0,6.0,6,4,10,3,3,2.0,2026-07-17 21:15:14
2025-01-01,Wednesday,Weekday,143.0,2.0,0.0,0.0,2.0,4.0,1.0,13.0,2,7.0,4.0,0,16.0,9.0,2.0,1.0,1,5.0,0,4,3.0,0.0,4,4.0,2,3,6,2.0,4.0,2.0,1,16,2.0,1.0,4,3,2,8,0,3.0,2026-07-17 21:15:14
2025-01-02,Thursday,Weekday,141.0,2.0,2.0,5.0,3.0,9.0,1.0,9.0,2,2.0,12.0,0,0.0,18.0,12.0,5.0,2,3.0,1,2,2.0,0.0,2,2.0,3,2,6,2.0,2.0,2.0,1,2,3.0,1.0,8,3,1,3,4,2.0,2026-07-17 21:15:14
2025-01-03,Friday,Weekday,310.0,14.0,9.0,0.0,1.0,15.0,1.0,8.0,15,7.0,8.0,8,2.0,12.0,11.0,7.0,3,17.0,7,0,21.0,12.0,6,5.0,29,11,8,9.0,4.0,2.0,4,4,11.0,2.0,11,8,5,4,6,3.0,2026-07-17 21:15:14
2025-01-04,Saturday,Weekend,581.0,5.0,17.0,15.0,23.0,30.0,17.0,3.0,75,9.0,24.0,19,12.0,76.0,4.0,7.0,1,3.0,19,0,32.0,12.0,7,6.0,1,35,15,6.0,1.0,6.0,2,15,14.0,8.0,23,2,13,18,1,5.0,2026-07-17 21:15:14
2025-01-05,Sunday,Weekend,531.0,19.0,7.0,14.0,22.0,15.0,2.0,3.0,14,5.0,67.0,39,9.0,36.0,17.0,4.0,19,23.0,1,7,0.0,8.0,9,18.0,6,0,8,36.0,11.0,12.0,12,24,12.0,2.0,4,4,20,0,6,16.0,2026-07-17 21:15:14
2025-01-06,Monday,Weekday,240.0,1.0,4.0,3.0,21.0,31.0,7.0,16.0,1,8.0,4.0,7,3.0,1.0,19.0,1.0,8,7.0,1,4,1.0,16.0,18,6.0,10,0,3,3.0,5.0,1.0,4,4,1.0,1.0,0,8,4,1,6,1.0,2026-07-17 21:15:14
2025-01-07,Tuesday,Weekday,216.0,3.0,7.0,6.0,6.0,2.0,1.0,6.0,0,13.0,4.0,3,1.0,13.0,8.0,4.0,6,3.0,4,3,3.0,3.0,0,0.0,1,1,13,6.0,18.0,2.0,3,7,5.0,3.0,5,5,13,7,13,15.0,2026-07-17 21:15:14
2025-01-08,Wednesday,Weekday,234.0,3.0,0.0,0.0,2.0,0.0,4.0,0.0,8,1.0,7.0,2,13.0,11.0,5.0,21.0,1,14.0,8,3,1.0,1.0,18,9.0,3,5,1,2.0,19.0,5.0,4,19,4.0,2.0,3,8,8,0,8,11.0,2026-07-17 21:15:14
2025-01-09,Thursday,Weekday,159.0,3.0,7.0,2.0,1.0,9.0,1.0,0.0,1,7.0,0.0,2,1.0,6.0,4.0,1.0,6,6.0,4,2,4.0,14.0,0,2.0,2,5,4,1.0,1.0,10.0,7,12,8.0,2.0,1,4,3,3,3,10.0,2026-07-17 21:15:14
2025-01-10,Friday,Weekday,310.0,0.0,0.0,7.0,13.0,26.0,5.0,0.0,3,19.0,7.0,10,2.0,0.0,6.0,13.0,28,13.0,5,6,13.0,0.0,22,5.0,22,10,2,2.0,4.0,2.0,4,5,3.0,0.0,19,4,19,0,10,1.0,2026-07-17 21:15:14
2025-01-11,Saturday,Weekend,406.0,9.0,8.0,26.0,4.0,2.0,16.0,5.0,4,6.0,3.0,3,5.0,2.0,6.0,5.0,14,25.0,1,18,29.0,13.0,51,4.0,17,12,4,14.0,7.0,2.0,2,10,12.0,6.0,6,2,7,20,18,8.0,2026-07-17 21:15:14
2025-01-12,Sunday,Weekend,427.0,43.0,18.0,2.0,4.0,2.0,5.0,13.0,1,20.0,11.0,15,0.0,1.0,9.0,20.0,20,12.0,2,2,21.0,1.0,11,7.0,4,6,30,17.0,19.0,5.0,1,40,1.0,6.0,3,7,4,20,21,3.0,2026-07-17 21:15:14
2025-01-13,Monday,Weekday,160.0,1.0,5.0,2.0,17.0,0.0,1.0,5.0,6,3.0,1.0,2,2.0,1.0,9.0,0.0,2,6.0,0,9,6.0,0.0,8,3.0,5,11,8,2.0,1.0,1.0,7,9,0.0,0.0,7,2,2,1,2,13.0,2026-07-17 21:15:14
2025-01-14,Tuesday,Weekday,248.0,19.0,1.0,18.0,1.0,16.0,1.0,7.0,3,1.0,22.0,1,27.0,0.0,0.0,13.0,5,3.0,0,4,3.0,3.0,6,6.0,17,6,3,2.0,3.0,1.0,3,8,10.0,5.0,3,3,7,10,7,0.0,2026-07-17 21:15:14
2025-01-15,Wednesday,Weekday,186.0,5.0,7.0,1.0,1.0,13.0,3.0,9.0,1,0.0,1.0,3,5.0,11.0,7.0,28.0,0,1.0,0,4,2.0,7.0,1,2.0,4,2,9,11.0,1.0,8.0,5,4,1.0,6.0,0,2,1,4,5,11.0,2026-07-17 21:15:14
2025-01-16,Thursday,Weekday,213.0,8.0,17.0,10.0,2.0,8.0,3.0,6.0,6,9.0,0.0,8,1.0,0.0,3.0,5.0,0,3.0,7,0,7.0,1.0,9,3.0,3,13,10,8.0,1.0,0.0,4,2,12.0,2.0,3,4,14,2,15,4.0,2026-07-17 21:15:14
2025-01-17,Friday,Weekday,296.0,11.0,4.0,14.0,0.0,25.0,5.0,5.0,2,14.0,3.0,2,2.0,0.0,12.0,4.0,2,4.0,6,7,4.0,7.0,4,17.0,0,18,2,13.0,5.0,3.0,9,13,5.0,4.0,0,25,25,7,11,2.0,2026-07-17 21:15:14
2025-01-18,Saturday,Weekend,309.0,8.0,4.0,3.0,0.0,31.0,9.0,11.0,2,2.0,8.0,15,18.0,2.0,7.0,7.0,2,3.0,1,9,12.0,13.0,7,3.0,8,13,6,2.0,16.0,11.0,14,11,3.0,12.0,5,0,7,4,2,18.0,2026-07-17 21:15:14
2025-01-19,Sunday,Weekend,401.0,0.0,21.0,2.0,6.0,10.0,12.0,2.0,40,15.0,24.0,1,6.0,35.0,4.0,2.0,8,30.0,6,6,11.0,30.0,1,2.0,1,1,3,3.0,8.0,4.0,4,27,1.0,5.0,2,9,20,17,6,16.0,2026-07-17 21:15:14
2025-01-20,Monday,Weekday,219.0,6.0,0.0,0.0,6.0,32.0,2.0,1.0,12,1.0,11.0,0,0.0,3.0,7.0,1.0,8,1.0,5,3,7.0,9.0,0,1.0,11,4,4,1.0,28.0,16.0,0,4,9.0,3.0,3,3,0,10,3,4.0,2026-07-17 21:15:14
2025-01-21,Tuesday,Weekday,290.0,1.0,10.0,12.0,7.0,33.0,1.0,13.0,6,1.0,2.0,3,17.0,12.0,9.0,1.0,34,3.0,9,15,2.0,9.0,0,2.0,11,1,5,3.0,5.0,0.0,11,0,14.0,9.0,3,17,2,3,1,3.0,2026-07-17 21:15:14
2025-01-22,Wednesday,Weekday,258.0,23.0,1.0,11.0,7.0,0.0,15.0,23.0,17,5.0,3.0,2,7.0,3.0,9.0,12.0,1,3.0,19,1,3.0,0.0,3,4.0,0,0,7,3.0,0.0,14.0,6,1,11.0,1.0,1,15,2,14,8,3.0,2026-07-17 21:15:14
2025-01-23,Thursday,Weekday,331.0,1.0,0.0,2.0,21.0,10.0,0.0,7.0,2,2.0,2.0,14,0.0,6.0,0.0,8.0,3,0.0,4,9,4.0,13.0,4,13.0,8,21,7,1.0,19.0,16.0,34,1,8.0,7.0,9,47,10,11,4,3.0,2026-07-17 21:15:14
2025-01-24,Friday,Weekday,407.0,1.0,0.0,2.0,2.0,11.0,6.0,12.0,7,7.0,3.0,17,0.0,40.0,8.0,2.0,5,0.0,2,4,7.0,2.0,12,16.0,12,2,2,0.0,14.0,8.0,8,0,2.0,13.0,5,35,124,13,1,2.0,2026-07-17 21:15:14
2025-01-25,Saturday,Weekend,689.0,3.0,52.0,7.0,19.0,67.0,22.0,12.0,3,3.0,15.0,47,38.0,4.0,6.0,13.0,10,1.0,7,48,56.0,13.0,15,3.0,20,0,4,0.0,7.0,31.0,64,11,17.0,5.0,10,23,11,1,19,2.0,2026-07-17 21:15:14
2025-01-26,Sunday,Weekend,466.0,1.0,7.0,1.0,9.0,21.0,3.0,39.0,20,1.0,18.0,5,13.0,18.0,1.0,13.0,22,4.0,1,0,1.0,0.0,4,4.0,1,12,52,28.0,4.0,17.0,27,17,20.0,14.0,2,1,9,0,52,4.0,2026-07-17 21:15:14
2025-01-27,Monday,Weekday,347.0,23.0,12.0,4.0,2.0,3.0,9.0,17.0,38,1.0,4.0,0,2.0,16.0,2.0,7.0,6,3.0,8,7,5.0,12.0,2,12.0,31,12,3,13.0,14.0,5.0,9,5,13.0,3.0,20,11,5,3,3,2.0,2026-07-17 21:15:14
2025-01-28,Tuesday,Weekday,268.0,1.0,4.0,6.0,4.0,0.0,6.0,1.0,1,1.0,9.0,1,4.0,5.0,1.0,5.0,3,18.0,12,42,8.0,6.0,24,5.0,5,4,6,0.0,14.0,35.0,0,11,1.0,1.0,9,0,6,0,6,3.0,2026-07-17 21:15:14
2025-01-29,Wednesday,Weekday,210.0,8.0,6.0,1.0,2.0,24.0,6.0,4.0,4,3.0,7.0,7,1.0,18.0,1.0,4.0,0,4.0,3,1,24.0,4.0,3,3.0,1,2,2,3.0,12.0,1.0,4,0,2.0,4.0,0,5,4,25,6,1.0,2026-07-17 21:15:14
2025-01-30,Thursday,Weekday,376.0,0.0,0.0,0.0,11.0,27.0,1.0,4.0,5,9.0,3.0,33,15.0,32.0,3.0,8.0,13,8.0,0,61,27.0,3.0,7,4.0,18,12,3,0.0,4.0,0.0,3,7,11.0,7.0,9,2,8,11,3,4.0,2026-07-17 21:15:14
2025-01-31,Friday,Weekday,510.0,5.0,12.0,21.0,8.0,3.0,20.0,0.0,8,5.0,61.0,19,12.0,20.0,11.0,3.0,16,10.0,12,0,3.0,13.0,9,4.0,4,14,0,8.0,11.0,7.0,26,0,27.0,17.0,6,36,24,41,7,7.0,2026-07-17 21:15:14
2025-02-01,Saturday,Weekend,365.0,5.0,1.0,24.0,9.0,13.0,21.0,47.0,2,12.0,13.0,7,37.0,17.0,12.0,5.0,8,7.0,2,6,2.0,7.0,12,0.0,12,0,6,8.0,11.0,16.0,5,1,10.0,6.0,4,4,1,3,5,4.0,2026-07-17 21:15:14
2025-02-02,Sunday,Weekend,545.0,9.0,5.0,33.0,9.0,10.0,0.0,12.0,13,12.0,50.0,22,32.0,1.0,5.0,6.0,12,8.0,21,7,4.0,4.0,2,2.0,2,0,17,8.0,0.0,6.0,33,9,54.0,9.0,36,2,7,17,44,22.0,2026-07-17 21:15:14
2025-02-03,Monday,Weekday,193.0,6.0,1.0,3.0,1.0,5.0,2.0,4.0,13,1.0,3.0,2,2.0,4.0,3.0,23.0,3,1.0,5,1,3.0,3.0,1,9.0,14,3,8,4.0,1.0,3.0,7,0,6.0,11.0,13,1,0,0,16,7.0,2026-07-17 21:15:14
2025-02-04,Tuesday,Weekday,261.0,6.0,3.0,4.0,1.0,13.0,9.0,3.0,2,9.0,0.0,11,3.0,3.0,6.0,6.0,1,15.0,22,6,5.0,5.0,3,15.0,1,0,14,1.0,8.0,2.0,17,6,12.0,14.0,0,3,8,10,1,13.0,2026-07-17 21:15:14
2025-02-05,Wednesday,Weekday,328.0,2.0,13.0,8.0,6.0,5.0,0.0,4.0,4,5.0,16.0,4,4.0,20.0,13.0,0.0,12,38.0,27,16,8.0,2.0,8,12.0,1,1,4,9.0,3.0,8.0,20,3,23.0,5.0,0,0,5,1,11,7.0,2026-07-17 21:15:14
2025-02-06,Thursday,Weekday,283.0,14.0,8.0,5.0,3.0,11.0,7.0,5.0,25,7.0,23.0,9,4.0,11.0,1.0,9.0,5,1.0,5,4,1.0,16.0,6,4.0,7,13,0,7.0,5.0,19.0,8,1,5.0,8.0,0,18,0,0,0,8.0,2026-07-17 21:15:14
2025-02-07,Friday,Weekday,299.0,6.0,0.0,14.0,2.0,7.0,2.0,21.0,11,10.0,0.0,5,8.0,3.0,4.0,15.0,0,6.0,3,10,2.0,1.0,6,37.0,30,2,0,7.0,3.0,12.0,5,4,7.0,2.0,9,6,16,1,2,20.0,2026-07-17 21:15:14
2025-02-08,Saturday,Weekend,469.0,7.0,31.0,15.0,30.0,8.0,1.0,19.0,22,13.0,14.0,27,2.0,10.0,1.0,3.0,6,19.0,16,46,0.0,6.0,2,0.0,3,3,6,2.0,8.0,30.0,17,18,18.0,5.0,12,15,3,25,6,0.0,2026-07-17 21:15:14
2025-02-09,Sunday,Weekend,518.0,14.0,14.0,10.0,4.0,17.0,6.0,57.0,31,24.0,4.0,5,8.0,10.0,0.0,13.0,7,13.0,0,7,26.0,11.0,27,20.0,35,0,5,12.0,48.0,18.0,9,1,8.0,9.0,19,8,8,1,1,8.0,2026-07-17 21:15:14
2025-02-10,Monday,Weekday,134.0,1.0,3.0,5.0,0.0,4.0,7.0,2.0,3,3.0,4.0,1,1.0,1.0,6.0,1.0,10,7.0,4,5,0.0,4.0,13,0.0,1,0,4,1.0,3.0,5.0,1,5,0.0,1.0,1,8,11,1,1,6.0,2026-07-17 21:15:14
2025-02-11,Tuesday,Weekday,147.0,4.0,1.0,3.0,8.0,0.0,0.0,1.0,4,1.0,9.0,5,3.0,1.0,19.0,3.0,2,19.0,7,2,2.0,0.0,9,7.0,2,5,5,1.0,3.0,1.0,5,1,3.0,1.0,0,1,5,1,2,1.0,2026-07-17 21:15:14
2025-02-12,Wednesday,Weekday,203.0,5.0,3.0,2.0,1.0,3.0,5.0,8.0,1,7.0,2.0,1,4.0,2.0,5.0,16.0,1,5.0,15,1,2.0,1.0,7,6.0,6,3,8,0.0,18.0,2.0,1,12,9.0,7.0,0,7,5,6,15,1.0,2026-07-17 21:15:14
2025-02-13,Thursday,Weekday,160.0,4.0,6.0,3.0,0.0,1.0,4.0,2.0,1,2.0,1.0,0,1.0,12.0,0.0,10.0,7,5.0,1,12,4.0,1.0,3,1.0,4,4,2,6.0,14.0,2.0,3,6,4.0,2.0,7,12,6,1,3,3.0,2026-07-17 21:15:14
2025-02-14,Friday,Weekday,376.0,5.0,2.0,8.0,7.0,4.0,20.0,22.0,15,4.0,6.0,13,9.0,8.0,3.0,12.0,26,0.0,5,7,12.0,0.0,20,0.0,22,0,3,18.0,22.0,34.0,3,6,0.0,3.0,2,0,33,3,9,10.0,2026-07-17 21:15:14
2025-02-15,Saturday,Weekend,374.0,1.0,41.0,4.0,24.0,43.0,25.0,11.0,3,1.0,9.0,5,17.0,14.0,3.0,0.0,3,8.0,1,8,10.0,1.0,7,9.0,6,29,1,4.0,18.0,5.0,5,9,10.0,0.0,5,4,10,7,7,6.0,2026-07-17 21:15:14
2025-02-16,Sunday,Weekend,494.0,2.0,2.0,6.0,4.0,25.0,9.0,3.0,33,9.0,2.0,4,11.0,5.0,27.0,10.0,33,1.0,15,29,5.0,3.0,8,35.0,10,12,15,0.0,8.0,1.0,4,19,14.0,79.0,2,8,29,4,2,6.0,2026-07-17 21:15:14
2025-02-17,Monday,Weekday,139.0,1.0,12.0,2.0,8.0,13.0,1.0,5.0,2,0.0,13.0,1,1.0,1.0,1.0,2.0,2,3.0,8,1,0.0,1.0,5,3.0,11,5,1,1.0,3.0,5.0,1,3,6.0,4.0,3,7,1,1,0,1.0,2026-07-17 21:15:14
2025-02-18,Tuesday,Weekday,114.0,4.0,1.0,3.0,3.0,4.0,2.0,2.0,1,6.0,0.0,0,2.0,1.0,1.0,14.0,3,6.0,2,0,3.0,4.0,2,5.0,9,2,1,2.0,9.0,1.0,2,2,1.0,1.0,0,5,5,4,1,0.0,2026-07-17 21:15:14
2025-02-19,Wednesday,Weekday,156.0,6.0,1.0,1.0,0.0,4.0,1.0,4.0,5,3.0,11.0,1,2.0,1.0,8.0,10.0,2,3.0,1,8,6.0,7.0,1,2.0,4,11,2,2.0,8.0,0.0,3,3,1.0,2.0,4,3,2,6,13,4.0,2026-07-17 21:15:14
2025-02-20,Thursday,Weekday,238.0,8.0,14.0,10.0,21.0,14.0,5.0,8.0,13,7.0,12.0,1,13.0,3.0,2.0,9.0,3,1.0,2,0,0.0,6.0,13,3.0,5,10,3,6.0,3.0,6.0,2,17,0.0,4.0,1,6,4,1,1,1.0,2026-07-17 21:15:14
2025-02-21,Friday,Weekday,260.0,15.0,1.0,14.0,5.0,0.0,1.0,19.0,8,1.0,16.0,14,3.0,8.0,3.0,0.0,3,13.0,6,4,6.0,7.0,3,7.0,0,15,2,10.0,4.0,13.0,15,1,9.0,1.0,1,22,2,2,1,5.0,2026-07-17 21:15:14
2025-02-22,Saturday,Weekend,336.0,16.0,2.0,5.0,3.0,4.0,5.0,6.0,3,17.0,0.0,1,33.0,11.0,11.0,7.0,3,6.0,1,13,6.0,19.0,8,1.0,5,0,10,5.0,3.0,29.0,22,16,2.0,7.0,19,6,3,11,11,6.0,2026-07-17 21:15:14
2025-02-23,Sunday,Weekend,291.0,1.0,1.0,7.0,5.0,15.0,1.0,2.0,3,3.0,12.0,4,8.0,15.0,2.0,20.0,12,10.0,19,3,6.0,1.0,5,6.0,8,1,0,5.0,2.0,13.0,8,3,1.0,2.0,8,41,5,16,16,1.0,2026-07-17 21:15:14
2025-02-24,Monday,Weekday,115.0,6.0,2.0,8.0,2.0,1.0,8.0,1.0,7,1.0,4.0,1,9.0,1.0,1.0,3.0,11,1.0,2,2,1.0,4.0,0,4.0,2,1,1,5.0,1.0,0.0,0,4,1.0,7.0,2,1,3,1,5,1.0,2026-07-17 21:15:14
2025-02-25,Tuesday,Weekday,236.0,0.0,4.0,5.0,8.0,25.0,2.0,3.0,3,14.0,27.0,21,1.0,4.0,1.0,2.0,0,1.0,2,3,1.0,1.0,8,1.0,7,2,10,1.0,1.0,7.0,14,1,0.0,11.0,1,1,20,7,2,14.0,2026-07-17 21:15:14
2025-02-26,Wednesday,Weekday,207.0,4.0,0.0,6.0,5.0,7.0,28.0,2.0,6,4.0,2.0,8,7.0,12.0,15.0,5.0,3,5.0,2,2,5.0,6.0,5,18.0,2,3,6,5.0,0.0,2.0,2,9,9.0,2.0,1,1,2,2,1,3.0,2026-07-17 21:15:14
2025-02-27,Thursday,Weekday,284.0,0.0,4.0,3.0,9.0,24.0,2.0,0.0,2,0.0,4.0,6,4.0,2.0,10.0,2.0,2,6.0,2,6,20.0,11.0,1,5.0,3,30,20,2.0,13.0,2.0,2,2,2.0,9.0,2,9,43,11,3,6.0,2026-07-17 21:15:14
2025-02-28,Friday,Weekday,314.0,3.0,9.0,2.0,7.0,19.0,9.0,24.0,0,4.0,7.0,3,4.0,2.0,14.0,20.0,0,2.0,2,5,13.0,0.0,8,2.0,25,19,24,0.0,5.0,2.0,7,1,10.0,8.0,6,14,8,2,6,18.0,2026-07-17 21:15:14
2025-03-01,Saturday,Weekend,541.0,11.0,11.0,36.0,8.0,121.0,2.0,10.0,2,7.0,3.0,4,2.0,5.0,1.0,24.0,3,9.0,0,1,30.0,26.0,26,7.0,2,1,15,21.0,32.0,5.0,6,1,16.0,3.0,8,38,23,1,0,20.0,2026-07-17 21:15:14
2025-03-02,Sunday,Weekend,727.0,9.0,15.0,1.0,37.0,33.0,26.0,7.0,6,5.0,70.0,4,1.0,3.0,20.0,35.0,27,16.0,93,2,38.0,10.0,11,2.0,0,7,3,10.0,4.0,1.0,36,31,49.0,18.0,25,29,28,8,3,4.0,2026-07-17 21:15:14
2025-03-03,Monday,Weekday,212.0,6.0,5.0,3.0,0.0,2.0,5.0,3.0,3,3.0,8.0,19,14.0,0.0,4.0,2.0,4,5.0,2,7,3.0,29.0,0,2.0,6,6,5,18.0,3.0,3.0,10,2,3.0,4.0,4,1,2,3,0,13.0,2026-07-17 21:15:14
2025-03-04,Tuesday,Weekday,223.0,2.0,3.0,7.0,7.0,11.0,2.0,12.0,4,3.0,11.0,1,10.0,5.0,13.0,2.0,17,6.0,6,2,16.0,4.0,4,7.0,2,2,8,1.0,9.0,5.0,4,1,8.0,7.0,3,3,2,8,4,1.0,2026-07-17 21:15:14
2025-03-05,Wednesday,Weekday,218.0,6.0,8.0,0.0,9.0,11.0,19.0,1.0,2,18.0,0.0,4,4.0,4.0,2.0,12.0,1,6.0,4,2,2.0,16.0,3,4.0,7,0,6,1.0,6.0,2.0,10,5,3.0,3.0,2,13,0,2,1,19.0,2026-07-17 21:15:14
2025-03-06,Thursday,Weekday,206.0,2.0,1.0,5.0,19.0,5.0,2.0,2.0,0,1.0,5.0,6,8.0,6.0,0.0,5.0,4,2.0,3,0,0.0,4.0,2,4.0,2,8,12,17.0,9.0,19.0,6,11,4.0,6.0,0,5,14,4,1,2.0,2026-07-17 21:15:14
2025-03-07,Friday,Weekday,253.0,5.0,9.0,4.0,2.0,25.0,6.0,1.0,10,3.0,5.0,12,12.0,3.0,0.0,2.0,14,14.0,4,3,3.0,11.0,3,4.0,8,2,1,3.0,7.0,9.0,4,1,3.0,1.0,0,5,29,13,6,6.0,2026-07-17 21:15:14
2025-03-08,Saturday,Weekend,470.0,18.0,12.0,10.0,5.0,2.0,6.0,26.0,11,2.0,16.0,7,30.0,2.0,14.0,15.0,44,11.0,19,0,1.0,5.0,10,7.0,2,10,10,6.0,1.0,33.0,9,3,12.0,4.0,7,4,31,63,2,0.0,2026-07-17 21:15:14
2025-03-09,Sunday,Weekend,556.0,4.0,15.0,4.0,28.0,14.0,19.0,12.0,36,0.0,36.0,20,21.0,7.0,0.0,19.0,33,1.0,12,3,19.0,30.0,20,7.0,3,28,7,0.0,14.0,5.0,32,2,9.0,5.0,19,15,42,12,0,3.0,2026-07-17 21:15:14
2025-03-10,Monday,Weekday,271.0,51.0,3.0,9.0,19.0,0.0,6.0,4.0,4,1.0,17.0,4,0.0,0.0,1.0,17.0,5,22.0,11,15,4.0,1.0,5,5.0,5,0,27,0.0,1.0,7.0,1,1,1.0,0.0,1,1,8,5,4,5.0,2026-07-17 21:15:14
2025-03-11,Tuesday,Weekday,297.0,3.0,3.0,15.0,7.0,0.0,19.0,9.0,1,24.0,5.0,28,0.0,1.0,7.0,0.0,0,12.0,1,19,4.0,19.0,3,5.0,4,6,4,2.0,0.0,0.0,4,8,1.0,1.0,15,8,24,18,0,17.0,2026-07-17 21:15:14
2025-03-12,Wednesday,Weekday,225.0,0.0,7.0,3.0,4.0,10.0,9.0,4.0,2,0.0,12.0,2,7.0,4.0,3.0,4.0,6,15.0,1,15,15.0,8.0,12,5.0,0,3,6,14.0,4.0,7.0,7,1,1.0,5.0,1,1,7,8,3,9.0,2026-07-17 21:15:14
2025-03-13,Thursday,Weekday,196.0,2.0,2.0,7.0,12.0,12.0,0.0,9.0,12,2.0,0.0,7,0.0,3.0,0.0,3.0,3,1.0,1,12,0.0,7.0,13,2.0,1,6,2,5.0,12.0,1.0,8,16,0.0,0.0,4,19,4,5,1,2.0,2026-07-17 21:15:14
2025-03-14,Friday,Weekday,243.0,0.0,2.0,4.0,19.0,14.0,7.0,1.0,0,4.0,7.0,5,0.0,3.0,2.0,3.0,0,10.0,0,12,9.0,7.0,20,0.0,5,9,0,4.0,3.0,3.0,12,4,0.0,12.0,1,11,25,13,6,6.0,2026-07-17 21:15:14
2025-03-15,Saturday,Weekend,447.0,12.0,6.0,4.0,4.0,29.0,11.0,11.0,16,22.0,27.0,1,7.0,6.0,11.0,1.0,20,1.0,5,18,1.0,14.0,30,16.0,17,24,3,10.0,5.0,4.0,3,9,18.0,21.0,6,7,23,19,2,3.0,2026-07-17 21:15:14
2025-03-16,Sunday,Weekend,490.0,6.0,4.0,18.0,9.0,2.0,2.0,31.0,4,1.0,21.0,13,8.0,9.0,50.0,1.0,7,10.0,0,6,22.0,8.0,28,13.0,17,17,14,17.0,16.0,10.0,11,2,15.0,5.0,7,4,22,36,16,8.0,2026-07-17 21:15:14
2025-03-17,Monday,Weekday,234.0,4.0,2.0,2.0,3.0,8.0,16.0,5.0,6,15.0,7.0,2,2.0,3.0,8.0,3.0,10,17.0,3,2,7.0,3.0,6,6.0,3,19,4,3.0,16.0,1.0,2,17,2.0,1.0,5,0,11,3,5,2.0,2026-07-17 21:15:14
2025-03-18,Tuesday,Weekday,248.0,14.0,1.0,7.0,15.0,4.0,1.0,0.0,22,9.0,27.0,7,3.0,1.0,18.0,4.0,3,4.0,1,3,7.0,0.0,2,4.0,6,1,0,20.0,0.0,0.0,3,1,5.0,12.0,4,8,21,1,3,6.0,2026-07-17 21:15:14
2025-03-19,Wednesday,Weekday,313.0,4.0,10.0,14.0,8.0,3.0,1.0,4.0,0,15.0,5.0,10,4.0,16.0,21.0,18.0,6,0.0,5,5,32.0,6.0,8,15.0,6,8,3,0.0,12.0,17.0,7,5,2.0,5.0,1,12,10,8,0,7.0,2026-07-17 21:15:14
2025-03-20,Thursday,Weekday,326.0,1.0,3.0,4.0,4.0,3.0,14.0,5.0,7,7.0,12.0,6,12.0,12.0,5.0,8.0,0,0.0,5,17,8.0,10.0,2,3.0,3,12,2,6.0,16.0,20.0,16,2,19.0,11.0,12,21,27,2,1,8.0,2026-07-17 21:15:14
2025-03-21,Friday,Weekday,259.0,5.0,2.0,7.0,0.0,0.0,3.0,2.0,8,23.0,11.0,7,0.0,4.0,13.0,7.0,2,15.0,26,3,1.0,3.0,0,12.0,14,6,12,7.0,3.0,7.0,12,9,0.0,4.0,3,8,6,3,7,4.0,2026-07-17 21:15:14
2025-03-22,Saturday,Weekend,482.0,6.0,40.0,2.0,0.0,4.0,3.0,16.0,22,14.0,7.0,4,17.0,15.0,7.0,4.0,1,0.0,3,32,11.0,0.0,15,15.0,11,2,29,25.0,10.0,11.0,3,20,16.0,2.0,9,59,16,8,19,4.0,2026-07-17 21:15:14
2025-03-23,Sunday,Weekend,630.0,11.0,18.0,41.0,24.0,14.0,15.0,42.0,14,0.0,73.0,3,3.0,6.0,9.0,28.0,8,1.0,15,20,34.0,9.0,1,15.0,4,0,27,8.0,15.0,21.0,10,1,4.0,3.0,67,24,15,1,1,25.0,2026-07-17 21:15:14
2025-03-24,Monday,Weekday,166.0,11.0,0.0,12.0,2.0,2.0,0.0,8.0,2,9.0,2.0,4,1.0,0.0,1.0,8.0,4,1.0,2,8,2.0,13.0,12,4.0,5,5,1,1.0,1.0,11.0,6,0,3.0,2.0,7,2,7,1,4,2.0,2026-07-17 21:15:14
2025-03-25,Tuesday,Weekday,233.0,2.0,6.0,5.0,26.0,8.0,3.0,16.0,13,4.0,5.0,15,5.0,6.0,0.0,7.0,1,1.0,12,7,3.0,3.0,1,0.0,2,1,2,11.0,1.0,0.0,16,6,0.0,0.0,6,2,12,3,16,6.0,2026-07-17 21:15:14
2025-03-26,Wednesday,Weekday,291.0,1.0,3.0,6.0,1.0,0.0,0.0,5.0,6,0.0,9.0,7,19.0,13.0,20.0,21.0,3,5.0,2,5,1.0,7.0,0,1.0,2,20,2,16.0,1.0,8.0,4,4,36.0,1.0,1,7,13,30,7,4.0,2026-07-17 21:15:14
2025-03-27,Thursday,Weekday,285.0,4.0,7.0,8.0,1.0,15.0,1.0,7.0,4,4.0,11.0,0,0.0,3.0,1.0,1.0,12,6.0,6,11,12.0,0.0,13,41.0,1,12,0,0.0,3.0,19.0,10,4,4.0,4.0,2,17,10,6,4,21.0,2026-07-17 21:15:14
2025-03-28,Friday,Weekday,193.0,6.0,2.0,3.0,1.0,26.0,2.0,0.0,2,2.0,6.0,1,0.0,0.0,1.0,2.0,8,1.0,0,7,9.0,3.0,1,7.0,0,11,9,3.0,1.0,0.0,38,5,2.0,0.0,4,20,8,0,2,0.0,2026-07-17 21:15:14
2025-03-29,Saturday,Weekend,408.0,21.0,3.0,13.0,1.0,1.0,9.0,17.0,2,6.0,11.0,15,10.0,1.0,7.0,18.0,19,10.0,64,1,6.0,14.0,1,37.0,4,4,2,3.0,9.0,4.0,2,13,1.0,15.0,3,7,6,8,11,29.0,2026-07-17 21:15:14
2025-03-30,Sunday,Weekend,414.0,3.0,5.0,5.0,64.0,20.0,3.0,5.0,2,14.0,28.0,32,7.0,10.0,6.0,7.0,3,12.0,0,0,10.0,22.0,8,10.0,14,4,1,23.0,21.0,5.0,2,14,9.0,0.0,1,34,0,3,5,2.0,2026-07-17 21:15:14
2025-03-31,Monday,Weekday,132.0,0.0,1.0,2.0,6.0,5.0,1.0,2.0,0,0.0,6.0,1,2.0,9.0,2.0,2.0,8,7.0,7,3,11.0,6.0,3,4.0,1,3,1,2.0,1.0,1.0,2,3,1.0,5.0,2,4,2,7,3,6.0,2026-07-17 21:15:14
2025-04-01,Tuesday,Weekday,258.0,1.0,2.0,2.0,1.0,5.0,13.0,6.0,4,11.0,0.0,3,5.0,7.0,5.0,1.0,3,22.0,25,4,8.0,1.0,4,10.0,4,14,9,9.0,0.0,10.0,27,5,1.0,23.0,3,4,0,1,1,4.0,2026-07-17 21:15:14
2025-04-02,Wednesday,Weekday,178.0,3.0,4.0,5.0,5.0,14.0,16.0,2.0,1,3.0,0.0,13,2.0,5.0,1.0,6.0,0,9.0,18,2,2.0,3.0,6,1.0,8,2,0,4.0,1.0,7.0,1,8,3.0,4.0,1,2,8,2,2,4.0,2026-07-17 21:15:14
2025-04-03,Thursday,Weekday,183.0,0.0,5.0,10.0,3.0,16.0,7.0,1.0,1,2.0,5.0,2,1.0,2.0,4.0,0.0,6,10.0,6,2,0.0,3.0,13,7.0,3,1,5,8.0,10.0,4.0,3,4,10.0,4.0,1,4,11,3,2,4.0,2026-07-17 21:15:14
2025-04-04,Friday,Weekday,514.0,9.0,0.0,17.0,7.0,57.0,34.0,9.0,46,6.0,21.0,0,3.0,24.0,34.0,7.0,6,9.0,22,3,7.0,21.0,39,0.0,18,13,3,16.0,16.0,3.0,9,16,3.0,7.0,3,6,4,9,3,4.0,2026-07-17 21:15:14
2025-04-05,Saturday,Weekend,514.0,4.0,14.0,15.0,1.0,54.0,13.0,10.0,8,2.0,61.0,0,15.0,7.0,28.0,6.0,10,18.0,1,1,2.0,2.0,0,13.0,19,39,7,3.0,29.0,26.0,13,3,26.0,2.0,0,18,17,3,10,14.0,2026-07-17 21:15:14
2025-04-06,Sunday,Weekend,579.0,25.0,4.0,1.0,11.0,38.0,2.0,9.0,6,0.0,49.0,3,23.0,6.0,5.0,45.0,16,17.0,20,7,12.0,5.0,28,16.0,4,31,11,9.0,0.0,34.0,48,8,6.0,5.0,4,12,1,37,2,19.0,2026-07-17 21:15:14
2025-04-07,Monday,Weekday,286.0,1.0,1.0,6.0,11.0,17.0,1.0,3.0,15,10.0,13.0,1,10.0,3.0,4.0,3.0,1,4.0,0,4,9.0,24.0,0,3.0,6,1,2,6.0,6.0,12.0,37,10,1.0,8.0,6,4,29,8,6,0.0,2026-07-17 21:15:14
2025-04-08,Tuesday,Weekday,169.0,8.0,6.0,2.0,3.0,0.0,0.0,5.0,1,11.0,11.0,2,2.0,2.0,0.0,0.0,3,13.0,10,6,4.0,9.0,3,1.0,5,13,0,1.0,1.0,0.0,1,1,12.0,8.0,13,1,0,1,9,1.0,2026-07-17 21:15:14
2025-04-09,Wednesday,Weekday,248.0,4.0,1.0,0.0,0.0,13.0,1.0,2.0,3,8.0,6.0,20,5.0,2.0,5.0,4.0,11,15.0,12,3,2.0,14.0,3,8.0,27,6,4,7.0,2.0,5.0,3,1,6.0,4.0,7,14,2,12,3,3.0,2026-07-17 21:15:14
2025-04-10,Thursday,Weekday,344.0,18.0,1.0,10.0,5.0,26.0,10.0,15.0,4,13.0,13.0,6,3.0,4.0,0.0,1.0,0,19.0,21,16,18.0,1.0,5,22.0,14,0,8,0.0,4.0,5.0,21,9,3.0,4.0,16,4,16,3,6,0.0,2026-07-17 21:15:14
2025-04-11,Friday,Weekday,319.0,15.0,2.0,3.0,4.0,13.0,11.0,0.0,0,18.0,18.0,19,11.0,13.0,6.0,9.0,17,2.0,5,13,8.0,9.0,4,0.0,0,31,22,2.0,2.0,0.0,2,3,1.0,13.0,10,0,16,7,1,9.0,2026-07-17 21:15:14
2025-04-12,Saturday,Weekend,543.0,0.0,1.0,4.0,30.0,27.0,6.0,22.0,3,32.0,18.0,13,20.0,12.0,28.0,21.0,2,4.0,1,2,5.0,0.0,6,18.0,24,0,0,3.0,34.0,9.0,56,21,24.0,1.0,7,65,3,10,5,6.0,2026-07-17 21:15:14
2025-04-13,Sunday,Weekend,411.0,17.0,6.0,13.0,11.0,9.0,13.0,33.0,33,14.0,8.0,2,0.0,2.0,4.0,1.0,2,1.0,7,1,13.0,3.0,12,21.0,1,38,10,0.0,4.0,21.0,8,2,20.0,12.0,10,18,19,3,7,12.0,2026-07-17 21:15:14
2025-04-14,Monday,Weekday,338.0,1.0,1.0,3.0,1.0,3.0,15.0,17.0,1,13.0,15.0,4,1.0,4.0,16.0,4.0,4,0.0,23,14,5.0,36.0,4,12.0,4,4,18,15.0,4.0,0.0,4,13,1.0,9.0,20,3,26,0,8,12.0,2026-07-17 21:15:14
2025-04-15,Tuesday,Weekday,370.0,7.0,4.0,34.0,0.0,15.0,4.0,6.0,10,8.0,4.0,14,0.0,0.0,6.0,8.0,4,10.0,10,4,9.0,39.0,9,15.0,4,16,15,11.0,25.0,3.0,4,0,14.0,20.0,5,4,21,0,4,4.0,2026-07-17 21:15:14
2025-04-16,Wednesday,Weekday,438.0,5.0,4.0,3.0,6.0,40.0,0.0,10.0,8,23.0,18.0,7,14.0,2.0,8.0,7.0,5,0.0,2,3,12.0,23.0,4,0.0,84,9,22,3.0,15.0,14.0,2,2,2.0,2.0,29,5,17,17,3,8.0,2026-07-17 21:15:14
2025-04-17,Thursday,Weekday,311.0,0.0,2.0,26.0,2.0,7.0,9.0,7.0,7,15.0,0.0,11,18.0,0.0,5.0,3.0,0,3.0,7,19,7.0,14.0,2,2.0,30,17,2,7.0,3.0,6.0,15,7,1.0,4.0,2,11,9,20,10,1.0,2026-07-17 21:15:14
2025-04-18,Friday,Weekday,277.0,10.0,5.0,2.0,4.0,46.0,5.0,10.0,6,5.0,19.0,15,0.0,2.0,5.0,3.0,12,2.0,13,9,3.0,4.0,2,3.0,11,5,10,6.0,2.0,6.0,11,2,8.0,2.0,2,4,6,12,5,0.0,2026-07-17 21:15:14
2025-04-19,Saturday,Weekend,694.0,13.0,11.0,7.0,30.0,5.0,40.0,8.0,11,56.0,39.0,1,14.0,7.0,15.0,22.0,14,1.0,15,0,7.0,11.0,19,13.0,3,50,26,7.0,71.0,40.0,4,14,13.0,2.0,4,14,9,38,1,39.0,2026-07-17 21:15:14
2025-04-20,Sunday,Weekend,425.0,17.0,15.0,6.0,16.0,14.0,10.0,5.0,26,0.0,24.0,26,11.0,3.0,5.0,9.0,6,0.0,0,20,1.0,39.0,7,19.0,3,33,0,1.0,1.0,1.0,8,19,3.0,18.0,13,32,4,3,2,5.0,2026-07-17 21:15:14
2025-04-21,Monday,Weekday,186.0,4.0,3.0,2.0,6.0,3.0,2.0,1.0,5,7.0,12.0,15,8.0,1.0,1.0,15.0,9,8.0,7,2,12.0,2.0,2,2.0,5,3,3,4.0,4.0,1.0,7,7,3.0,5.0,3,0,4,0,5,3.0,2026-07-17 21:15:14
2025-04-22,Tuesday,Weekday,170.0,1.0,3.0,10.0,2.0,29.0,10.0,7.0,8,2.0,3.0,14,2.0,0.0,1.0,6.0,2,1.0,7,3,5.0,1.0,1,1.0,3,7,6,1.0,11.0,1.0,1,6,1.0,4.0,0,0,6,1,0,3.0,2026-07-17 21:15:14
2025-04-23,Wednesday,Weekday,231.0,1.0,9.0,13.0,6.0,4.0,3.0,7.0,0,3.0,16.0,4,6.0,2.0,10.0,2.0,16,1.0,16,3,6.0,12.0,0,2.0,18,4,11,2.0,8.0,0.0,9,2,3.0,1.0,6,3,5,6,1,10.0,2026-07-17 21:15:14
2025-04-24,Thursday,Weekday,214.0,5.0,3.0,1.0,5.0,0.0,7.0,2.0,1,2.0,25.0,8,2.0,17.0,2.0,6.0,6,10.0,3,3,6.0,3.0,0,6.0,4,4,2,2.0,9.0,6.0,10,6,5.0,1.0,0,7,0,22,10,3.0,2026-07-17 21:15:14
2025-04-25,Friday,Weekday,189.0,3.0,3.0,8.0,8.0,0.0,10.0,7.0,0,3.0,7.0,1,1.0,0.0,18.0,0.0,2,1.0,8,10,10.0,7.0,6,3.0,6,1,7,1.0,13.0,3.0,4,4,9.0,5.0,3,3,1,2,0,11.0,2026-07-17 21:15:14
2025-04-26,Saturday,Weekend,366.0,10.0,2.0,0.0,5.0,7.0,12.0,5.0,17,1.0,6.0,23,0.0,5.0,3.0,7.0,3,20.0,23,17,5.0,46.0,9,4.0,1,9,10,1.0,7.0,43.0,5,2,16.0,1.0,20,11,6,1,0,3.0,2026-07-17 21:15:14
2025-04-27,Sunday,Weekend,449.0,7.0,5.0,12.0,9.0,10.0,23.0,10.0,24,2.0,14.0,9,20.0,6.0,2.0,5.0,2,2.0,6,19,2.0,2.0,17,4.0,26,2,5,1.0,41.0,19.0,17,1,25.0,19.0,4,8,51,4,1,13.0,2026-07-17 21:15:14
2025-04-28,Monday,Weekday,226.0,2.0,19.0,4.0,0.0,6.0,5.0,0.0,3,1.0,8.0,18,5.0,6.0,3.0,4.0,4,7.0,11,4,19.0,9.0,1,4.0,13,15,3,7.0,3.0,1.0,12,11,3.0,0.0,7,2,0,1,1,4.0,2026-07-17 21:15:14
2025-04-29,Tuesday,Weekday,220.0,1.0,1.0,18.0,21.0,2.0,1.0,5.0,1,2.0,3.0,16,19.0,12.0,6.0,7.0,4,5.0,7,8,0.0,2.0,22,2.0,2,3,2,0.0,1.0,6.0,1,6,0.0,0.0,9,8,9,0,1,7.0,2026-07-17 21:15:14
2025-04-30,Wednesday,Weekday,208.0,1.0,8.0,6.0,8.0,8.0,2.0,1.0,6,10.0,0.0,3,2.0,4.0,1.0,13.0,4,14.0,9,1,1.0,9.0,3,0.0,14,4,1,4.0,10.0,0.0,3,2,10.0,7.0,2,7,3,5,19,3.0,2026-07-17 21:15:14
2025-05-01,Thursday,Weekday,257.0,23.0,5.0,0.0,10.0,2.0,4.0,6.0,12,1.0,17.0,15,0.0,14.0,2.0,0.0,17,3.0,6,5,1.0,6.0,0,1.0,17,20,3,2.0,3.0,11.0,0,1,12.0,3.0,0,1,18,4,1,11.0,2026-07-17 21:15:14
2025-05-02,Friday,Weekday,293.0,23.0,0.0,12.0,4.0,12.0,3.0,7.0,10,8.0,9.0,2,36.0,2.0,13.0,2.0,13,2.0,3,12,3.0,8.0,2,4.0,17,0,2,3.0,0.0,2.0,4,1,21.0,0.0,22,20,2,0,0,9.0,2026-07-17 21:15:14
2025-05-03,Saturday,Weekend,638.0,12.0,12.0,11.0,3.0,37.0,5.0,53.0,5,4.0,44.0,12,21.0,9.0,35.0,33.0,8,3.0,14,46,14.0,44.0,6,32.0,1,6,9,15.0,5.0,33.0,31,14,1.0,2.0,7,17,1,12,8,13.0,2026-07-17 21:15:14
2025-05-04,Sunday,Weekend,767.0,8.0,13.0,4.0,8.0,55.0,5.0,66.0,0,13.0,8.0,88,74.0,4.0,5.0,22.0,36,18.0,35,2,18.0,20.0,4,21.0,46,32,4,6.0,11.0,1.0,54,1,21.0,6.0,10,0,5,9,17,17.0,2026-07-17 21:15:14
2025-05-05,Monday,Weekday,363.0,2.0,1.0,11.0,15.0,3.0,2.0,0.0,3,0.0,12.0,21,2.0,14.0,9.0,27.0,17,16.0,8,14,5.0,1.0,22,11.0,0,18,5,2.0,8.0,6.0,8,2,26.0,27.0,0,5,0,18,16,6.0,2026-07-17 21:15:14
2025-05-06,Tuesday,Weekday,237.0,10.0,8.0,4.0,3.0,5.0,1.0,6.0,1,2.0,0.0,7,33.0,16.0,9.0,11.0,5,3.0,3,0,6.0,2.0,10,1.0,2,26,1,4.0,0.0,0.0,8,6,1.0,13.0,7,3,2,9,8,1.0,2026-07-17 21:15:14
2025-05-07,Wednesday,Weekday,187.0,1.0,1.0,2.0,3.0,26.0,5.0,7.0,1,0.0,0.0,5,3.0,1.0,0.0,10.0,5,1.0,8,6,2.0,1.0,8,2.0,7,0,3,1.0,5.0,27.0,2,0,2.0,8.0,5,1,20,4,1,3.0,2026-07-17 21:15:14
2025-05-08,Thursday,Weekday,336.0,1.0,7.0,0.0,12.0,14.0,7.0,3.0,23,6.0,25.0,3,26.0,10.0,20.0,2.0,3,0.0,0,3,19.0,9.0,1,17.0,7,17,18,10.0,1.0,37.0,1,5,9.0,1.0,5,3,2,0,9,0.0,2026-07-17 21:15:14
2025-05-09,Friday,Weekday,364.0,17.0,7.0,7.0,16.0,11.0,3.0,3.0,10,7.0,4.0,7,4.0,12.0,9.0,29.0,7,20.0,7,9,5.0,5.0,32,2.0,2,17,8,2.0,5.0,7.0,8,13,3.0,7.0,15,17,2,5,6,14.0,2026-07-17 21:15:14
2025-05-10,Saturday,Weekend,484.0,14.0,8.0,41.0,5.0,27.0,16.0,22.0,42,7.0,4.0,7,18.0,19.0,4.0,0.0,8,6.0,1,13,4.0,11.0,1,19.0,13,5,10,3.0,44.0,16.0,15,1,0.0,7.0,1,17,8,4,1,42.0,2026-07-17 21:15:14
2025-05-11,Sunday,Weekend,579.0,27.0,1.0,4.0,6.0,7.0,22.0,13.0,35,17.0,20.0,11,23.0,10.0,2.0,12.0,8,42.0,8,0,3.0,23.0,40,14.0,0,0,7,75.0,25.0,27.0,11,20,4.0,0.0,26,3,19,12,1,1.0,2026-07-17 21:15:14
2025-05-12,Monday,Weekday,297.0,1.0,7.0,0.0,4.0,14.0,1.0,1.0,4,1.0,10.0,31,0.0,16.0,3.0,8.0,14,7.0,0,1,11.0,1.0,8,4.0,3,10,8,7.0,3.0,1.0,5,11,5.0,21.0,0,44,13,12,3,4.0,2026-07-17 21:15:14
2025-05-13,Tuesday,Weekday,272.0,12.0,10.0,3.0,4.0,15.0,18.0,4.0,4,17.0,14.0,5,0.0,12.0,3.0,0.0,7,3.0,3,5,11.0,4.0,0,5.0,0,11,26,8.0,3.0,1.0,1,1,3.0,1.0,18,17,13,0,10,0.0,2026-07-17 21:15:14
2025-05-14,Wednesday,Weekday,276.0,2.0,4.0,6.0,3.0,2.0,1.0,17.0,4,2.0,8.0,0,7.0,2.0,7.0,6.0,13,1.0,6,22,10.0,34.0,22,7.0,2,12,10,7.0,10.0,7.0,6,3,0.0,13.0,11,7,2,0,0,0.0,2026-07-17 21:15:14
2025-05-15,Thursday,Weekday,199.0,1.0,1.0,2.0,7.0,35.0,1.0,4.0,26,14.0,3.0,2,1.0,1.0,3.0,2.0,8,1.0,8,2,5.0,6.0,7,1.0,2,1,4,0.0,4.0,0.0,2,6,3.0,2.0,5,7,1,2,5,14.0,2026-07-17 21:15:14
2025-05-16,Friday,Weekday,240.0,0.0,4.0,14.0,4.0,5.0,7.0,0.0,3,1.0,2.0,2,7.0,18.0,3.0,0.0,7,5.0,7,6,15.0,2.0,2,3.0,4,18,13,10.0,2.0,7.0,3,12,2.0,2.0,10,7,13,2,12,6.0,2026-07-17 21:15:14
2025-05-17,Saturday,Weekend,340.0,10.0,9.0,17.0,6.0,2.0,8.0,18.0,2,2.0,19.0,4,2.0,23.0,2.0,4.0,6,7.0,5,24,12.0,5.0,5,8.0,0,29,2,13.0,15.0,20.0,2,7,1.0,15.0,5,2,18,4,2,5.0,2026-07-17 21:15:14
2025-05-18,Sunday,Weekend,380.0,3.0,24.0,4.0,8.0,44.0,3.0,3.0,2,26.0,18.0,2,3.0,21.0,7.0,6.0,10,11.0,23,12,20.0,14.0,0,1.0,17,0,14,16.0,5.0,4.0,2,0,9.0,1.0,18,3,17,1,5,3.0,2026-07-17 21:15:14
2025-05-19,Monday,Weekday,380.0,2.0,12.0,49.0,0.0,6.0,14.0,32.0,2,0.0,0.0,5,0.0,7.0,8.0,10.0,2,8.0,0,5,6.0,2.0,27,2.0,18,10,10,19.0,0.0,2.0,6,8,9.0,14.0,0,42,4,5,34,0.0,2026-07-17 21:15:14
2025-05-20,Tuesday,Weekday,269.0,29.0,0.0,2.0,2.0,7.0,6.0,1.0,0,0.0,2.0,19,4.0,12.0,2.0,0.0,7,14.0,16,7,3.0,2.0,7,3.0,16,8,16,6.0,11.0,3.0,5,0,8.0,4.0,9,11,12,0,15,0.0,2026-07-17 21:15:14
2025-05-21,Wednesday,Weekday,337.0,11.0,3.0,14.0,5.0,15.0,3.0,14.0,2,12.0,3.0,12,4.0,4.0,15.0,16.0,12,29.0,3,3,4.0,4.0,4,12.0,4,4,9,2.0,4.0,0.0,27,3,17.0,7.0,1,3,19,31,1,1.0,2026-07-17 21:15:14
2025-05-22,Thursday,Weekday,276.0,4.0,2.0,11.0,5.0,0.0,11.0,3.0,8,8.0,0.0,0,0.0,24.0,14.0,1.0,6,7.0,0,3,8.0,2.0,13,7.0,0,14,0,16.0,3.0,9.0,14,1,3.0,4.0,6,3,50,9,1,6.0,2026-07-17 21:15:14
2025-05-23,Friday,Weekday,314.0,7.0,17.0,4.0,2.0,0.0,42.0,5.0,2,6.0,6.0,4,12.0,0.0,7.0,6.0,7,4.0,9,0,6.0,4.0,6,6.0,13,13,6,2.0,11.0,32.0,2,0,3.0,5.0,3,20,12,4,24,2.0,2026-07-17 21:15:14
2025-05-24,Saturday,Weekend,841.0,3.0,7.0,2.0,36.0,18.0,30.0,48.0,10,24.0,34.0,60,0.0,10.0,72.0,9.0,5,26.0,12,22,49.0,18.0,21,10.0,46,41,9,10.0,47.0,14.0,16,10,3.0,12.0,43,22,31,5,5,1.0,2026-07-17 21:15:14
2025-05-25,Sunday,Weekend,507.0,1.0,6.0,6.0,4.0,76.0,6.0,18.0,3,3.0,13.0,0,0.0,3.0,2.0,9.0,11,6.0,4,22,3.0,15.0,27,4.0,1,50,4,4.0,6.0,4.0,55,0,6.0,8.0,7,9,72,28,4,7.0,2026-07-17 21:15:14
2025-05-26,Monday,Weekday,183.0,1.0,3.0,2.0,5.0,1.0,6.0,3.0,12,3.0,15.0,4,15.0,9.0,6.0,1.0,3,1.0,0,6,1.0,2.0,1,1.0,0,2,0,4.0,0.0,11.0,14,2,1.0,0.0,9,4,6,12,8,9.0,2026-07-17 21:15:14
2025-05-27,Tuesday,Weekday,281.0,6.0,10.0,13.0,3.0,42.0,7.0,3.0,4,8.0,5.0,11,2.0,16.0,1.0,1.0,12,1.0,12,1,22.0,1.0,0,19.0,1,20,9,0.0,3.0,0.0,4,3,4.0,16.0,1,2,8,1,7,2.0,2026-07-17 21:15:14
2025-05-28,Wednesday,Weekday,198.0,13.0,5.0,2.0,6.0,15.0,7.0,1.0,4,4.0,4.0,3,7.0,0.0,3.0,1.0,1,3.0,9,20,4.0,3.0,9,0.0,0,3,4,10.0,15.0,6.0,4,1,3.0,12.0,2,1,3,3,4,3.0,2026-07-17 21:15:14
2025-05-29,Thursday,Weekday,157.0,4.0,4.0,4.0,7.0,11.0,1.0,3.0,5,1.0,10.0,1,6.0,1.0,6.0,1.0,2,1.0,1,15,0.0,2.0,4,0.0,0,1,3,9.0,6.0,14.0,4,10,1.0,2.0,2,0,10,0,4,1.0,2026-07-17 21:15:14
2025-05-30,Friday,Weekday,325.0,0.0,3.0,3.0,34.0,19.0,6.0,2.0,5,0.0,20.0,2,10.0,11.0,6.0,11.0,16,2.0,11,14,5.0,2.0,4,25.0,5,2,0,2.0,2.0,9.0,4,16,21.0,7.0,22,5,15,2,0,2.0,2026-07-17 21:15:14
2025-05-31,Saturday,Weekend,418.0,4.0,11.0,2.0,1.0,37.0,10.0,6.0,1,16.0,1.0,7,10.0,6.0,21.0,0.0,15,8.0,9,39,8.0,17.0,1,17.0,11,31,26,2.0,4.0,24.0,9,4,1.0,3.0,8,13,7,0,7,21.0,2026-07-17 21:15:14
2025-06-01,Sunday,Weekend,324.0,4.0,12.0,2.0,14.0,15.0,19.0,10.0,2,16.0,10.0,2,0.0,4.0,11.0,7.0,4,0.0,4,1,4.0,34.0,16,3.0,7,5,1,34.0,4.0,5.0,8,1,2.0,2.0,3,1,25,10,12,10.0,2026-07-17 21:15:14
2025-06-02,Monday,Weekday,260.0,7.0,0.0,5.0,1.0,2.0,6.0,6.0,1,2.0,0.0,10,30.0,10.0,12.0,5.0,0,10.0,1,3,11.0,16.0,6,19.0,4,1,4,15.0,7.0,8.0,6,5,3.0,1.0,1,4,19,12,1,6.0,2026-07-17 21:15:14
2025-06-03,Tuesday,Weekday,229.0,3.0,4.0,5.0,1.0,20.0,12.0,0.0,7,0.0,0.0,21,7.0,3.0,9.0,10.0,12,0.0,9,11,5.0,4.0,0,1.0,4,8,8,4.0,8.0,9.0,5,1,2.0,1.0,0,0,11,0,2,22.0,2026-07-17 21:15:14
2025-06-04,Wednesday,Weekday,260.0,8.0,8.0,2.0,10.0,7.0,5.0,4.0,5,32.0,5.0,1,5.0,5.0,0.0,10.0,3,3.0,7,11,26.0,2.0,3,2.0,15,6,15,25.0,5.0,2.0,3,0,11.0,0.0,5,2,0,2,5,0.0,2026-07-17 21:15:14
2025-06-05,Thursday,Weekday,165.0,3.0,4.0,16.0,9.0,5.0,6.0,2.0,3,2.0,2.0,5,1.0,1.0,2.0,8.0,1,2.0,9,0,11.0,8.0,2,4.0,19,3,0,7.0,1.0,1.0,9,1,4.0,1.0,5,1,3,2,1,1.0,2026-07-17 21:15:14
2025-06-06,Friday,Weekday,375.0,6.0,35.0,9.0,7.0,14.0,61.0,13.0,13,4.0,11.0,3,14.0,6.0,14.0,3.0,8,6.0,3,0,5.0,10.0,13,7.0,9,9,9,0.0,8.0,3.0,10,12,11.0,3.0,3,0,9,8,1,15.0,2026-07-17 21:15:14
2025-06-07,Saturday,Weekend,693.0,9.0,22.0,19.0,21.0,69.0,0.0,1.0,26,7.0,113.0,5,4.0,18.0,6.0,7.0,51,0.0,15,7,9.0,5.0,3,0.0,97,21,29,1.0,0.0,17.0,25,7,8.0,9.0,2,30,6,9,15,0.0,2026-07-17 21:15:14
2025-06-08,Sunday,Weekend,706.0,28.0,42.0,2.0,21.0,16.0,2.0,24.0,19,17.0,45.0,8,22.0,23.0,3.0,67.0,8,27.0,26,13,2.0,4.0,5,15.0,5,12,9,0.0,9.0,20.0,21,0,5.0,73.0,3,28,20,2,18,42.0,2026-07-17 21:15:14
2025-06-09,Monday,Weekday,242.0,15.0,6.0,5.0,1.0,5.0,2.0,20.0,1,5.0,6.0,5,0.0,2.0,6.0,13.0,8,5.0,7,10,3.0,1.0,13,6.0,1,4,10,9.0,23.0,5.0,0,6,2.0,2.0,1,2,18,7,1,6.0,2026-07-17 21:15:14
2025-06-10,Tuesday,Weekday,276.0,5.0,9.0,12.0,0.0,22.0,0.0,1.0,0,1.0,14.0,7,6.0,17.0,4.0,0.0,7,12.0,24,3,8.0,9.0,1,6.0,1,4,13,10.0,6.0,8.0,1,1,1.0,7.0,11,4,24,8,4,5.0,2026-07-17 21:15:14
2025-06-11,Wednesday,Weekday,269.0,12.0,0.0,1.0,1.0,26.0,15.0,3.0,19,6.0,7.0,12,7.0,4.0,0.0,0.0,7,0.0,11,6,4.0,9.0,36,1.0,7,13,0,2.0,5.0,6.0,0,2,4.0,2.0,6,10,7,5,8,5.0,2026-07-17 21:15:14
2025-06-12,Thursday,Weekday,273.0,14.0,5.0,7.0,1.0,24.0,4.0,10.0,5,0.0,8.0,1,4.0,3.0,1.0,1.0,11,13.0,3,7,7.0,5.0,3,2.0,20,16,4,11.0,6.0,1.0,16,1,9.0,5.0,9,6,14,0,0,16.0,2026-07-17 21:15:14
2025-06-13,Friday,Weekday,350.0,8.0,14.0,7.0,6.0,15.0,1.0,11.0,23,23.0,9.0,6,17.0,13.0,20.0,10.0,21,0.0,13,0,15.0,11.0,0,8.0,2,2,2,5.0,3.0,2.0,2,0,3.0,8.0,8,32,3,20,4,3.0,2026-07-17 21:15:14
2025-06-14,Saturday,Weekend,535.0,3.0,0.0,7.0,21.0,34.0,34.0,18.0,12,9.0,44.0,13,2.0,13.0,6.0,12.0,31,13.0,34,24,1.0,0.0,6,25.0,2,16,7,17.0,4.0,3.0,4,7,3.0,16.0,3,13,50,9,3,16.0,2026-07-17 21:15:14
2025-06-15,Sunday,Weekend,328.0,0.0,3.0,7.0,2.0,18.0,7.0,6.0,4,7.0,6.0,3,5.0,10.0,12.0,5.0,32,4.0,14,1,12.0,7.0,10,3.0,6,18,14,3.0,5.0,0.0,1,1,4.0,14.0,7,16,17,12,7,25.0,2026-07-17 21:15:14
2025-06-16,Monday,Weekday,362.0,6.0,4.0,20.0,0.0,18.0,2.0,13.0,14,5.0,17.0,13,6.0,23.0,4.0,27.0,6,4.0,0,5,18.0,4.0,4,6.0,2,7,5,22.0,9.0,16.0,13,1,16.0,0.0,6,2,10,4,11,19.0,2026-07-17 21:15:14
2025-06-17,Tuesday,Weekday,253.0,8.0,2.0,7.0,17.0,5.0,1.0,1.0,5,11.0,14.0,5,9.0,8.0,10.0,1.0,3,2.0,15,12,3.0,0.0,13,6.0,1,1,0,5.0,3.0,10.0,28,1,2.0,2.0,6,13,3,1,8,11.0,2026-07-17 21:15:14
2025-06-18,Wednesday,Weekday,264.0,2.0,2.0,6.0,1.0,5.0,10.0,1.0,10,9.0,2.0,5,7.0,1.0,1.0,6.0,8,4.0,0,18,8.0,8.0,8,2.0,32,1,9,2.0,15.0,9.0,4,15,12.0,0.0,1,8,22,3,0,7.0,2026-07-17 21:15:14
2025-06-19,Thursday,Weekday,235.0,1.0,4.0,4.0,6.0,35.0,5.0,0.0,6,2.0,14.0,5,9.0,16.0,3.0,32.0,1,9.0,0,1,9.0,0.0,2,2.0,4,0,5,5.0,4.0,0.0,7,5,5.0,8.0,1,8,2,4,0,11.0,2026-07-17 21:15:14
2025-06-20,Friday,Weekday,297.0,3.0,23.0,19.0,47.0,0.0,7.0,3.0,5,2.0,0.0,8,27.0,6.0,3.0,19.0,3,22.0,13,5,7.0,8.0,7,2.0,9,0,8,4.0,2.0,10.0,4,4,0.0,3.0,2,2,3,0,3,4.0,2026-07-17 21:15:14
2025-06-21,Saturday,Weekend,549.0,11.0,7.0,37.0,0.0,23.0,27.0,1.0,10,15.0,7.0,6,26.0,13.0,6.0,30.0,24,7.0,10,18,6.0,17.0,5,5.0,5,47,33,12.0,16.0,1.0,19,5,12.0,23.0,1,16,19,3,16,10.0,2026-07-17 21:15:14
2025-06-22,Sunday,Weekend,595.0,15.0,1.0,8.0,81.0,23.0,9.0,5.0,1,33.0,3.0,79,1.0,3.0,6.0,9.0,20,49.0,6,0,12.0,19.0,7,3.0,6,15,9,21.0,3.0,26.0,1,4,10.0,16.0,3,42,22,3,10,11.0,2026-07-17 21:15:14
2025-06-23,Monday,Weekday,312.0,6.0,13.0,9.0,4.0,17.0,7.0,5.0,4,19.0,8.0,6,4.0,13.0,4.0,12.0,0,8.0,5,10,6.0,2.0,7,24.0,11,1,23,11.0,4.0,7.0,4,0,9.0,1.0,4,9,25,0,4,6.0,2026-07-17 21:15:14
2025-06-24,Tuesday,Weekday,253.0,9.0,21.0,0.0,7.0,0.0,9.0,1.0,17,1.0,17.0,4,7.0,7.0,1.0,3.0,1,0.0,1,5,11.0,10.0,0,3.0,12,5,1,4.0,4.0,0.0,14,2,21.0,16.0,9,3,3,4,2,18.0,2026-07-17 21:15:14
2025-06-25,Wednesday,Weekday,178.0,2.0,5.0,4.0,10.0,7.0,4.0,16.0,1,1.0,4.0,4,1.0,0.0,0.0,7.0,3,10.0,2,6,3.0,5.0,2,0.0,16,9,2,14.0,2.0,3.0,7,1,2.0,3.0,3,1,0,15,2,1.0,2026-07-17 21:15:14
2025-06-26,Thursday,Weekday,281.0,7.0,2.0,1.0,21.0,33.0,1.0,18.0,17,7.0,10.0,1,2.0,8.0,14.0,10.0,1,3.0,6,8,0.0,9.0,10,1.0,1,1,22,4.0,5.0,8.0,3,1,7.0,7.0,1,0,12,10,0,9.0,2026-07-17 21:15:14
2025-06-27,Friday,Weekday,276.0,17.0,2.0,5.0,9.0,3.0,9.0,14.0,12,2.0,18.0,3,2.0,2.0,18.0,4.0,15,2.0,10,2,0.0,38.0,0,6.0,16,12,5,7.0,6.0,2.0,2,3,3.0,1.0,1,4,5,5,2,9.0,2026-07-17 21:15:14
2025-06-28,Saturday,Weekend,442.0,20.0,4.0,3.0,17.0,51.0,0.0,0.0,2,16.0,64.0,19,13.0,15.0,3.0,15.0,6,3.0,3,14,19.0,11.0,1,0.0,4,5,6,1.0,15.0,16.0,4,9,1.0,5.0,19,13,1,25,13,6.0,2026-07-17 21:15:14
2025-06-29,Sunday,Weekend,615.0,11.0,2.0,12.0,16.0,59.0,1.0,7.0,42,4.0,38.0,0,0.0,6.0,20.0,1.0,9,1.0,2,10,8.0,3.0,7,17.0,1,8,4,6.0,30.0,45.0,4,12,13.0,25.0,31,8,76,59,8,9.0,2026-07-17 21:15:14
2025-06-30,Monday,Weekday,178.0,6.0,3.0,6.0,2.0,0.0,7.0,11.0,0,6.0,3.0,5,3.0,3.0,3.0,7.0,6,3.0,5,14,0.0,2.0,8,5.0,13,0,10,9.0,7.0,4.0,0,3,2.0,3.0,6,5,3,5,0,0.0,2026-07-17 21:15:14
2025-07-01,Tuesday,Weekday,363.0,3.0,12.0,15.0,8.0,29.0,1.0,36.0,23,8.0,0.0,5,2.0,11.0,3.0,6.0,3,1.0,3,0,14.0,4.0,12,11.0,0,4,8,26.0,4.0,7.0,19,13,23.0,5.0,1,16,2,6,9,10.0,2026-07-17 21:15:14
2025-07-02,Wednesday,Weekday,253.0,7.0,1.0,24.0,1.0,0.0,7.0,17.0,5,7.0,9.0,0,8.0,4.0,17.0,1.0,3,4.0,4,3,3.0,1.0,11,4.0,5,5,7,9.0,7.0,1.0,6,1,6.0,4.0,0,11,2,16,1,31.0,2026-07-17 21:15:14
2025-07-03,Thursday,Weekday,240.0,4.0,2.0,0.0,0.0,0.0,2.0,3.0,1,4.0,4.0,6,2.0,19.0,6.0,8.0,0,5.0,3,20,16.0,7.0,11,8.0,0,9,2,9.0,0.0,3.0,6,2,8.0,5.0,25,3,12,14,2,9.0,2026-07-17 21:15:14
2025-07-04,Friday,Weekday,281.0,4.0,1.0,0.0,11.0,3.0,0.0,6.0,3,12.0,2.0,2,5.0,5.0,15.0,7.0,23,2.0,6,8,12.0,34.0,3,4.0,17,2,0,5.0,2.0,5.0,36,2,9.0,1.0,3,2,9,2,10,8.0,2026-07-17 21:15:14
2025-07-05,Saturday,Weekend,335.0,4.0,0.0,0.0,8.0,27.0,6.0,4.0,18,2.0,6.0,9,3.0,54.0,6.0,1.0,2,7.0,7,36,8.0,11.0,2,1.0,8,19,9,4.0,8.0,7.0,2,10,6.0,4.0,7,2,7,9,2,9.0,2026-07-17 21:15:14
2025-07-06,Sunday,Weekend,381.0,6.0,20.0,22.0,8.0,3.0,10.0,6.0,10,1.0,14.0,4,5.0,41.0,6.0,10.0,11,1.0,14,3,16.0,9.0,3,5.0,14,9,12,2.0,17.0,3.0,10,1,3.0,9.0,4,25,17,22,5,0.0,2026-07-17 21:15:14
2025-07-07,Monday,Weekday,272.0,3.0,2.0,4.0,9.0,12.0,0.0,10.0,5,5.0,3.0,4,8.0,11.0,4.0,9.0,1,12.0,6,8,5.0,1.0,4,4.0,4,1,11,0.0,14.0,1.0,25,22,3.0,20.0,10,0,25,0,1,5.0,2026-07-17 21:15:14
2025-07-08,Tuesday,Weekday,205.0,0.0,1.0,14.0,22.0,9.0,2.0,8.0,0,12.0,2.0,7,5.0,12.0,8.0,9.0,3,6.0,5,1,3.0,1.0,9,0.0,17,3,1,11.0,0.0,3.0,6,1,2.0,5.0,9,0,2,2,2,2.0,2026-07-17 21:15:14
2025-07-09,Wednesday,Weekday,270.0,5.0,8.0,21.0,4.0,2.0,9.0,0.0,9,4.0,7.0,4,3.0,18.0,29.0,9.0,9,0.0,11,8,0.0,2.0,1,2.0,8,25,14,7.0,5.0,4.0,10,5,1.0,7.0,5,0,0,3,6,5.0,2026-07-17 21:15:14
2025-07-10,Thursday,Weekday,268.0,0.0,1.0,0.0,20.0,5.0,0.0,7.0,1,6.0,2.0,32,25.0,7.0,8.0,4.0,24,3.0,1,1,1.0,6.0,1,7.0,4,16,8,8.0,7.0,15.0,0,0,9.0,12.0,4,3,4,1,13,2.0,2026-07-17 21:15:14
2025-07-11,Friday,Weekday,303.0,9.0,14.0,0.0,0.0,5.0,11.0,4.0,0,4.0,0.0,1,4.0,1.0,11.0,4.0,12,8.0,23,0,1.0,18.0,17,1.0,1,17,1,19.0,38.0,1.0,18,4,13.0,4.0,0,9,3,23,4,0.0,2026-07-17 21:15:14
2025-07-12,Saturday,Weekend,509.0,3.0,18.0,4.0,19.0,3.0,6.0,25.0,0,3.0,37.0,9,16.0,18.0,8.0,20.0,12,13.0,1,35,17.0,5.0,12,5.0,15,59,0,35.0,1.0,7.0,8,3,8.0,20.0,3,1,16,17,25,2.0,2026-07-17 21:15:14
2025-07-13,Sunday,Weekend,378.0,13.0,4.0,2.0,29.0,3.0,8.0,12.0,4,9.0,10.0,2,10.0,21.0,5.0,51.0,5,6.0,7,2,18.0,13.0,17,8.0,17,8,6,22.0,5.0,5.0,2,19,2.0,2.0,1,5,4,10,3,8.0,2026-07-17 21:15:14
2025-07-14,Monday,Weekday,208.0,0.0,1.0,13.0,2.0,3.0,14.0,1.0,1,2.0,2.0,1,14.0,1.0,1.0,13.0,3,1.0,6,0,5.0,7.0,26,2.0,11,1,3,1.0,5.0,4.0,25,12,6.0,1.0,5,10,0,4,0,1.0,2026-07-17 21:15:14
2025-07-15,Tuesday,Weekday,393.0,0.0,31.0,0.0,2.0,62.0,7.0,16.0,5,10.0,0.0,7,10.0,8.0,6.0,16.0,7,12.0,3,21,4.0,6.0,4,26.0,25,3,14,3.0,0.0,24.0,3,1,8.0,18.0,3,3,0,0,1,24.0,2026-07-17 21:15:14
2025-07-16,Wednesday,Weekday,181.0,0.0,3.0,17.0,5.0,0.0,5.0,12.0,2,2.0,3.0,4,3.0,7.0,6.0,3.0,8,1.0,8,6,7.0,0.0,6,5.0,4,2,0,2.0,4.0,3.0,5,2,2.0,3.0,5,5,19,8,0,4.0,2026-07-17 21:15:14
2025-07-17,Thursday,Weekday,218.0,3.0,2.0,20.0,4.0,13.0,15.0,1.0,0,3.0,0.0,1,24.0,18.0,7.0,8.0,1,4.0,1,3,3.0,5.0,0,0.0,6,7,3,1.0,14.0,0.0,8,1,5.0,6.0,8,3,0,9,3,8.0,2026-07-17 21:15:14
2025-07-18,Friday,Weekday,440.0,9.0,6.0,69.0,5.0,15.0,10.0,8.0,8,14.0,13.0,5,10.0,0.0,0.0,0.0,6,17.0,10,36,0.0,13.0,3,0.0,17,2,3,5.0,13.0,10.0,2,3,0.0,3.0,16,22,43,16,16,12.0,2026-07-17 21:15:14
2025-07-19,Saturday,Weekend,726.0,44.0,26.0,8.0,5.0,23.0,13.0,13.0,20,21.0,2.0,6,28.0,17.0,5.0,36.0,4,8.0,6,33,20.0,11.0,41,44.0,20,42,24,16.0,11.0,5.0,3,20,1.0,7.0,4,9,9,32,44,45.0,2026-07-17 21:15:14
2025-07-20,Sunday,Weekend,470.0,7.0,33.0,4.0,6.0,3.0,21.0,2.0,9,19.0,15.0,1,11.0,16.0,2.0,15.0,25,53.0,7,0,6.0,11.0,22,31.0,26,12,11,0.0,4.0,25.0,13,7,1.0,4.0,6,25,1,2,10,4.0,2026-07-17 21:15:14
2025-07-21,Monday,Weekday,180.0,1.0,1.0,3.0,5.0,16.0,3.0,5.0,1,5.0,7.0,1,5.0,1.0,4.0,5.0,5,10.0,13,7,9.0,0.0,3,0.0,1,2,8,3.0,4.0,2.0,4,6,1.0,9.0,1,11,0,3,13,2.0,2026-07-17 21:15:14
2025-07-22,Tuesday,Weekday,217.0,3.0,5.0,2.0,0.0,2.0,1.0,12.0,11,3.0,11.0,1,2.0,8.0,3.0,0.0,6,30.0,3,2,3.0,6.0,6,13.0,10,9,6,3.0,6.0,6.0,1,3,1.0,11.0,2,8,4,8,1,5.0,2026-07-17 21:15:14
2025-07-23,Wednesday,Weekday,217.0,1.0,3.0,1.0,5.0,16.0,7.0,0.0,4,11.0,8.0,0,3.0,5.0,1.0,7.0,6,1.0,5,11,2.0,1.0,6,0.0,10,18,22,3.0,6.0,13.0,1,0,2.0,10.0,3,6,10,5,0,4.0,2026-07-17 21:15:14
2025-07-24,Thursday,Weekday,186.0,5.0,5.0,6.0,4.0,13.0,2.0,4.0,6,6.0,5.0,0,2.0,0.0,1.0,4.0,6,4.0,0,1,4.0,5.0,9,12.0,10,2,5,2.0,0.0,0.0,1,0,5.0,1.0,6,10,25,10,4,1.0,2026-07-17 21:15:14
2025-07-25,Friday,Weekday,267.0,6.0,9.0,13.0,18.0,14.0,4.0,16.0,18,3.0,8.0,9,3.0,9.0,0.0,3.0,3,9.0,0,0,13.0,1.0,2,9.0,4,10,3,8.0,4.0,17.0,2,3,17.0,8.0,6,2,6,2,1,4.0,2026-07-17 21:15:14
2025-07-26,Saturday,Weekend,457.0,48.0,3.0,4.0,4.0,31.0,8.0,6.0,24,4.0,8.0,1,1.0,3.0,5.0,10.0,0,3.0,2,4,2.0,2.0,48,13.0,19,20,13,17.0,10.0,9.0,37,2,3.0,1.0,21,7,45,6,6,7.0,2026-07-17 21:15:14
2025-07-27,Sunday,Weekend,190.0,4.0,7.0,3.0,6.0,3.0,3.0,5.0,12,12.0,5.0,0,10.0,0.0,3.0,0.0,3,5.0,2,12,6.0,5.0,3,0.0,7,7,4,3.0,5.0,7.0,8,5,12.0,5.0,0,5,6,0,2,5.0,2026-07-17 21:15:14
2025-07-28,Monday,Weekday,291.0,11.0,16.0,17.0,1.0,10.0,6.0,3.0,3,1.0,3.0,15,1.0,1.0,2.0,11.0,1,0.0,3,3,2.0,12.0,0,0.0,1,17,1,40.0,15.0,5.0,11,5,5.0,7.0,7,0,15,10,3,27.0,2026-07-17 21:15:14
2025-07-29,Tuesday,Weekday,244.0,1.0,13.0,6.0,6.0,17.0,8.0,3.0,6,0.0,4.0,14,1.0,0.0,4.0,3.0,3,4.0,5,3,4.0,25.0,20,9.0,1,3,11,3.0,16.0,3.0,10,0,2.0,5.0,9,5,2,11,4,0.0,2026-07-17 21:15:14
2025-07-30,Wednesday,Weekday,285.0,5.0,8.0,5.0,20.0,8.0,7.0,2.0,7,1.0,2.0,3,0.0,2.0,6.0,2.0,1,29.0,6,5,3.0,7.0,8,6.0,5,9,25,18.0,2.0,9.0,0,7,4.0,6.0,8,13,16,0,8,12.0,2026-07-17 21:15:14
2025-07-31,Thursday,Weekday,250.0,1.0,2.0,9.0,4.0,12.0,3.0,21.0,17,1.0,4.0,3,0.0,2.0,8.0,11.0,14,0.0,10,5,1.0,4.0,10,2.0,32,6,4,1.0,0.0,6.0,5,4,3.0,8.0,2,5,10,1,13,6.0,2026-07-17 21:15:14
2025-08-01,Friday,Weekday,222.0,0.0,8.0,14.0,7.0,5.0,22.0,2.0,4,2.0,3.0,13,8.0,8.0,3.0,13.0,2,0.0,6,3,2.0,13.0,5,18.0,4,0,0,13.0,0.0,6.0,2,4,2.0,0.0,7,2,5,8,6,2.0,2026-07-17 21:15:14
2025-08-02,Saturday,Weekend,393.0,9.0,18.0,9.0,9.0,24.0,12.0,4.0,41,0.0,49.0,2,5.0,16.0,3.0,2.0,9,8.0,0,5,5.0,3.0,7,1.0,3,10,18,7.0,1.0,9.0,19,5,5.0,33.0,6,13,12,2,2,7.0,2026-07-17 21:15:14
2025-08-03,Sunday,Weekend,502.0,12.0,6.0,0.0,33.0,51.0,8.0,22.0,3,12.0,15.0,15,13.0,12.0,5.0,1.0,42,0.0,6,9,6.0,13.0,10,6.0,1,3,8,31.0,1.0,18.0,24,4,16.0,14.0,16,39,11,4,11,1.0,2026-07-17 21:15:14
2025-08-04,Monday,Weekday,227.0,2.0,11.0,3.0,2.0,2.0,1.0,1.0,8,18.0,6.0,0,9.0,9.0,13.0,4.0,3,4.0,0,4,6.0,5.0,5,7.0,4,0,11,4.0,6.0,1.0,11,2,5.0,12.0,11,4,2,15,16,0.0,2026-07-17 21:15:14
2025-08-05,Tuesday,Weekday,218.0,3.0,3.0,0.0,2.0,8.0,14.0,0.0,16,14.0,15.0,2,3.0,2.0,15.0,5.0,0,2.0,3,19,5.0,8.0,0,12.0,6,14,3,7.0,3.0,2.0,2,0,4.0,6.0,1,3,5,6,1,4.0,2026-07-17 21:15:14
2025-08-06,Wednesday,Weekday,273.0,4.0,4.0,7.0,2.0,32.0,21.0,9.0,3,9.0,12.0,5,3.0,2.0,2.0,9.0,18,4.0,2,0,6.0,3.0,3,3.0,12,9,25,10.0,2.0,14.0,2,7,0.0,0.0,5,2,5,3,12,2.0,2026-07-17 21:15:14
2025-08-07,Thursday,Weekday,224.0,4.0,6.0,4.0,9.0,12.0,16.0,2.0,3,6.0,0.0,0,1.0,8.0,0.0,6.0,1,5.0,2,0,1.0,1.0,1,2.0,16,5,11,18.0,4.0,1.0,14,5,13.0,5.0,6,12,10,4,3,7.0,2026-07-17 21:15:14
2025-08-08,Friday,Weekday,171.0,6.0,2.0,3.0,5.0,0.0,1.0,1.0,11,2.0,6.0,9,2.0,1.0,16.0,7.0,1,10.0,8,10,2.0,4.0,7,2.0,0,2,6,2.0,0.0,7.0,3,1,6.0,3.0,6,0,0,4,14,1.0,2026-07-17 21:15:14
2025-08-09,Saturday,Weekend,535.0,14.0,2.0,5.0,1.0,51.0,5.0,5.0,19,3.0,6.0,1,49.0,4.0,65.0,2.0,0,30.0,12,5,9.0,4.0,14,13.0,1,36,8,2.0,6.0,27.0,8,9,35.0,14.0,14,4,16,7,28,1.0,2026-07-17 21:15:14
2025-08-10,Sunday,Weekend,512.0,5.0,1.0,6.0,1.0,34.0,27.0,13.0,1,5.0,52.0,1,10.0,6.0,71.0,4.0,0,13.0,5,15,1.0,9.0,4,8.0,19,43,16,16.0,10.0,1.0,15,1,4.0,12.0,11,4,23,26,7,12.0,2026-07-17 21:15:14
2025-08-11,Monday,Weekday,181.0,2.0,12.0,1.0,8.0,18.0,4.0,7.0,2,10.0,8.0,1,0.0,3.0,7.0,6.0,8,1.0,2,4,4.0,2.0,4,3.0,3,4,3,1.0,9.0,1.0,5,1,3.0,7.0,0,16,0,0,7,4.0,2026-07-17 21:15:14
2025-08-12,Tuesday,Weekday,222.0,1.0,11.0,6.0,0.0,15.0,2.0,1.0,8,8.0,7.0,11,9.0,1.0,9.0,3.0,3,14.0,8,1,5.0,4.0,0,12.0,8,7,5,1.0,9.0,3.0,0,17,9.0,4.0,0,2,4,4,5,5.0,2026-07-17 21:15:14
2025-08-13,Wednesday,Weekday,283.0,2.0,7.0,9.0,8.0,33.0,10.0,1.0,16,1.0,37.0,8,6.0,1.0,1.0,1.0,15,3.0,6,15,1.0,8.0,2,1.0,12,6,0,5.0,10.0,0.0,4,8,9.0,9.0,1,5,11,1,4,6.0,2026-07-17 21:15:14
2025-08-14,Thursday,Weekday,432.0,9.0,0.0,2.0,7.0,14.0,11.0,2.0,0,10.0,28.0,15,7.0,28.0,4.0,8.0,0,22.0,6,5,0.0,5.0,0,3.0,28,2,7,2.0,14.0,8.0,2,12,13.0,21.0,0,5,100,14,11,7.0,2026-07-17 21:15:14
2025-08-15,Friday,Weekday,348.0,10.0,11.0,0.0,9.0,19.0,0.0,2.0,2,15.0,15.0,7,11.0,4.0,16.0,2.0,8,2.0,0,2,4.0,14.0,6,2.0,36,2,31,20.0,7.0,0.0,8,11,3.0,2.0,10,7,3,25,19,3.0,2026-07-17 21:15:14
2025-08-16,Saturday,Weekend,566.0,0.0,12.0,7.0,1.0,60.0,81.0,7.0,22,1.0,14.0,1,1.0,17.0,31.0,11.0,12,7.0,26,8,1.0,3.0,3,12.0,1,35,42,5.0,15.0,12.0,65,1,15.0,7.0,11,5,4,4,1,5.0,2026-07-17 21:15:14
2025-08-17,Sunday,Weekend,594.0,18.0,16.0,12.0,0.0,3.0,28.0,5.0,43,34.0,5.0,37,16.0,16.0,32.0,8.0,18,17.0,22,15,1.0,6.0,52,4.0,9,6,2,3.0,5.0,8.0,32,9,14.0,7.0,30,16,2,9,19,15.0,2026-07-17 21:15:14
2025-08-18,Monday,Weekday,225.0,8.0,1.0,14.0,1.0,0.0,2.0,0.0,4,10.0,13.0,4,3.0,19.0,4.0,11.0,10,1.0,0,3,7.0,7.0,4,1.0,0,12,3,4.0,10.0,9.0,5,2,4.0,1.0,3,0,8,25,11,1.0,2026-07-17 21:15:14
2025-08-19,Tuesday,Weekday,361.0,7.0,3.0,4.0,7.0,29.0,0.0,7.0,10,4.0,3.0,11,15.0,14.0,6.0,4.0,4,0.0,3,21,0.0,0.0,1,8.0,7,2,3,35.0,32.0,23.0,4,6,13.0,4.0,9,14,15,9,5,19.0,2026-07-17 21:15:14
2025-08-20,Wednesday,Weekday,142.0,5.0,4.0,2.0,6.0,19.0,3.0,2.0,5,3.0,11.0,5,5.0,4.0,0.0,2.0,0,3.0,4,2,0.0,2.0,0,5.0,6,6,0,0.0,8.0,1.0,5,3,2.0,2.0,1,9,3,1,2,1.0,2026-07-17 21:15:14
2025-08-21,Thursday,Weekday,238.0,5.0,4.0,0.0,0.0,2.0,1.0,3.0,12,0.0,2.0,3,5.0,10.0,18.0,4.0,1,1.0,3,13,8.0,1.0,12,14.0,14,3,1,1.0,4.0,4.0,13,2,6.0,11.0,2,2,11,11,21,10.0,2026-07-17 21:15:14
2025-08-22,Friday,Weekday,268.0,11.0,5.0,1.0,12.0,31.0,3.0,3.0,5,29.0,0.0,11,13.0,12.0,7.0,21.0,2,4.0,4,0,4.0,2.0,10,4.0,11,3,2,2.0,2.0,2.0,2,6,3.0,2.0,0,19,3,2,4,11.0,2026-07-17 21:15:14
2025-08-23,Saturday,Weekend,328.0,6.0,3.0,10.0,10.0,1.0,3.0,39.0,7,6.0,3.0,20,2.0,1.0,6.0,6.0,46,2.0,7,3,11.0,5.0,10,5.0,8,6,4,7.0,6.0,17.0,7,21,3.0,1.0,4,2,7,2,15,6.0,2026-07-17 21:15:14
2025-08-24,Sunday,Weekend,433.0,5.0,12.0,1.0,17.0,10.0,1.0,15.0,6,8.0,28.0,21,19.0,5.0,13.0,2.0,16,4.0,5,18,14.0,29.0,4,1.0,23,7,19,12.0,17.0,9.0,14,1,28.0,2.0,0,6,17,12,3,9.0,2026-07-17 21:15:14
2025-08-25,Monday,Weekday,185.0,9.0,4.0,3.0,5.0,21.0,11.0,0.0,1,0.0,6.0,3,4.0,8.0,2.0,1.0,3,0.0,11,3,6.0,2.0,7,5.0,1,6,1,5.0,7.0,4.0,8,2,0.0,0.0,2,3,7,9,10,5.0,2026-07-17 21:15:14
2025-08-26,Tuesday,Weekday,273.0,4.0,1.0,5.0,3.0,11.0,11.0,5.0,0,21.0,5.0,18,12.0,5.0,0.0,23.0,7,2.0,6,8,1.0,0.0,1,0.0,0,1,1,2.0,21.0,6.0,5,6,0.0,18.0,5,4,24,9,2,20.0,2026-07-17 21:15:14
2025-08-27,Wednesday,Weekday,245.0,9.0,15.0,0.0,17.0,7.0,5.0,1.0,1,0.0,5.0,1,0.0,20.0,10.0,5.0,8,6.0,1,7,7.0,1.0,3,3.0,5,1,8,3.0,7.0,18.0,13,7,1.0,8.0,6,9,17,4,5,1.0,2026-07-17 21:15:14
2025-08-28,Thursday,Weekday,238.0,2.0,3.0,3.0,4.0,9.0,3.0,16.0,7,25.0,9.0,4,3.0,7.0,6.0,6.0,7,11.0,1,4,5.0,1.0,21,11.0,1,3,7,0.0,3.0,3.0,8,7,3.0,7.0,11,4,2,7,1,3.0,2026-07-17 21:15:14
2025-08-29,Friday,Weekday,256.0,0.0,4.0,3.0,6.0,0.0,4.0,8.0,0,9.0,2.0,7,3.0,3.0,2.0,1.0,0,13.0,7,23,8.0,13.0,4,0.0,13,0,5,11.0,4.0,1.0,4,25,45.0,7.0,12,0,3,3,0,3.0,2026-07-17 21:15:14
2025-08-30,Saturday,Weekend,497.0,2.0,10.0,0.0,5.0,56.0,4.0,1.0,5,31.0,19.0,13,0.0,12.0,5.0,7.0,16,31.0,4,28,1.0,7.0,4,40.0,3,14,4,14.0,9.0,1.0,27,19,4.0,11.0,6,25,30,1,26,2.0,2026-07-17 21:15:14
2025-08-31,Sunday,Weekend,447.0,1.0,13.0,2.0,1.0,11.0,19.0,2.0,7,5.0,9.0,14,6.0,20.0,11.0,6.0,7,17.0,10,27,37.0,16.0,50,10.0,0,10,3,5.0,8.0,4.0,6,5,4.0,2.0,16,7,32,25,13,6.0,2026-07-17 21:15:14
2025-09-01,Monday,Weekday,300.0,14.0,3.0,13.0,6.0,15.0,12.0,9.0,12,1.0,13.0,7,4.0,6.0,4.0,4.0,13,10.0,0,0,10.0,19.0,0,5.0,21,0,3,23.0,2.0,9.0,6,1,0.0,5.0,11,2,15,10,4,8.0,2026-07-17 21:15:14
2025-09-02,Tuesday,Weekday,246.0,0.0,1.0,5.0,4.0,5.0,7.0,5.0,6,11.0,41.0,3,3.0,7.0,1.0,5.0,4,22.0,18,10,3.0,5.0,1,11.0,8,9,1,3.0,5.0,0.0,3,0,13.0,5.0,4,1,4,1,4,7.0,2026-07-17 21:15:14
2025-09-03,Wednesday,Weekday,170.0,1.0,0.0,1.0,7.0,16.0,6.0,3.0,0,7.0,0.0,2,2.0,2.0,2.0,8.0,1,8.0,8,3,0.0,4.0,9,2.0,8,6,18,9.0,1.0,2.0,0,0,5.0,9.0,13,1,1,3,1,1.0,2026-07-17 21:15:14
2025-09-04,Thursday,Weekday,316.0,10.0,8.0,17.0,4.0,6.0,7.0,3.0,10,0.0,16.0,10,1.0,10.0,1.0,5.0,8,9.0,25,1,4.0,16.0,6,15.0,2,12,13,14.0,13.0,1.0,3,1,1.0,3.0,18,5,17,20,0,1.0,2026-07-17 21:15:14
2025-09-05,Friday,Weekday,309.0,3.0,7.0,2.0,12.0,0.0,1.0,4.0,6,17.0,36.0,16,0.0,8.0,4.0,2.0,5,3.0,3,0,26.0,8.0,2,17.0,22,14,8,3.0,4.0,5.0,23,8,2.0,6.0,7,12,0,9,3,1.0,2026-07-17 21:15:14
2025-09-06,Saturday,Weekend,294.0,8.0,2.0,9.0,2.0,38.0,9.0,2.0,9,1.0,9.0,1,2.0,24.0,1.0,5.0,1,6.0,2,2,3.0,2.0,18,14.0,11,1,1,5.0,22.0,6.0,2,9,1.0,11.0,18,25,1,5,5,1.0,2026-07-17 21:15:14
2025-09-07,Sunday,Weekend,380.0,6.0,8.0,4.0,4.0,2.0,24.0,18.0,16,0.0,13.0,2,11.0,10.0,18.0,3.0,0,25.0,22,6,1.0,6.0,8,13.0,12,1,11,1.0,1.0,5.0,1,13,5.0,8.0,7,37,33,20,3,2.0,2026-07-17 21:15:14
2025-09-08,Monday,Weekday,224.0,7.0,5.0,1.0,1.0,7.0,7.0,7.0,11,6.0,5.0,6,30.0,0.0,6.0,3.0,1,5.0,9,5,0.0,6.0,1,2.0,2,16,0,3.0,5.0,6.0,12,7,8.0,1.0,16,3,0,8,5,1.0,2026-07-17 21:15:14
2025-09-09,Tuesday,Weekday,264.0,20.0,4.0,4.0,3.0,2.0,19.0,8.0,6,7.0,17.0,9,1.0,7.0,7.0,25.0,10,3.0,1,6,8.0,1.0,8,14.0,2,8,0,0.0,0.0,6.0,23,7,1.0,0.0,6,0,16,1,2,2.0,2026-07-17 21:15:14
2025-09-10,Wednesday,Weekday,327.0,12.0,1.0,2.0,6.0,9.0,19.0,1.0,0,6.0,3.0,4,1.0,18.0,4.0,14.0,26,27.0,5,37,9.0,2.0,20,6.0,1,14,9,17.0,13.0,3.0,1,9,6.0,0.0,1,2,10,0,1,8.0,2026-07-17 21:15:14
2025-09-11,Thursday,Weekday,215.0,2.0,2.0,15.0,7.0,4.0,9.0,1.0,5,3.0,11.0,2,1.0,5.0,9.0,5.0,7,3.0,8,5,2.0,12.0,11,17.0,5,7,12,0.0,14.0,1.0,0,1,4.0,0.0,0,6,5,11,1,2.0,2026-07-17 21:15:14
2025-09-12,Friday,Weekday,359.0,1.0,8.0,4.0,4.0,8.0,16.0,3.0,6,3.0,3.0,3,6.0,7.0,18.0,24.0,7,3.0,15,13,14.0,0.0,14,20.0,8,12,15,7.0,16.0,15.0,21,18,5.0,0.0,0,25,6,5,5,1.0,2026-07-17 21:15:14
2025-09-13,Saturday,Weekend,259.0,5.0,9.0,3.0,10.0,11.0,3.0,3.0,14,4.0,5.0,5,20.0,4.0,8.0,4.0,1,1.0,1,0,6.0,1.0,13,27.0,5,5,3,6.0,6.0,3.0,3,5,4.0,8.0,17,11,4,10,3,8.0,2026-07-17 21:15:14
2025-09-14,Sunday,Weekend,315.0,17.0,3.0,2.0,6.0,2.0,10.0,14.0,5,6.0,11.0,1,11.0,7.0,10.0,10.0,13,1.0,15,9,13.0,3.0,2,20.0,5,9,7,8.0,1.0,4.0,1,6,18.0,4.0,12,3,28,5,4,9.0,2026-07-17 21:15:14
2025-09-15,Monday,Weekday,295.0,7.0,4.0,0.0,1.0,25.0,23.0,1.0,9,0.0,6.0,5,11.0,0.0,14.0,2.0,17,9.0,3,15,1.0,1.0,0,4.0,1,4,0,2.0,23.0,16.0,1,9,7.0,2.0,3,23,17,16,5,8.0,2026-07-17 21:15:14
2025-09-16,Tuesday,Weekday,304.0,7.0,8.0,12.0,1.0,13.0,7.0,0.0,4,18.0,28.0,11,3.0,4.0,1.0,8.0,12,18.0,13,0,1.0,16.0,15,6.0,4,5,7,1.0,4.0,7.0,2,43,1.0,5.0,5,4,2,5,0,3.0,2026-07-17 21:15:14
2025-09-17,Wednesday,Weekday,212.0,4.0,1.0,18.0,9.0,2.0,19.0,3.0,3,1.0,15.0,6,0.0,0.0,6.0,8.0,17,5.0,7,10,8.0,3.0,1,6.0,10,1,5,4.0,1.0,2.0,3,3,3.0,5.0,1,6,0,3,5,8.0,2026-07-17 21:15:14
2025-09-18,Thursday,Weekday,161.0,5.0,1.0,2.0,1.0,7.0,1.0,5.0,5,6.0,25.0,8,4.0,9.0,1.0,0.0,3,12.0,5,1,4.0,0.0,3,1.0,0,1,6,2.0,0.0,2.0,7,9,7.0,0.0,1,1,2,5,1,8.0,2026-07-17 21:15:14
2025-09-19,Friday,Weekday,191.0,9.0,2.0,6.0,5.0,9.0,9.0,1.0,7,1.0,4.0,5,0.0,1.0,1.0,2.0,5,29.0,2,1,4.0,1.0,0,5.0,11,11,1,1.0,5.0,2.0,7,4,0.0,2.0,11,4,12,4,6,1.0,2026-07-17 21:15:14
2025-09-20,Saturday,Weekend,301.0,12.0,15.0,1.0,2.0,9.0,7.0,10.0,14,12.0,11.0,9,0.0,1.0,7.0,13.0,17,14.0,7,4,5.0,0.0,10,1.0,1,10,0,9.0,10.0,13.0,1,0,13.0,3.0,19,3,13,1,5,19.0,2026-07-17 21:15:14
2025-09-21,Sunday,Weekend,396.0,10.0,9.0,4.0,30.0,17.0,1.0,0.0,0,1.0,38.0,6,4.0,5.0,6.0,3.0,1,1.0,9,5,25.0,7.0,9,26.0,8,8,5,12.0,6.0,9.0,6,6,13.0,5.0,3,8,43,12,3,32.0,2026-07-17 21:15:14
2025-09-22,Monday,Weekday,220.0,3.0,17.0,1.0,43.0,0.0,5.0,7.0,8,8.0,6.0,0,3.0,5.0,5.0,1.0,1,4.0,7,12,0.0,11.0,15,0.0,4,5,4,5.0,4.0,1.0,0,1,7.0,1.0,8,2,3,11,1,1.0,2026-07-17 21:15:14
2025-09-23,Tuesday,Weekday,141.0,13.0,2.0,1.0,1.0,10.0,3.0,0.0,7,1.0,24.0,1,3.0,1.0,1.0,1.0,1,1.0,1,11,0.0,2.0,3,3.0,4,4,9,4.0,5.0,3.0,3,2,1.0,1.0,1,1,3,1,2,6.0,2026-07-17 21:15:14
2025-09-24,Wednesday,Weekday,188.0,3.0,2.0,2.0,8.0,21.0,7.0,1.0,2,18.0,2.0,1,1.0,16.0,2.0,12.0,0,6.0,0,1,5.0,3.0,5,15.0,0,1,4,8.0,7.0,2.0,6,1,0.0,3.0,5,2,4,2,3,7.0,2026-07-17 21:15:14
2025-09-25,Thursday,Weekday,183.0,3.0,1.0,8.0,6.0,9.0,8.0,2.0,3,3.0,4.0,7,5.0,7.0,8.0,1.0,5,5.0,8,2,3.0,0.0,9,3.0,3,0,4,0.0,10.0,8.0,1,3,3.0,5.0,5,20,3,0,3,5.0,2026-07-17 21:15:14
2025-09-26,Friday,Weekday,251.0,2.0,3.0,9.0,11.0,2.0,11.0,1.0,1,3.0,22.0,7,3.0,1.0,10.0,6.0,34,11.0,0,8,1.0,21.0,0,1.0,5,0,2,4.0,5.0,5.0,14,3,19.0,1.0,1,6,2,2,11,3.0,2026-07-17 21:15:14
2025-09-27,Saturday,Weekend,369.0,2.0,10.0,1.0,8.0,1.0,2.0,1.0,24,0.0,10.0,3,5.0,6.0,5.0,11.0,26,3.0,0,25,37.0,7.0,6,2.0,6,4,43,2.0,5.0,8.0,4,4,36.0,6.0,18,0,1,27,1,9.0,2026-07-17 21:15:14
2025-09-28,Sunday,Weekend,354.0,4.0,3.0,11.0,13.0,42.0,2.0,14.0,4,11.0,2.0,7,2.0,4.0,13.0,3.0,12,7.0,1,6,23.0,47.0,4,1.0,2,15,9,3.0,5.0,17.0,5,10,3.0,11.0,5,8,11,6,5,3.0,2026-07-17 21:15:14
2025-09-29,Monday,Weekday,192.0,19.0,8.0,4.0,0.0,2.0,8.0,9.0,1,6.0,5.0,1,3.0,6.0,0.0,1.0,0,10.0,3,4,6.0,22.0,1,1.0,1,11,3,7.0,1.0,4.0,1,2,1.0,3.0,6,14,2,6,9,1.0,2026-07-17 21:15:14
2025-09-30,Tuesday,Weekday,136.0,3.0,3.0,1.0,1.0,1.0,3.0,1.0,2,5.0,3.0,0,1.0,37.0,1.0,1.0,1,1.0,4,10,4.0,2.0,2,0.0,0,7,3,0.0,2.0,2.0,5,2,5.0,3.0,0,11,1,2,5,1.0,2026-07-17 21:15:14
2025-10-01,Wednesday,Weekday,305.0,5.0,9.0,7.0,1.0,11.0,8.0,3.0,5,31.0,33.0,5,0.0,8.0,1.0,7.0,4,9.0,4,19,1.0,0.0,10,4.0,3,19,6,8.0,0.0,7.0,3,3,8.0,5.0,28,10,13,5,2,0.0,2026-07-17 21:15:14
2025-10-02,Thursday,Weekday,246.0,1.0,1.0,17.0,2.0,10.0,4.0,5.0,4,1.0,17.0,12,5.0,12.0,0.0,0.0,5,9.0,1,5,0.0,24.0,8,2.0,21,0,2,0.0,2.0,1.0,1,12,2.0,2.0,5,6,33,5,6,3.0,2026-07-17 21:15:14
2025-10-03,Friday,Weekday,265.0,0.0,3.0,3.0,4.0,10.0,3.0,16.0,22,4.0,5.0,3,3.0,20.0,0.0,3.0,2,5.0,2,9,3.0,14.0,23,7.0,5,2,15,8.0,2.0,3.0,0,5,0.0,5.0,6,2,25,8,2,13.0,2026-07-17 21:15:14
2025-10-04,Saturday,Weekend,506.0,18.0,14.0,2.0,8.0,46.0,10.0,14.0,42,0.0,0.0,30,0.0,5.0,38.0,16.0,15,14.0,4,10,14.0,4.0,20,5.0,1,2,7,34.0,7.0,1.0,2,7,2.0,1.0,15,18,33,28,5,14.0,2026-07-17 21:15:14
2025-10-05,Sunday,Weekend,323.0,6.0,0.0,6.0,1.0,2.0,1.0,33.0,18,6.0,4.0,1,6.0,9.0,15.0,1.0,6,42.0,2,4,3.0,2.0,18,12.0,5,4,15,1.0,2.0,22.0,14,9,9.0,3.0,23,7,4,6,0,1.0,2026-07-17 21:15:14
2025-10-06,Monday,Weekday,195.0,2.0,1.0,0.0,2.0,2.0,0.0,1.0,2,5.0,11.0,4,1.0,21.0,6.0,9.0,11,2.0,8,6,3.0,8.0,13,3.0,0,4,1,1.0,4.0,2.0,21,6,5.0,0.0,1,12,5,0,10,2.0,2026-07-17 21:15:14
2025-10-07,Tuesday,Weekday,213.0,3.0,18.0,0.0,7.0,25.0,0.0,12.0,2,11.0,4.0,23,6.0,4.0,9.0,2.0,1,1.0,2,5,8.0,4.0,2,8.0,1,5,0,1.0,4.0,0.0,1,4,3.0,4.0,17,5,5,2,4,0.0,2026-07-17 21:15:14
2025-10-08,Wednesday,Weekday,194.0,5.0,1.0,1.0,6.0,10.0,3.0,3.0,5,8.0,0.0,4,0.0,3.0,4.0,0.0,5,15.0,7,9,7.0,13.0,1,4.0,6,13,2,0.0,25.0,0.0,1,3,3.0,9.0,3,4,2,6,2,1.0,2026-07-17 21:15:14
2025-10-09,Thursday,Weekday,283.0,15.0,0.0,7.0,16.0,2.0,1.0,4.0,1,11.0,5.0,24,13.0,16.0,0.0,1.0,1,6.0,0,13,5.0,5.0,5,4.0,1,1,5,6.0,1.0,13.0,12,1,5.0,2.0,1,11,42,7,15,5.0,2026-07-17 21:15:14
2025-10-10,Friday,Weekday,317.0,8.0,6.0,4.0,2.0,10.0,5.0,5.0,8,2.0,6.0,4,2.0,21.0,9.0,0.0,13,8.0,6,38,6.0,19.0,19,0.0,0,6,13,12.0,14.0,6.0,11,9,4.0,1.0,7,11,10,2,1,9.0,2026-07-17 21:15:14
2025-10-11,Saturday,Weekend,329.0,21.0,17.0,4.0,19.0,0.0,11.0,5.0,11,0.0,21.0,8,2.0,4.0,2.0,4.0,4,6.0,13,29,3.0,1.0,3,1.0,14,5,8,1.0,11.0,29.0,5,21,0.0,0.0,18,11,3,3,4,7.0,2026-07-17 21:15:14
2025-10-12,Sunday,Weekend,373.0,16.0,1.0,11.0,8.0,14.0,5.0,8.0,2,6.0,3.0,1,4.0,0.0,9.0,1.0,7,39.0,0,4,13.0,2.0,9,3.0,3,22,3,5.0,3.0,4.0,3,2,9.0,14.0,6,10,24,74,6,19.0,2026-07-17 21:15:14
2025-10-13,Monday,Weekday,286.0,2.0,10.0,7.0,17.0,8.0,8.0,5.0,16,39.0,3.0,5,0.0,1.0,22.0,6.0,4,8.0,6,1,1.0,7.0,1,2.0,4,16,0,12.0,7.0,0.0,6,3,12.0,16.0,1,13,6,3,1,7.0,2026-07-17 21:15:14
2025-10-14,Tuesday,Weekday,366.0,4.0,7.0,16.0,14.0,24.0,2.0,9.0,25,0.0,19.0,3,11.0,12.0,22.0,5.0,17,0.0,4,6,7.0,6.0,37,0.0,3,32,5,9.0,0.0,3.0,0,2,6.0,10.0,16,3,5,11,0,11.0,2026-07-17 21:15:14
2025-10-15,Wednesday,Weekday,235.0,4.0,17.0,2.0,1.0,5.0,1.0,7.0,20,0.0,2.0,1,4.0,4.0,9.0,10.0,7,5.0,10,3,0.0,1.0,0,3.0,3,0,9,6.0,2.0,9.0,7,1,19.0,1.0,9,23,10,8,11,1.0,2026-07-17 21:15:14
2025-10-16,Thursday,Weekday,235.0,3.0,6.0,9.0,7.0,30.0,1.0,10.0,14,3.0,20.0,1,13.0,12.0,0.0,4.0,4,0.0,0,0,4.0,3.0,17,3.0,5,0,6,15.0,3.0,1.0,5,2,2.0,1.0,2,6,18,4,0,1.0,2026-07-17 21:15:14
2025-10-17,Friday,Weekday,231.0,11.0,10.0,0.0,12.0,25.0,1.0,5.0,4,3.0,2.0,3,12.0,9.0,2.0,4.0,2,3.0,7,4,2.0,2.0,4,6.0,4,6,7,3.0,19.0,2.0,15,1,3.0,3.0,3,18,2,5,6,1.0,2026-07-17 21:15:14
2025-10-18,Saturday,Weekend,526.0,31.0,7.0,27.0,12.0,16.0,4.0,15.0,0,9.0,0.0,4,1.0,23.0,11.0,11.0,18,13.0,1,11,37.0,3.0,9,9.0,5,33,5,1.0,32.0,15.0,4,3,24.0,3.0,6,3,86,15,7,12.0,2026-07-17 21:15:14
2025-10-19,Sunday,Weekend,315.0,14.0,19.0,10.0,12.0,6.0,2.0,11.0,9,18.0,1.0,8,7.0,10.0,0.0,11.0,3,7.0,5,5,10.0,23.0,2,9.0,2,11,4,4.0,9.0,4.0,2,33,7.0,7.0,6,13,3,0,3,5.0,2026-07-17 21:15:14
2025-10-20,Monday,Weekday,206.0,3.0,6.0,0.0,9.0,12.0,1.0,2.0,8,8.0,14.0,2,21.0,6.0,0.0,4.0,5,1.0,13,9,0.0,14.0,4,2.0,8,7,3,2.0,5.0,4.0,6,5,5.0,3.0,3,2,2,7,0,0.0,2026-07-17 21:15:14
2025-10-21,Tuesday,Weekday,197.0,3.0,2.0,3.0,3.0,2.0,2.0,0.0,4,14.0,2.0,9,1.0,0.0,6.0,4.0,2,3.0,0,16,3.0,3.0,15,0.0,2,2,2,0.0,24.0,17.0,5,4,4.0,5.0,9,6,4,1,15,0.0,2026-07-17 21:15:14
2025-10-22,Wednesday,Weekday,311.0,16.0,8.0,4.0,3.0,6.0,5.0,7.0,9,4.0,5.0,10,18.0,17.0,5.0,0.0,0,4.0,9,6,8.0,14.0,0,20.0,4,0,12,21.0,11.0,11.0,15,5,8.0,1.0,1,9,13,4,2,16.0,2026-07-17 21:15:14
2025-10-23,Thursday,Weekday,148.0,3.0,17.0,10.0,5.0,0.0,2.0,2.0,5,2.0,13.0,5,2.0,5.0,2.0,0.0,1,0.0,8,4,3.0,3.0,4,3.0,7,2,6,7.0,1.0,2.0,9,7,0.0,1.0,2,0,1,1,1,2.0,2026-07-17 21:15:14
2025-10-24,Friday,Weekday,267.0,9.0,2.0,8.0,7.0,27.0,3.0,3.0,22,17.0,13.0,2,0.0,2.0,2.0,2.0,3,4.0,14,11,2.0,34.0,12,2.0,2,2,11,3.0,0.0,4.0,10,2,5.0,2.0,4,4,9,5,2,1.0,2026-07-17 21:15:14
2025-10-25,Saturday,Weekend,371.0,3.0,2.0,3.0,0.0,8.0,3.0,26.0,23,4.0,11.0,38,7.0,18.0,16.0,31.0,4,0.0,1,7,8.0,5.0,3,15.0,6,9,11,7.0,2.0,19.0,1,13,15.0,7.0,8,5,23,3,6,0.0,2026-07-17 21:15:14
2025-10-26,Sunday,Weekend,321.0,19.0,17.0,8.0,4.0,2.0,4.0,10.0,7,5.0,18.0,2,12.0,4.0,0.0,9.0,15,5.0,4,13,17.0,25.0,3,7.0,11,6,5,6.0,3.0,2.0,1,6,2.0,13.0,1,2,34,6,2,11.0,2026-07-17 21:15:14
2025-10-27,Monday,Weekday,197.0,5.0,3.0,9.0,0.0,4.0,6.0,3.0,13,1.0,3.0,3,5.0,1.0,0.0,15.0,12,1.0,4,4,11.0,4.0,8,10.0,4,1,3,9.0,3.0,10.0,10,2,2.0,4.0,0,2,2,8,11,1.0,2026-07-17 21:15:14
2025-10-28,Tuesday,Weekday,210.0,6.0,4.0,7.0,7.0,2.0,2.0,1.0,14,4.0,28.0,4,6.0,8.0,9.0,1.0,1,0.0,9,8,0.0,1.0,4,3.0,4,24,8,1.0,3.0,3.0,2,8,2.0,3.0,3,1,4,8,7,0.0,2026-07-17 21:15:14
2025-10-29,Wednesday,Weekday,240.0,6.0,5.0,9.0,7.0,23.0,0.0,3.0,11,12.0,2.0,6,1.0,13.0,8.0,1.0,7,4.0,1,15,2.0,4.0,5,10.0,1,6,0,9.0,1.0,8.0,5,0,1.0,1.0,11,4,25,0,0,13.0,2026-07-17 21:15:14
2025-10-30,Thursday,Weekday,214.0,5.0,4.0,9.0,20.0,0.0,1.0,1.0,8,3.0,5.0,9,5.0,0.0,3.0,0.0,3,1.0,0,8,17.0,16.0,1,7.0,5,7,9,17.0,1.0,6.0,6,1,2.0,1.0,9,8,6,4,1,5.0,2026-07-17 21:15:14
2025-10-31,Friday,Weekday,353.0,1.0,7.0,25.0,11.0,20.0,0.0,4.0,12,0.0,5.0,4,9.0,4.0,5.0,8.0,1,1.0,22,6,4.0,6.0,1,4.0,10,4,7,1.0,3.0,7.0,6,20,0.0,39.0,32,8,19,31,3,3.0,2026-07-17 21:15:14
2025-11-01,Saturday,Weekend,648.0,3.0,13.0,3.0,44.0,15.0,32.0,3.0,19,16.0,13.0,37,10.0,3.0,78.0,10.0,3,9.0,16,14,16.0,20.0,2,7.0,24,18,2,6.0,55.0,29.0,21,2,11.0,0.0,18,21,15,0,16,24.0,2026-07-17 21:15:14
2025-11-02,Sunday,Weekend,643.0,11.0,17.0,1.0,18.0,21.0,7.0,19.0,16,15.0,6.0,6,63.0,8.0,1.0,35.0,3,6.0,4,57,6.0,20.0,14,0.0,7,7,71,23.0,33.0,6.0,7,7,14.0,16.0,23,32,0,24,9,10.0,2026-07-17 21:15:14
2025-11-03,Monday,Weekday,236.0,6.0,11.0,4.0,1.0,8.0,13.0,13.0,1,8.0,2.0,3,4.0,4.0,0.0,12.0,13,5.0,1,1,1.0,1.0,14,3.0,1,1,20,4.0,4.0,4.0,1,21,0.0,8.0,0,4,22,10,3,4.0,2026-07-17 21:15:14
2025-11-04,Tuesday,Weekday,331.0,3.0,28.0,13.0,6.0,6.0,3.0,17.0,6,3.0,36.0,1,3.0,3.0,5.0,12.0,9,0.0,1,1,0.0,2.0,5,3.0,17,1,13,0.0,11.0,17.0,11,2,3.0,10.0,4,5,43,13,15,0.0,2026-07-17 21:15:14
2025-11-05,Wednesday,Weekday,297.0,3.0,5.0,9.0,1.0,9.0,8.0,4.0,10,4.0,9.0,1,10.0,1.0,15.0,8.0,8,18.0,3,5,3.0,29.0,12,11.0,3,1,0,10.0,4.0,4.0,10,12,1.0,17.0,0,0,20,6,19,4.0,2026-07-17 21:15:14
2025-11-06,Thursday,Weekday,286.0,15.0,2.0,7.0,31.0,6.0,0.0,0.0,16,6.0,7.0,9,11.0,6.0,19.0,5.0,9,0.0,2,14,3.0,3.0,9,8.0,0,11,8,17.0,7.0,3.0,4,0,0.0,1.0,20,16,7,2,1,1.0,2026-07-17 21:15:14
2025-11-07,Friday,Weekday,264.0,16.0,5.0,13.0,5.0,9.0,5.0,0.0,5,15.0,8.0,4,5.0,4.0,5.0,1.0,23,0.0,4,2,0.0,7.0,29,9.0,2,5,0,6.0,0.0,10.0,0,0,10.0,16.0,0,1,13,6,18,3.0,2026-07-17 21:15:14
2025-11-08,Saturday,Weekend,425.0,0.0,0.0,9.0,16.0,25.0,24.0,3.0,15,22.0,25.0,6,11.0,8.0,10.0,6.0,17,13.0,2,7,7.0,15.0,13,7.0,13,2,3,3.0,0.0,12.0,49,3,23.0,10.0,3,0,24,14,2,3.0,2026-07-17 21:15:14
2025-11-09,Sunday,Weekend,472.0,25.0,2.0,24.0,2.0,10.0,7.0,7.0,4,4.0,19.0,4,11.0,21.0,22.0,2.0,12,10.0,4,6,3.0,9.0,22,23.0,14,7,40,9.0,8.0,23.0,2,2,16.0,21.0,1,16,7,16,1,36.0,2026-07-17 21:15:14
2025-11-10,Monday,Weekday,199.0,7.0,1.0,10.0,13.0,6.0,12.0,16.0,1,0.0,3.0,3,0.0,1.0,17.0,7.0,11,20.0,2,6,1.0,4.0,1,1.0,0,5,15,1.0,3.0,6.0,3,7,1.0,0.0,2,3,2,1,6,1.0,2026-07-17 21:15:14
2025-11-11,Tuesday,Weekday,216.0,3.0,12.0,5.0,3.0,4.0,3.0,8.0,10,7.0,13.0,0,0.0,8.0,1.0,11.0,4,4.0,7,7,5.0,5.0,4,14.0,11,3,8,11.0,5.0,3.0,6,1,0.0,6.0,5,1,4,3,8,3.0,2026-07-17 21:15:14
2025-11-12,Wednesday,Weekday,252.0,3.0,0.0,11.0,18.0,16.0,3.0,12.0,1,1.0,6.0,1,1.0,6.0,3.0,11.0,1,40.0,2,5,1.0,6.0,24,10.0,1,5,2,0.0,14.0,2.0,5,1,1.0,12.0,0,3,11,4,4,5.0,2026-07-17 21:15:14
2025-11-13,Thursday,Weekday,213.0,15.0,4.0,14.0,5.0,2.0,1.0,8.0,2,2.0,16.0,0,3.0,6.0,6.0,3.0,4,0.0,4,4,10.0,1.0,7,6.0,5,2,2,6.0,19.0,2.0,10,3,6.0,1.0,7,8,10,6,1,2.0,2026-07-17 21:15:14
2025-11-14,Friday,Weekday,144.0,2.0,2.0,1.0,2.0,8.0,4.0,1.0,5,2.0,1.0,6,2.0,4.0,1.0,5.0,1,1.0,3,7,1.0,1.0,0,3.0,1,2,16,1.0,3.0,16.0,0,5,2.0,8.0,10,2,2,2,10,1.0,2026-07-17 21:15:14
2025-11-15,Saturday,Weekend,352.0,27.0,11.0,3.0,13.0,0.0,6.0,4.0,5,5.0,8.0,9,7.0,31.0,10.0,9.0,3,1.0,1,6,8.0,8.0,27,4.0,7,17,4,8.0,18.0,6.0,12,17,5.0,1.0,13,14,1,6,4,13.0,2026-07-17 21:15:14
2025-11-16,Sunday,Weekend,474.0,5.0,7.0,14.0,12.0,66.0,47.0,1.0,6,0.0,11.0,16,8.0,1.0,4.0,3.0,8,16.0,7,2,27.0,30.0,5,9.0,1,4,23,6.0,14.0,48.0,18,7,6.0,3.0,17,2,2,1,4,13.0,2026-07-17 21:15:14
2025-11-17,Monday,Weekday,204.0,7.0,17.0,6.0,1.0,2.0,0.0,0.0,4,9.0,8.0,7,3.0,3.0,12.0,5.0,3,1.0,0,6,1.0,3.0,4,7.0,0,0,4,3.0,1.0,15.0,6,3,4.0,1.0,12,25,8,5,4,4.0,2026-07-17 21:15:14
2025-11-18,Tuesday,Weekday,310.0,4.0,5.0,4.0,4.0,9.0,3.0,13.0,6,6.0,3.0,5,14.0,6.0,7.0,12.0,4,4.0,0,7,12.0,8.0,4,1.0,3,0,6,1.0,11.0,30.0,0,16,7.0,12.0,1,21,33,18,10,0.0,2026-07-17 21:15:14
2025-11-19,Wednesday,Weekday,217.0,2.0,10.0,1.0,2.0,0.0,7.0,5.0,19,13.0,5.0,6,3.0,1.0,11.0,5.0,4,0.0,8,2,1.0,13.0,2,4.0,10,13,9,14.0,1.0,16.0,0,1,0.0,16.0,3,3,2,1,4,0.0,2026-07-17 21:15:14
2025-11-20,Thursday,Weekday,262.0,3.0,7.0,6.0,11.0,2.0,0.0,8.0,10,5.0,15.0,2,1.0,4.0,1.0,5.0,1,1.0,14,0,1.0,35.0,4,5.0,11,5,1,3.0,10.0,12.0,1,1,2.0,6.0,1,12,31,8,16,1.0,2026-07-17 21:15:14
2025-11-21,Friday,Weekday,163.0,7.0,5.0,2.0,2.0,5.0,7.0,10.0,5,6.0,1.0,7,4.0,1.0,12.0,3.0,7,4.0,14,1,4.0,0.0,1,2.0,3,8,3,4.0,12.0,8.0,0,1,0.0,0.0,2,5,1,2,1,3.0,2026-07-17 21:15:14
2025-11-22,Saturday,Weekend,447.0,17.0,29.0,9.0,6.0,18.0,8.0,7.0,15,6.0,81.0,0,5.0,5.0,15.0,2.0,6,14.0,10,9,5.0,13.0,11,19.0,14,1,11,0.0,5.0,6.0,18,2,7.0,2.0,19,8,15,11,3,15.0,2026-07-17 21:15:14
2025-11-23,Sunday,Weekend,482.0,10.0,6.0,9.0,27.0,2.0,6.0,21.0,0,12.0,8.0,3,12.0,19.0,7.0,2.0,4,65.0,1,2,58.0,24.0,16,2.0,3,3,11,6.0,1.0,4.0,21,16,10.0,1.0,23,11,12,35,0,9.0,2026-07-17 21:15:14
2025-11-24,Monday,Weekday,199.0,7.0,0.0,2.0,19.0,2.0,3.0,7.0,3,3.0,0.0,1,15.0,10.0,2.0,3.0,3,3.0,5,0,12.0,3.0,12,3.0,10,11,3,5.0,7.0,4.0,3,2,2.0,4.0,0,14,8,4,0,4.0,2026-07-17 21:15:14
2025-11-25,Tuesday,Weekday,227.0,0.0,5.0,0.0,6.0,4.0,6.0,2.0,1,1.0,4.0,1,0.0,3.0,6.0,5.0,17,3.0,3,8,3.0,6.0,15,4.0,4,9,10,4.0,0.0,27.0,3,2,20.0,11.0,2,3,10,3,1,15.0,2026-07-17 21:15:14
2025-11-26,Wednesday,Weekday,156.0,1.0,5.0,4.0,5.0,14.0,2.0,4.0,6,9.0,6.0,9,0.0,1.0,1.0,1.0,0,1.0,19,1,3.0,6.0,0,1.0,1,0,10,7.0,7.0,6.0,1,5,4.0,7.0,1,2,1,1,3,1.0,2026-07-17 21:15:14
2025-11-27,Thursday,Weekday,219.0,3.0,6.0,1.0,1.0,29.0,8.0,7.0,12,0.0,0.0,1,4.0,5.0,1.0,0.0,10,3.0,32,1,7.0,10.0,12,3.0,1,2,6,5.0,5.0,0.0,3,2,10.0,8.0,3,7,0,6,0,5.0,2026-07-17 21:15:14
2025-11-28,Friday,Weekday,139.0,2.0,1.0,1.0,0.0,2.0,10.0,2.0,2,5.0,3.0,1,1.0,4.0,7.0,9.0,0,0.0,8,5,13.0,2.0,2,1.0,0,1,0,3.0,7.0,1.0,0,13,1.0,3.0,5,1,12,3,1,7.0,2026-07-17 21:15:14
2025-11-29,Saturday,Weekend,189.0,4.0,4.0,3.0,2.0,3.0,0.0,1.0,2,1.0,0.0,2,7.0,1.0,4.0,5.0,9,5.0,13,6,0.0,3.0,7,3.0,3,5,2,14.0,3.0,6.0,26,7,3.0,9.0,3,3,16,0,2,2.0,2026-07-17 21:15:14
2025-11-30,Sunday,Weekend,488.0,14.0,0.0,15.0,8.0,2.0,52.0,5.0,7,4.0,21.0,22,28.0,4.0,11.0,15.0,15,20.0,24,1,2.0,19.0,11,11.0,9,6,16,7.0,17.0,5.0,21,17,11.0,8.0,0,2,3,0,15,40.0,2026-07-17 21:15:14
2025-12-01,Monday,Weekday,272.0,1.0,1.0,16.0,10.0,7.0,35.0,6.0,10,10.0,3.0,4,1.0,7.0,0.0,3.0,3,3.0,0,10,4.0,12.0,14,1.0,4,9,5,17.0,7.0,8.0,15,1,5.0,0.0,3,1,9,17,1,9.0,2026-07-17 21:15:14
2025-12-02,Tuesday,Weekday,302.0,2.0,2.0,26.0,1.0,5.0,3.0,4.0,5,1.0,12.0,5,11.0,21.0,4.0,8.0,5,0.0,22,11,0.0,3.0,2,19.0,15,5,1,5.0,17.0,8.0,1,0,5.0,1.0,15,4,32,10,4,7.0,2026-07-17 21:15:14
2025-12-03,Wednesday,Weekday,249.0,2.0,1.0,25.0,5.0,0.0,2.0,2.0,3,0.0,2.0,10,12.0,3.0,6.0,0.0,1,5.0,14,0,4.0,29.0,12,1.0,2,24,1,6.0,3.0,6.0,1,6,1.0,5.0,2,2,11,26,14,0.0,2026-07-17 21:15:14
2025-12-04,Thursday,Weekday,254.0,2.0,5.0,4.0,6.0,28.0,1.0,8.0,0,12.0,8.0,5,9.0,6.0,4.0,14.0,0,26.0,2,3,1.0,1.0,4,0.0,12,1,1,11.0,7.0,5.0,1,5,2.0,24.0,5,8,9,5,5,4.0,2026-07-17 21:15:14
2025-12-05,Friday,Weekday,366.0,0.0,3.0,5.0,16.0,13.0,9.0,19.0,5,2.0,0.0,2,0.0,2.0,12.0,2.0,0,32.0,52,11,2.0,16.0,7,2.0,7,0,33,16.0,2.0,4.0,4,15,3.0,0.0,1,2,38,26,3,0.0,2026-07-17 21:15:14
2025-12-06,Saturday,Weekend,710.0,11.0,21.0,6.0,10.0,6.0,7.0,28.0,9,11.0,41.0,24,4.0,8.0,36.0,11.0,20,8.0,1,4,9.0,7.0,42,15.0,19,19,12,25.0,30.0,8.0,1,59,15.0,20.0,21,15,18,64,17,28.0,2026-07-17 21:15:14
2025-12-07,Sunday,Weekend,244.0,2.0,10.0,7.0,8.0,1.0,4.0,2.0,6,5.0,1.0,3,4.0,8.0,4.0,3.0,8,6.0,23,3,6.0,1.0,8,8.0,7,1,25,16.0,2.0,5.0,11,3,5.0,4.0,5,4,4,4,9,8.0,2026-07-17 21:15:14
2025-12-08,Monday,Weekday,198.0,6.0,3.0,7.0,3.0,9.0,4.0,2.0,4,10.0,17.0,1,3.0,4.0,4.0,18.0,5,10.0,6,1,6.0,6.0,8,0.0,1,8,2,13.0,4.0,0.0,5,3,2.0,0.0,1,1,7,7,1,6.0,2026-07-17 21:15:14
2025-12-09,Tuesday,Weekday,244.0,11.0,6.0,8.0,1.0,0.0,3.0,6.0,7,16.0,7.0,2,11.0,1.0,10.0,3.0,1,1.0,24,6,1.0,1.0,4,0.0,0,8,9,23.0,0.0,12.0,1,1,0.0,19.0,17,9,0,10,5,0.0,2026-07-17 21:15:14
2025-12-10,Wednesday,Weekday,145.0,1.0,4.0,7.0,7.0,4.0,2.0,5.0,5,1.0,6.0,2,1.0,0.0,3.0,0.0,8,3.0,16,1,4.0,12.0,1,0.0,3,2,1,15.0,5.0,2.0,0,1,1.0,2.0,2,0,13,2,0,3.0,2026-07-17 21:15:14
2025-12-11,Thursday,Weekday,301.0,0.0,8.0,8.0,33.0,6.0,1.0,0.0,0,10.0,16.0,35,3.0,12.0,0.0,17.0,0,12.0,3,2,9.0,13.0,10,4.0,3,1,14,2.0,21.0,7.0,7,9,8.0,4.0,2,2,8,2,8,1.0,2026-07-17 21:15:14
2025-12-12,Friday,Weekday,400.0,18.0,12.0,24.0,0.0,22.0,15.0,0.0,75,3.0,3.0,4,0.0,19.0,3.0,8.0,11,17.0,3,12,0.0,12.0,23,0.0,0,7,0,3.0,3.0,6.0,3,5,7.0,9.0,25,8,7,2,8,23.0,2026-07-17 21:15:14
2025-12-13,Saturday,Weekend,583.0,21.0,4.0,41.0,24.0,4.0,20.0,5.0,11,7.0,3.0,20,32.0,4.0,5.0,9.0,29,1.0,32,41,12.0,1.0,5,1.0,6,26,1,6.0,12.0,36.0,6,24,14.0,17.0,34,0,16,20,30,3.0,2026-07-17 21:15:14
2025-12-14,Sunday,Weekend,634.0,5.0,1.0,25.0,25.0,12.0,0.0,1.0,15,50.0,39.0,15,7.0,52.0,27.0,4.0,18,8.0,14,46,3.0,23.0,12,38.0,1,17,0,4.0,5.0,6.0,46,1,3.0,3.0,6,1,56,11,21,13.0,2026-07-17 21:15:14
2025-12-15,Monday,Weekday,235.0,5.0,13.0,12.0,1.0,22.0,4.0,1.0,5,1.0,6.0,11,0.0,1.0,19.0,4.0,3,16.0,17,0,3.0,15.0,1,6.0,3,7,1,5.0,0.0,1.0,1,1,12.0,13.0,7,5,2,1,2,8.0,2026-07-17 21:15:14
2025-12-16,Tuesday,Weekday,204.0,2.0,13.0,7.0,34.0,3.0,4.0,2.0,4,16.0,0.0,2,1.0,21.0,2.0,5.0,1,9.0,4,1,7.0,9.0,2,6.0,1,12,0,1.0,1.0,2.0,2,2,3.0,0.0,1,8,11,2,2,1.0,2026-07-17 21:15:14
2025-12-17,Wednesday,Weekday,231.0,7.0,16.0,2.0,8.0,2.0,0.0,4.0,2,7.0,9.0,14,3.0,3.0,3.0,2.0,4,8.0,2,18,5.0,7.0,32,3.0,0,6,11,2.0,0.0,0.0,2,11,0.0,6.0,8,9,0,5,10,0.0,2026-07-17 21:15:14
2025-12-18,Thursday,Weekday,200.0,1.0,8.0,5.0,4.0,26.0,6.0,3.0,2,1.0,2.0,2,1.0,12.0,0.0,4.0,7,5.0,4,3,11.0,2.0,6,12.0,1,15,7,6.0,2.0,11.0,0,2,5.0,7.0,1,0,13,2,1,0.0,2026-07-17 21:15:14
2025-12-19,Friday,Weekday,348.0,8.0,5.0,19.0,0.0,25.0,14.0,4.0,0,24.0,0.0,8,7.0,13.0,6.0,5.0,19,31.0,7,4,17.0,13.0,3,7.0,3,9,16,2.0,4.0,4.0,14,7,1.0,3.0,8,6,12,9,5,6.0,2026-07-17 21:15:14
2025-12-20,Saturday,Weekend,439.0,20.0,20.0,3.0,8.0,11.0,3.0,10.0,7,18.0,1.0,5,0.0,14.0,32.0,9.0,11,0.0,8,9,0.0,16.0,3,14.0,6,77,2,1.0,39.0,3.0,12,4,9.0,8.0,11,0,28,7,6,4.0,2026-07-17 21:15:14
2025-12-21,Sunday,Weekend,403.0,31.0,14.0,5.0,15.0,7.0,17.0,0.0,4,6.0,18.0,2,3.0,13.0,1.0,3.0,14,21.0,15,6,1.0,12.0,1,3.0,0,12,5,23.0,1.0,17.0,7,4,8.0,11.0,4,2,34,3,50,10.0,2026-07-17 21:15:14
2025-12-22,Monday,Weekday,277.0,8.0,1.0,6.0,5.0,5.0,1.0,3.0,0,3.0,0.0,11,9.0,26.0,4.0,13.0,7,8.0,6,11,0.0,0.0,0,3.0,6,7,10,3.0,8.0,1.0,0,9,9.0,7.0,1,21,25,6,31,3.0,2026-07-17 21:15:14
2025-12-23,Tuesday,Weekday,171.0,3.0,11.0,4.0,3.0,0.0,1.0,1.0,4,1.0,0.0,4,5.0,6.0,9.0,2.0,2,6.0,0,5,3.0,3.0,2,1.0,3,2,13,14.0,5.0,13.0,7,2,4.0,1.0,5,0,14,4,0,8.0,2026-07-17 21:15:14
2025-12-24,Wednesday,Weekday,169.0,10.0,8.0,8.0,6.0,5.0,1.0,2.0,2,3.0,6.0,1,1.0,7.0,0.0,1.0,3,1.0,16,6,3.0,1.0,2,5.0,18,3,7,1.0,5.0,1.0,1,4,1.0,6.0,12,3,3,1,2,3.0,2026-07-17 21:15:14
2025-12-25,Thursday,Weekday,404.0,4.0,8.0,13.0,0.0,21.0,20.0,0.0,9,9.0,18.0,6,18.0,9.0,4.0,16.0,31,19.0,28,1,3.0,10.0,0,10.0,3,7,12,8.0,3.0,22.0,16,7,12.0,6.0,4,3,25,4,12,3.0,2026-07-17 21:15:14
2025-12-26,Friday,Weekday,239.0,5.0,0.0,5.0,9.0,9.0,4.0,4.0,4,0.0,2.0,5,14.0,5.0,8.0,7.0,35,8.0,5,0,3.0,1.0,10,3.0,4,17,9,9.0,2.0,0.0,0,6,2.0,0.0,6,2,6,7,3,20.0,2026-07-17 21:15:14
2025-12-27,Saturday,Weekend,281.0,3.0,2.0,1.0,4.0,20.0,19.0,28.0,6,7.0,9.0,4,2.0,1.0,5.0,2.0,15,10.0,7,0,7.0,8.0,4,9.0,14,8,4,2.0,5.0,19.0,12,0,9.0,1.0,4,14,9,3,2,2.0,2026-07-17 21:15:14
2025-12-28,Sunday,Weekend,470.0,18.0,13.0,17.0,2.0,24.0,0.0,3.0,6,5.0,2.0,0,9.0,4.0,0.0,5.0,4,8.0,25,3,53.0,1.0,1,13.0,12,6,4,15.0,29.0,43.0,11,10,14.0,11.0,42,16,13,6,8,14.0,2026-07-17 21:15:14
2025-12-29,Monday,Weekday,199.0,2.0,1.0,3.0,17.0,11.0,1.0,0.0,4,5.0,0.0,16,5.0,6.0,11.0,2.0,4,3.0,18,1,6.0,3.0,9,10.0,0,1,1,2.0,11.0,0.0,5,11,11.0,4.0,6,2,2,0,3,2.0,2026-07-17 21:15:14
2025-12-30,Tuesday,Weekday,228.0,3.0,0.0,1.0,1.0,24.0,17.0,0.0,1,13.0,0.0,15,2.0,4.0,7.0,1.0,0,9.0,20,4,7.0,14.0,1,2.0,1,0,6,1.0,0.0,3.0,0,1,0.0,9.0,6,12,14,17,1,11.0,2026-07-17 21:15:14
2025-12-31,Wednesday,Weekday,134.0,2.0,0.0,4.0,2.0,0.0,0.0,2.0,5,2.0,10.0,0,2.0,1.0,7.0,12.0,2,16.0,6,0,1.0,8.0,4,4.0,2,2,0,3.0,6.0,7.0,4,1,0.0,7.0,2,3,1,1,0,5.0,2026-07-17 21:15:14
2026-01-01,Thursday,Weekday,218.0,4.0,4.0,15.0,1.0,2.0,1.0,4.0,14,13.0,7.0,8,14.0,7.0,1.0,8.0,9,7.0,3,3,4.0,1.0,4,1.0,4,0,19,1.0,4.0,0.0,1,6,1.0,6.0,0,3,13,14,3,8.0,2026-07-17 21:15:14
2026-01-02,Friday,Weekday,239.0,6.0,2.0,13.0,7.0,0.0,15.0,1.0,4,5.0,6.0,8,1.0,3.0,1.0,1.0,10,10.0,4,0,5.0,3.0,11,0.0,4,5,29,0.0,1.0,30.0,3,7,9.0,2.0,1,1,10,12,5,4.0,2026-07-17 21:15:14
2026-01-03,Saturday,Weekend,383.0,3.0,6.0,30.0,24.0,8.0,4.0,22.0,6,12.0,9.0,3,3.0,2.0,0.0,5.0,2,3.0,1,5,7.0,41.0,5,0.0,7,18,6,4.0,28.0,3.0,41,16,12.0,9.0,2,19,7,6,1,3.0,2026-07-17 21:15:14
2026-01-04,Sunday,Weekend,325.0,5.0,4.0,3.0,4.0,17.0,4.0,6.0,9,16.0,7.0,19,3.0,3.0,9.0,2.0,16,4.0,11,7,1.0,9.0,11,37.0,4,5,18,3.0,2.0,1.0,32,2,8.0,5.0,2,20,6,6,1,3.0,2026-07-17 21:15:14
2026-01-05,Monday,Weekday,143.0,3.0,1.0,2.0,0.0,11.0,3.0,5.0,1,3.0,0.0,1,2.0,8.0,15.0,4.0,2,2.0,0,6,4.0,3.0,5,9.0,2,2,11,4.0,7.0,1.0,1,1,1.0,6.0,2,11,2,0,1,1.0,2026-07-17 21:15:14
2026-01-06,Tuesday,Weekday,200.0,5.0,2.0,3.0,8.0,2.0,0.0,3.0,6,12.0,7.0,17,1.0,3.0,9.0,10.0,7,3.0,0,1,1.0,0.0,9,1.0,3,21,3,1.0,7.0,9.0,1,6,1.0,6.0,1,3,5,8,6,9.0,2026-07-17 21:15:14
2026-01-07,Wednesday,Weekday,286.0,0.0,9.0,1.0,8.0,13.0,0.0,1.0,21,3.0,6.0,10,4.0,4.0,7.0,0.0,32,34.0,7,4,8.0,1.0,6,1.0,13,4,8,0.0,9.0,0.0,27,7,1.0,4.0,0,8,2,7,3,13.0,2026-07-17 21:15:14
2026-01-08,Thursday,Weekday,237.0,2.0,9.0,19.0,17.0,2.0,6.0,4.0,3,12.0,2.0,4,7.0,0.0,12.0,3.0,6,17.0,10,15,0.0,5.0,5,8.0,1,6,1,0.0,4.0,6.0,19,6,5.0,1.0,1,6,2,8,1,2.0,2026-07-17 21:15:14
2026-01-09,Friday,Weekday,320.0,15.0,12.0,3.0,2.0,43.0,9.0,12.0,2,4.0,0.0,2,2.0,3.0,36.0,3.0,10,20.0,2,1,2.0,16.0,9,6.0,16,2,2,8.0,9.0,1.0,2,5,1.0,11.0,6,5,24,10,1,3.0,2026-07-17 21:15:14
2026-01-10,Saturday,Weekend,446.0,3.0,14.0,17.0,7.0,29.0,6.0,18.0,0,3.0,25.0,1,13.0,16.0,13.0,23.0,10,26.0,10,7,10.0,29.0,3,15.0,3,1,34,1.0,15.0,7.0,19,12,2.0,7.0,0,7,21,3,15,1.0,2026-07-17 21:15:14
2026-01-11,Sunday,Weekend,476.0,1.0,0.0,3.0,6.0,2.0,46.0,77.0,7,8.0,32.0,15,2.0,17.0,2.0,7.0,7,13.0,1,1,23.0,20.0,8,11.0,13,4,2,8.0,35.0,20.0,7,2,20.0,10.0,4,1,21,5,7,8.0,2026-07-17 21:15:14
2026-01-12,Monday,Weekday,238.0,6.0,6.0,6.0,1.0,12.0,2.0,2.0,4,7.0,15.0,6,0.0,3.0,1.0,3.0,7,1.0,4,14,9.0,7.0,12,2.0,9,0,0,2.0,1.0,4.0,1,17,9.0,22.0,8,20,4,6,1,4.0,2026-07-17 21:15:14
2026-01-13,Tuesday,Weekday,124.0,4.0,1.0,1.0,2.0,0.0,3.0,1.0,6,6.0,0.0,11,9.0,2.0,5.0,0.0,9,1.0,6,1,4.0,1.0,1,8.0,2,4,3,6.0,3.0,0.0,3,0,4.0,1.0,2,3,3,3,4,1.0,2026-07-17 21:15:14
2026-01-14,Wednesday,Weekday,227.0,6.0,1.0,4.0,2.0,12.0,2.0,13.0,4,2.0,5.0,1,1.0,11.0,4.0,2.0,0,4.0,9,2,2.0,4.0,20,4.0,3,5,12,0.0,5.0,14.0,2,13,5.0,4.0,18,2,15,11,3,0.0,2026-07-17 21:15:14
2026-01-15,Thursday,Weekday,150.0,1.0,1.0,4.0,5.0,4.0,3.0,0.0,0,7.0,0.0,2,12.0,3.0,5.0,1.0,1,3.0,5,14,4.0,0.0,2,1.0,1,3,2,2.0,11.0,3.0,1,1,6.0,6.0,4,3,9,13,1,6.0,2026-07-17 21:15:14
2026-01-16,Friday,Weekday,203.0,14.0,4.0,3.0,8.0,4.0,1.0,27.0,6,6.0,2.0,7,13.0,3.0,4.0,1.0,3,16.0,2,0,5.0,7.0,4,7.0,0,4,1,3.0,4.0,7.0,1,1,7.0,4.0,1,2,13,0,5,3.0,2026-07-17 21:15:14
2026-01-17,Saturday,Weekend,744.0,21.0,20.0,22.0,7.0,25.0,16.0,7.0,40,69.0,9.0,25,12.0,10.0,7.0,5.0,46,23.0,9,22,20.0,6.0,3,28.0,32,86,0,10.0,21.0,15.0,19,1,0.0,1.0,6,6,51,1,6,37.0,2026-07-17 21:15:14
2026-01-18,Sunday,Weekend,436.0,4.0,0.0,3.0,12.0,0.0,28.0,7.0,15,7.0,40.0,7,10.0,20.0,24.0,0.0,3,4.0,0,23,4.0,5.0,1,42.0,16,9,15,14.0,12.0,3.0,10,6,10.0,6.0,29,8,12,20,4,3.0,2026-07-17 21:15:14
2026-01-19,Monday,Weekday,291.0,4.0,9.0,2.0,12.0,23.0,6.0,6.0,3,23.0,15.0,5,12.0,3.0,0.0,2.0,0,6.0,8,5,6.0,0.0,13,0.0,10,5,2,7.0,12.0,5.0,3,2,9.0,15.0,6,2,15,0,16,19.0,2026-07-17 21:15:14
2026-01-20,Tuesday,Weekday,308.0,5.0,18.0,1.0,4.0,5.0,13.0,6.0,5,1.0,27.0,0,4.0,4.0,1.0,1.0,7,6.0,6,14,25.0,1.0,1,3.0,10,1,12,10.0,14.0,6.0,4,14,2.0,6.0,0,8,33,0,12,18.0,2026-07-17 21:15:14
2026-01-21,Wednesday,Weekday,187.0,2.0,0.0,27.0,0.0,2.0,8.0,2.0,7,2.0,11.0,5,3.0,3.0,1.0,0.0,6,7.0,6,10,9.0,6.0,9,1.0,5,6,1,10.0,0.0,2.0,0,2,1.0,4.0,6,7,8,0,2,6.0,2026-07-17 21:15:14
2026-01-22,Thursday,Weekday,197.0,5.0,4.0,1.0,1.0,18.0,7.0,1.0,3,3.0,3.0,2,4.0,16.0,10.0,11.0,5,0.0,2,3,8.0,9.0,2,2.0,2,4,1,10.0,3.0,22.0,0,1,3.0,9.0,2,7,3,8,1,1.0,2026-07-17 21:15:14
2026-01-23,Friday,Weekday,193.0,2.0,1.0,4.0,2.0,13.0,6.0,2.0,22,21.0,17.0,5,3.0,2.0,0.0,6.0,5,5.0,4,1,6.0,2.0,5,2.0,0,12,1,4.0,10.0,2.0,3,2,0.0,2.0,3,0,5,0,9,4.0,2026-07-17 21:15:14
2026-01-24,Saturday,Weekend,431.0,2.0,21.0,6.0,3.0,4.0,8.0,1.0,1,9.0,59.0,8,6.0,33.0,4.0,3.0,28,12.0,1,15,22.0,4.0,5,2.0,11,14,1,11.0,14.0,0.0,10,8,6.0,23.0,4,1,19,9,41,2.0,2026-07-17 21:15:14
2026-01-25,Sunday,Weekend,642.0,8.0,11.0,32.0,12.0,43.0,3.0,9.0,3,59.0,6.0,11,2.0,41.0,21.0,58.0,1,3.0,10,19,8.0,26.0,3,20.0,10,15,13,1.0,51.0,37.0,9,12,0.0,11.0,10,10,38,3,2,11.0,2026-07-17 21:15:14
2026-01-26,Monday,Weekday,301.0,9.0,0.0,7.0,3.0,20.0,3.0,14.0,3,13.0,11.0,16,13.0,6.0,3.0,13.0,3,0.0,16,3,2.0,9.0,19,18.0,7,0,10,7.0,1.0,20.0,0,2,0.0,19.0,0,6,21,2,1,1.0,2026-07-17 21:15:14
2026-01-27,Tuesday,Weekday,222.0,3.0,2.0,5.0,1.0,8.0,26.0,9.0,4,12.0,28.0,4,1.0,10.0,7.0,0.0,11,2.0,1,1,1.0,3.0,4,3.0,3,6,0,14.0,6.0,5.0,3,13,0.0,0.0,8,6,2,4,3,3.0,2026-07-17 21:15:14
2026-01-28,Wednesday,Weekday,249.0,5.0,24.0,28.0,21.0,6.0,1.0,4.0,7,2.0,9.0,7,12.0,1.0,9.0,3.0,2,1.0,0,1,0.0,17.0,0,11.0,14,3,0,5.0,2.0,2.0,5,2,6.0,4.0,10,0,2,6,10,7.0,2026-07-17 21:15:14
2026-01-29,Thursday,Weekday,272.0,6.0,4.0,7.0,1.0,11.0,4.0,3.0,12,11.0,0.0,29,1.0,1.0,17.0,3.0,10,1.0,13,10,6.0,9.0,18,3.0,6,9,3,19.0,0.0,4.0,8,3,1.0,2.0,12,5,4,6,6,4.0,2026-07-17 21:15:14
2026-01-30,Friday,Weekday,284.0,5.0,1.0,12.0,6.0,9.0,2.0,3.0,18,7.0,2.0,0,3.0,6.0,11.0,1.0,6,0.0,0,18,11.0,17.0,2,5.0,9,10,8,8.0,2.0,6.0,19,6,1.0,3.0,11,1,15,36,4,0.0,2026-07-17 21:15:14
2026-01-31,Saturday,Weekend,475.0,20.0,1.0,3.0,1.0,5.0,28.0,23.0,9,39.0,27.0,11,1.0,26.0,9.0,5.0,5,0.0,26,2,16.0,0.0,18,9.0,17,1,6,2.0,18.0,2.0,18,2,42.0,8.0,2,1,10,37,2,23.0,2026-07-17 21:15:14
2026-02-01,Sunday,Weekend,574.0,6.0,18.0,37.0,82.0,2.0,16.0,1.0,5,15.0,14.0,10,44.0,24.0,7.0,14.0,0,7.0,13,19,32.0,4.0,27,15.0,1,8,9,6.0,1.0,11.0,1,25,21.0,8.0,1,10,18,29,1,12.0,2026-07-17 21:15:14
2026-02-02,Monday,Weekday,179.0,4.0,1.0,1.0,6.0,3.0,33.0,11.0,5,4.0,2.0,13,3.0,4.0,9.0,0.0,3,4.0,1,0,3.0,3.0,2,11.0,2,2,1,0.0,2.0,3.0,8,3,1.0,4.0,2,1,15,3,1,5.0,2026-07-17 21:15:14
2026-02-03,Tuesday,Weekday,240.0,6.0,5.0,3.0,4.0,14.0,6.0,4.0,6,1.0,0.0,18,16.0,8.0,4.0,1.0,3,8.0,3,9,5.0,7.0,10,12.0,8,1,13,1.0,3.0,9.0,1,4,2.0,4.0,14,9,2,0,13,3.0,2026-07-17 21:15:14
2026-02-04,Wednesday,Weekday,342.0,3.0,8.0,0.0,3.0,14.0,5.0,4.0,10,24.0,14.0,6,11.0,15.0,17.0,4.0,3,12.0,3,6,3.0,4.0,7,21.0,11,3,26,7.0,1.0,9.0,1,4,12.0,9.0,4,2,7,37,3,9.0,2026-07-17 21:15:14
2026-02-05,Thursday,Weekday,358.0,3.0,0.0,27.0,0.0,18.0,13.0,15.0,15,14.0,6.0,18,19.0,4.0,7.0,8.0,1,2.0,1,15,6.0,19.0,12,4.0,3,9,22,17.0,11.0,11.0,7,2,2.0,7.0,3,11,6,3,10,7.0,2026-07-17 21:15:14
2026-02-06,Friday,Weekday,309.0,3.0,18.0,4.0,7.0,25.0,1.0,15.0,10,2.0,11.0,14,10.0,8.0,2.0,2.0,6,4.0,23,4,2.0,2.0,0,0.0,4,2,12,6.0,14.0,4.0,6,4,27.0,10.0,5,6,2,9,24,1.0,2026-07-17 21:15:14
2026-02-07,Saturday,Weekend,367.0,10.0,8.0,24.0,1.0,3.0,0.0,2.0,14,2.0,14.0,22,0.0,0.0,64.0,13.0,2,5.0,46,2,13.0,2.0,5,22.0,0,4,8,12.0,0.0,6.0,5,0,4.0,25.0,3,11,6,1,2,6.0,2026-07-17 21:15:14
2026-02-08,Sunday,Weekend,425.0,5.0,17.0,46.0,1.0,31.0,0.0,0.0,2,11.0,2.0,24,0.0,14.0,19.0,4.0,17,5.0,4,29,9.0,31.0,4,9.0,2,11,8,0.0,8.0,1.0,38,9,17.0,28.0,1,8,0,1,1,8.0,2026-07-17 21:15:14
2026-02-09,Monday,Weekday,227.0,4.0,1.0,1.0,1.0,4.0,6.0,7.0,3,9.0,5.0,6,1.0,1.0,8.0,24.0,7,0.0,1,3,8.0,1.0,9,6.0,10,6,6,1.0,7.0,13.0,14,0,5.0,21.0,4,2,17,2,0,3.0,2026-07-17 21:15:14
2026-02-10,Tuesday,Weekday,316.0,3.0,3.0,7.0,9.0,31.0,9.0,17.0,5,4.0,10.0,10,8.0,1.0,4.0,5.0,0,19.0,5,14,1.0,8.0,22,1.0,4,3,4,7.0,3.0,9.0,5,1,21.0,1.0,5,0,32,22,2,1.0,2026-07-17 21:15:14
2026-02-11,Wednesday,Weekday,241.0,9.0,1.0,7.0,12.0,6.0,9.0,2.0,14,2.0,2.0,12,5.0,10.0,10.0,6.0,2,7.0,0,2,6.0,14.0,8,3.0,12,21,3,2.0,2.0,3.0,0,4,6.0,4.0,16,3,0,3,13,0.0,2026-07-17 21:15:14
2026-02-12,Thursday,Weekday,197.0,0.0,5.0,1.0,6.0,3.0,6.0,3.0,0,3.0,3.0,8,5.0,8.0,3.0,5.0,0,0.0,1,6,3.0,2.0,11,3.0,4,21,3,8.0,3.0,0.0,9,10,2.0,3.0,2,22,15,0,7,3.0,2026-07-17 21:15:14
2026-02-13,Friday,Weekday,286.0,1.0,3.0,1.0,15.0,0.0,10.0,20.0,0,9.0,8.0,25,10.0,10.0,18.0,1.0,3,12.0,0,16,7.0,3.0,3,2.0,0,3,12,6.0,3.0,2.0,2,29,0.0,1.0,7,6,2,29,6,1.0,2026-07-17 21:15:14
2026-02-14,Saturday,Weekend,392.0,15.0,1.0,5.0,15.0,60.0,4.0,2.0,7,28.0,14.0,9,4.0,13.0,19.0,5.0,3,6.0,6,8,1.0,4.0,17,5.0,34,10,4,4.0,12.0,4.0,24,1,0.0,3.0,8,17,3,9,1,7.0,2026-07-17 21:15:14
2026-02-15,Sunday,Weekend,461.0,0.0,7.0,6.0,0.0,19.0,7.0,9.0,7,12.0,8.0,26,28.0,14.0,26.0,23.0,2,45.0,3,0,34.0,3.0,9,33.0,0,3,9,12.0,15.0,24.0,1,4,10.0,11.0,4,4,4,21,18,0.0,2026-07-17 21:15:14
2026-02-16,Monday,Weekday,243.0,4.0,2.0,21.0,14.0,8.0,0.0,2.0,3,14.0,0.0,10,1.0,4.0,6.0,9.0,9,10.0,1,3,8.0,0.0,4,14.0,14,9,0,11.0,13.0,6.0,1,3,6.0,6.0,2,3,10,7,3,2.0,2026-07-17 21:15:14
2026-02-17,Tuesday,Weekday,274.0,4.0,0.0,0.0,5.0,2.0,7.0,9.0,9,13.0,2.0,1,1.0,9.0,5.0,1.0,2,15.0,7,5,24.0,11.0,1,4.0,5,12,1,3.0,6.0,21.0,14,3,5.0,10.0,9,15,19,12,0,2.0,2026-07-17 21:15:14
2026-02-18,Wednesday,Weekday,159.0,2.0,5.0,2.0,2.0,5.0,14.0,3.0,1,0.0,1.0,16,13.0,3.0,4.0,7.0,0,2.0,4,12,7.0,2.0,10,5.0,7,2,0,1.0,12.0,0.0,5,2,2.0,2.0,0,1,0,0,0,5.0,2026-07-17 21:15:14
2026-02-19,Thursday,Weekday,170.0,0.0,1.0,5.0,1.0,19.0,3.0,14.0,1,0.0,7.0,2,5.0,4.0,3.0,9.0,1,3.0,3,6,0.0,4.0,4,16.0,7,1,5,8.0,4.0,2.0,3,3,0.0,6.0,4,2,6,2,1,5.0,2026-07-17 21:15:14
2026-02-20,Friday,Weekday,188.0,11.0,4.0,8.0,2.0,0.0,4.0,1.0,7,2.0,8.0,4,9.0,9.0,0.0,2.0,9,2.0,4,1,4.0,1.0,11,1.0,2,0,6,15.0,1.0,0.0,4,6,18.0,0.0,7,2,2,1,12,8.0,2026-07-17 21:15:14
2026-02-21,Saturday,Weekend,224.0,1.0,15.0,0.0,3.0,10.0,35.0,4.0,11,15.0,0.0,1,0.0,10.0,5.0,0.0,4,3.0,7,9,1.0,4.0,1,7.0,7,8,0,4.0,11.0,8.0,11,1,2.0,3.0,4,2,4,7,5,1.0,2026-07-17 21:15:14
2026-02-22,Sunday,Weekend,401.0,31.0,6.0,7.0,34.0,1.0,6.0,15.0,4,11.0,30.0,3,3.0,3.0,5.0,1.0,2,17.0,8,3,29.0,15.0,4,14.0,9,13,3,2.0,3.0,1.0,6,4,0.0,16.0,10,5,43,26,1,7.0,2026-07-17 21:15:14
2026-02-23,Monday,Weekday,121.0,4.0,0.0,0.0,1.0,1.0,10.0,5.0,0,6.0,1.0,2,2.0,1.0,1.0,5.0,1,6.0,0,4,8.0,0.0,3,3.0,2,1,5,2.0,2.0,5.0,11,1,4.0,12.0,1,3,0,6,1,1.0,2026-07-17 21:15:14
2026-02-24,Tuesday,Weekday,417.0,8.0,12.0,5.0,9.0,34.0,16.0,10.0,25,18.0,15.0,22,15.0,4.0,4.0,0.0,0,11.0,6,10,21.0,5.0,0,7.0,0,6,6,8.0,3.0,3.0,3,8,4.0,7.0,1,14,87,1,8,1.0,2026-07-17 21:15:14
2026-02-25,Wednesday,Weekday,162.0,5.0,1.0,4.0,1.0,9.0,1.0,9.0,0,1.0,4.0,7,3.0,1.0,7.0,3.0,1,3.0,4,4,6.0,7.0,7,4.0,0,5,13,1.0,4.0,6.0,4,9,2.0,2.0,0,7,1,14,1,1.0,2026-07-17 21:15:14
2026-02-26,Thursday,Weekday,298.0,3.0,7.0,3.0,4.0,8.0,19.0,23.0,3,9.0,14.0,6,2.0,5.0,12.0,1.0,4,2.0,17,14,2.0,10.0,3,8.0,6,5,16,7.0,2.0,0.0,17,1,9.0,4.0,1,12,27,2,0,10.0,2026-07-17 21:15:14
2026-02-27,Friday,Weekday,240.0,4.0,4.0,3.0,3.0,2.0,3.0,1.0,7,3.0,14.0,14,12.0,6.0,2.0,3.0,5,8.0,1,35,0.0,6.0,4,5.0,4,0,29,19.0,4.0,2.0,1,0,4.0,4.0,2,4,13,0,3,6.0,2026-07-17 21:15:14
2026-02-28,Saturday,Weekend,597.0,33.0,12.0,10.0,16.0,108.0,22.0,2.0,9,19.0,18.0,7,4.0,11.0,6.0,6.0,25,5.0,13,24,11.0,8.0,0,13.0,69,23,11,6.0,3.0,16.0,3,21,5.0,5.0,2,7,21,4,11,8.0,2026-07-17 21:15:14
2026-03-01,Sunday,Weekend,556.0,6.0,5.0,29.0,0.0,27.0,6.0,15.0,10,1.0,80.0,1,3.0,8.0,38.0,5.0,12,9.0,4,17,9.0,14.0,2,35.0,1,14,31,1.0,0.0,5.0,19,13,20.0,5.0,65,7,26,6,3,4.0,2026-07-17 21:15:14
2026-03-02,Monday,Weekday,254.0,3.0,3.0,6.0,2.0,13.0,0.0,6.0,26,4.0,2.0,2,15.0,3.0,5.0,15.0,3,6.0,0,2,3.0,7.0,17,5.0,5,3,5,5.0,23.0,0.0,10,13,4.0,11.0,7,5,2,3,0,10.0,2026-07-17 21:15:14
2026-03-03,Tuesday,Weekday,232.0,3.0,7.0,1.0,9.0,5.0,1.0,4.0,17,3.0,6.0,3,5.0,2.0,3.0,5.0,9,2.0,6,8,2.0,4.0,5,3.0,3,9,25,1.0,13.0,5.0,3,10,11.0,1.0,3,11,7,2,14,1.0,2026-07-17 21:15:14
2026-03-04,Wednesday,Weekday,279.0,6.0,2.0,5.0,0.0,2.0,1.0,11.0,8,12.0,11.0,2,28.0,2.0,3.0,8.0,2,2.0,14,3,9.0,15.0,26,2.0,2,11,2,8.0,6.0,7.0,9,10,1.0,5.0,3,4,0,6,24,7.0,2026-07-17 21:15:14
2026-03-05,Thursday,Weekday,285.0,0.0,9.0,3.0,10.0,21.0,2.0,0.0,3,2.0,9.0,3,0.0,6.0,12.0,6.0,3,1.0,3,3,50.0,0.0,1,0.0,15,4,11,8.0,20.0,0.0,2,8,5.0,8.0,6,8,24,17,0,2.0,2026-07-17 21:15:14
2026-03-06,Friday,Weekday,484.0,9.0,6.0,3.0,9.0,62.0,0.0,18.0,3,11.0,10.0,6,27.0,46.0,6.0,12.0,12,0.0,0,17,5.0,6.0,55,0.0,3,23,5,11.0,0.0,33.0,3,2,3.0,7.0,18,3,4,7,39,0.0,2026-07-17 21:15:14
2026-03-07,Saturday,Weekend,463.0,7.0,11.0,19.0,16.0,2.0,6.0,1.0,13,1.0,0.0,5,38.0,14.0,0.0,4.0,0,3.0,13,18,18.0,29.0,5,21.0,15,10,37,31.0,25.0,2.0,2,21,4.0,14.0,11,18,0,6,16,7.0,2026-07-17 21:15:14
2026-03-08,Sunday,Weekend,588.0,15.0,16.0,1.0,3.0,28.0,1.0,6.0,41,10.0,51.0,7,15.0,4.0,1.0,64.0,2,2.0,25,25,52.0,1.0,1,9.0,11,0,3,19.0,17.0,1.0,35,4,27.0,32.0,8,7,5,25,3,11.0,2026-07-17 21:15:14
2026-03-09,Monday,Weekday,183.0,2.0,1.0,13.0,8.0,0.0,2.0,1.0,8,1.0,31.0,1,1.0,3.0,1.0,8.0,0,13.0,7,6,2.0,2.0,3,17.0,0,2,11,1.0,3.0,3.0,7,1,8.0,1.0,5,1,0,5,2,2.0,2026-07-17 21:15:14
2026-03-10,Tuesday,Weekday,250.0,4.0,5.0,1.0,2.0,9.0,0.0,8.0,13,10.0,6.0,6,0.0,19.0,6.0,3.0,3,8.0,7,1,3.0,7.0,3,5.0,1,0,3,11.0,1.0,8.0,8,3,22.0,12.0,5,6,2,19,13,7.0,2026-07-17 21:15:14
2026-03-11,Wednesday,Weekday,276.0,1.0,7.0,3.0,2.0,21.0,23.0,2.0,2,2.0,34.0,10,10.0,7.0,6.0,3.0,2,12.0,5,2,7.0,2.0,4,2.0,13,3,5,13.0,11.0,5.0,0,17,0.0,9.0,18,4,0,2,3,4.0,2026-07-17 21:15:14
2026-03-12,Thursday,Weekday,246.0,7.0,10.0,21.0,4.0,17.0,1.0,3.0,2,9.0,23.0,15,3.0,2.0,3.0,2.0,0,2.0,1,0,0.0,9.0,7,22.0,4,4,0,1.0,7.0,1.0,10,8,8.0,8.0,8,6,10,6,1,1.0,2026-07-17 21:15:14
2026-03-13,Friday,Weekday,257.0,3.0,1.0,16.0,3.0,0.0,3.0,13.0,3,1.0,8.0,6,10.0,11.0,9.0,0.0,0,29.0,1,3,9.0,6.0,4,1.0,0,8,1,5.0,9.0,16.0,15,11,3.0,15.0,7,14,0,0,3,10.0,2026-07-17 21:15:14
2026-03-14,Saturday,Weekend,352.0,5.0,23.0,4.0,1.0,29.0,12.0,9.0,26,25.0,8.0,25,7.0,15.0,4.0,5.0,9,5.0,1,10,10.0,2.0,3,0.0,1,7,3,38.0,3.0,1.0,8,3,1.0,16.0,11,1,11,1,4,5.0,2026-07-17 21:15:14
2026-03-15,Sunday,Weekend,326.0,14.0,10.0,17.0,2.0,11.0,0.0,15.0,4,1.0,5.0,4,14.0,1.0,8.0,12.0,13,23.0,0,4,5.0,0.0,15,12.0,6,5,21,2.0,4.0,26.0,1,11,9.0,17.0,1,28,0,3,1,1.0,2026-07-17 21:15:14
2026-03-16,Monday,Weekday,191.0,12.0,5.0,4.0,0.0,4.0,2.0,1.0,4,8.0,4.0,3,5.0,1.0,8.0,10.0,3,1.0,4,0,7.0,3.0,3,11.0,3,7,4,3.0,1.0,8.0,7,1,1.0,6.0,18,9,7,12,1,0.0,2026-07-17 21:15:14
2026-03-17,Tuesday,Weekday,305.0,3.0,29.0,19.0,0.0,12.0,0.0,14.0,4,24.0,0.0,13,6.0,4.0,7.0,5.0,4,9.0,11,0,8.0,12.0,0,10.0,20,13,0,10.0,16.0,6.0,6,2,2.0,6.0,1,4,5,1,5,14.0,2026-07-17 21:15:14
2026-03-18,Wednesday,Weekday,213.0,2.0,7.0,2.0,2.0,26.0,4.0,1.0,5,1.0,17.0,1,9.0,1.0,5.0,14.0,2,0.0,4,1,8.0,5.0,2,6.0,1,16,2,7.0,2.0,7.0,0,2,0.0,3.0,3,2,34,1,6,2.0,2026-07-17 21:15:14
2026-03-19,Thursday,Weekday,183.0,2.0,1.0,6.0,2.0,14.0,14.0,1.0,1,2.0,5.0,2,16.0,8.0,17.0,2.0,2,3.0,5,5,12.0,3.0,2,2.0,6,5,3,1.0,11.0,7.0,1,2,4.0,3.0,2,7,0,3,1,0.0,2026-07-17 21:15:14
2026-03-20,Friday,Weekday,403.0,3.0,0.0,0.0,4.0,50.0,9.0,2.0,5,5.0,3.0,2,2.0,6.0,11.0,7.0,38,2.0,42,8,2.0,23.0,7,5.0,2,2,40,2.0,43.0,5.0,2,2,5.0,1.0,9,2,22,16,2,12.0,2026-07-17 21:15:14
2026-03-21,Saturday,Weekend,547.0,30.0,14.0,8.0,9.0,49.0,5.0,8.0,4,10.0,2.0,7,9.0,5.0,3.0,16.0,41,7.0,6,7,44.0,11.0,3,23.0,3,1,6,4.0,21.0,11.0,21,10,9.0,12.0,10,1,34,65,9,9.0,2026-07-17 21:15:14
2026-03-22,Sunday,Weekend,391.0,0.0,18.0,30.0,17.0,2.0,19.0,0.0,5,6.0,22.0,15,15.0,20.0,5.0,16.0,1,5.0,0,22,28.0,1.0,8,5.0,3,6,1,2.0,9.0,0.0,10,3,14.0,8.0,9,1,4,54,4,3.0,2026-07-17 21:15:14
2026-03-23,Monday,Weekday,156.0,6.0,1.0,4.0,1.0,3.0,1.0,0.0,2,6.0,14.0,4,2.0,6.0,3.0,1.0,1,6.0,3,11,7.0,2.0,5,1.0,0,3,8,7.0,3.0,2.0,0,1,17.0,4.0,4,6,5,4,1,1.0,2026-07-17 21:15:14
2026-03-24,Tuesday,Weekday,308.0,16.0,3.0,14.0,14.0,20.0,0.0,1.0,4,14.0,23.0,0,4.0,14.0,1.0,27.0,5,20.0,4,4,4.0,18.0,4,8.0,5,21,3,4.0,1.0,7.0,4,0,11.0,3.0,4,3,8,0,10,2.0,2026-07-17 21:15:14
2026-03-25,Wednesday,Weekday,318.0,10.0,1.0,7.0,19.0,5.0,1.0,0.0,18,1.0,42.0,3,5.0,5.0,0.0,5.0,10,10.0,5,14,12.0,3.0,3,1.0,1,10,7,7.0,10.0,3.0,4,6,0.0,12.0,3,9,59,5,1,1.0,2026-07-17 21:15:14
2026-03-26,Thursday,Weekday,288.0,0.0,13.0,4.0,1.0,22.0,3.0,10.0,7,5.0,13.0,5,23.0,2.0,0.0,7.0,2,16.0,4,3,5.0,4.0,4,9.0,25,6,5,18.0,0.0,5.0,6,9,2.0,6.0,8,6,13,13,4,0.0,2026-07-17 21:15:14
2026-03-27,Friday,Weekday,264.0,1.0,11.0,10.0,10.0,29.0,8.0,7.0,7,1.0,31.0,5,2.0,2.0,13.0,2.0,0,5.0,12,3,9.0,12.0,13,6.0,10,2,0,4.0,0.0,4.0,0,1,10.0,6.0,8,3,5,4,4,4.0,2026-07-17 21:15:14
2026-03-28,Saturday,Weekend,642.0,4.0,5.0,12.0,9.0,48.0,27.0,8.0,10,73.0,51.0,4,6.0,1.0,22.0,6.0,15,23.0,36,8,5.0,34.0,9,31.0,4,46,13,3.0,16.0,35.0,10,3,14.0,33.0,2,1,2,4,0,9.0,2026-07-17 21:15:14
2026-03-29,Sunday,Weekend,658.0,14.0,17.0,17.0,5.0,33.0,12.0,30.0,11,3.0,24.0,4,41.0,18.0,23.0,20.0,1,10.0,19,4,20.0,26.0,5,3.0,39,0,5,7.0,18.0,94.0,6,35,5.0,14.0,4,11,41,7,1,11.0,2026-07-17 21:15:14
2026-03-30,Monday,Weekday,324.0,3.0,1.0,21.0,8.0,6.0,46.0,1.0,15,2.0,3.0,6,10.0,10.0,0.0,3.0,8,22.0,11,4,7.0,9.0,2,7.0,5,5,9,8.0,32.0,6.0,8,2,7.0,0.0,1,1,12,7,11,5.0,2026-07-17 21:15:14
2026-03-31,Tuesday,Weekday,282.0,6.0,3.0,12.0,2.0,9.0,1.0,16.0,13,13.0,3.0,11,10.0,0.0,3.0,2.0,11,2.0,3,0,6.0,0.0,19,0.0,0,10,28,21.0,2.0,3.0,7,0,6.0,5.0,8,25,5,10,3,4.0,2026-07-17 21:15:14
2026-04-15,Wednesday,Weekday,15.0,0.0,1.0,3.0,0.0,1.0,0.0,1.0,0,0.0,0.0,0,0.0,0.0,0.0,1.0,0,0.0,0,0,1.0,1.0,0,0.0,0,0,0,1.0,1.0,0.0,0,0,1.0,2.0,0,0,0,0,0,1.0,2026-07-17 21:15:14
2026-04-16,Thursday,Weekday,6.0,0.0,1.0,2.0,1.0,1.0,0.0,0.0,0,0.0,1.0,0,0.0,0.0,0.0,0.0,0,0.0,0,0,0.0,0.0,0,0.0,0,0,0,0.0,0.0,0.0,0,0,0.0,0.0,0,0,0,0,0,0.0,2026-07-17 21:15:14
2026-04-19,Sunday,Weekend,90.0,1.0,1.0,0.0,12.0,54.0,10.0,0.0,0,3.0,1.0,0,0.0,0.0,2.0,1.0,0,1.0,0,0,0.0,1.0,0,2.0,0,0,0,0.0,0.0,1.0,0,0,0.0,0.0,0,0,0,0,0,0.0,2026-07-17 21:15:14
2026-04-27,Monday,Weekday,2.0,0.0,0.0,0.0,0.0,2.0,0.0,0.0,0,0.0,0.0,0,0.0,0.0,0.0,0.0,0,0.0,0,0,0.0,0.0,0,0.0,0,0,0,0.0,0.0,0.0,0,0,0.0,0.0,0,0,0,0,0,0.0,2026-07-17 21:15:14
2026-04-28,Tuesday,Weekday,1.0,0.0,0.0,0.0,1.0,0.0,0.0,0.0,0,0.0,0.0,0,0.0,0.0,0.0,0.0,0,0.0,0,0,0.0,0.0,0,0.0,0,0,0,0.0,0.0,0.0,0,0,0.0,0.0,0,0,0,0,0,0.0,2026-07-17 21:15:14
2026-05-22,Friday,Weekday,2.0,0.0,0.0,0.0,0.0,0.0,1.0,0.0,0,0.0,1.0,0,0.0,0.0,0.0,0.0,0,0.0,0,0,0.0,0.0,0,0.0,0,0,0,0.0,0.0,0.0,0,0,0.0,0.0,0,0,0,0,0,0.0,2026-07-17 21:15:14
2026-06-30,Tuesday,Weekday,13.0,0.0,1.0,0.0,1.0,4.0,0.0,0.0,0,1.0,1.0,0,0.0,0.0,0.0,0.0,0,0.0,0,0,0.0,0.0,0,0.0,0,0,0,0.0,0.0,0.0,0,0,1.0,1.0,0,0,0,0,0,3.0,2026-07-17 21:15:14
2026-07-01,Wednesday,Weekday,3.0,0.0,0.0,0.0,3.0,0.0,0.0,0.0,0,0.0,0.0,0,0.0,0.0,0.0,0.0,0,0.0,0,0,0.0,0.0,0,0.0,0,0,0,0.0,0.0,0.0,0,0,0.0,0.0,0,0,0,0,0,0.0,2026-07-17 21:15:14
2026-07-03,Friday,Weekday,4.0,0.0,4.0,0.0,0.0,0.0,0.0,0.0,0,0.0,0.0,0,0.0,0.0,0.0,0.0,0,0.0,0,0,0.0,0.0,0,0.0,0,0,0,0.0,0.0,0.0,0,0,0.0,0.0,0,0,0,0,0,0.0,2026-07-17 21:15:14
2026-07-09,Thursday,Weekday,3.0,0.0,0.0,0.0,0.0,1.0,2.0,0.0,0,0.0,0.0,0,0.0,0.0,0.0,0.0,0,0.0,0,0,0.0,0.0,0,0.0,0,0,0,0.0,0.0,0.0,0,0,0.0,0.0,0,0,0,0,0,0.0,2026-07-17 21:15:14
2026-07-10,Friday,Weekday,13.0,0.0,0.0,0.0,0.0,0.0,0.0,0.0,0,0.0,0.0,0,1.0,3.0,9.0,0.0,0,0.0,0,0,0.0,0.0,0,0.0,0,0,0,0.0,0.0,0.0,0,0,0.0,0.0,0,0,0,0,0,0.0,2026-07-17 21:15:14
2026-07-17,Friday,Weekday,3.0,0.0,0.0,0.0,0.0,3.0,0.0,0.0,0,0.0,0.0,0,0.0,0.0,0.0,0.0,0,0.0,0,0,0.0,0.0,0,0.0,0,0,0,0.0,0.0,0.0,0,0,0.0,0.0,0,0,0,0,0,0.0,2026-07-17 21:15:14
